<?xml version="1.0" encoding="utf-8"?>
<COLLADA xmlns="http://www.collada.org/2005/11/COLLADASchema" version="1.4.1" xmlns:xsi="http://www.w3.org/2001/XMLSchema-instance">
  <asset>
    <contributor>
      <author>Blender User</author>
      <authoring_tool>Blender 4.5.6 LTS commit date:2026-01-19, commit time:19:36, hash:a78963ed6435</authoring_tool>
    </contributor>
    <created>2026-02-08T21:30:29</created>
    <modified>2026-02-08T21:30:29</modified>
    <unit name="meter" meter="1"/>
    <up_axis>Z_UP</up_axis>
  </asset>
  <library_effects>
    <effect id="mat_body__ALT-effect">
      <profile_COMMON>
        <newparam sid="COMMON6_png-surface">
          <surface type="2D">
            <init_from>COMMON6_png</init_from>
          </surface>
        </newparam>
        <newparam sid="COMMON6_png-sampler">
          <sampler2D>
            <source>COMMON6_png-surface</source>
          </sampler2D>
        </newparam>
        <technique sid="common">
          <lambert>
            <emission>
              <color sid="emission">0 0 0 1</color>
            </emission>
            <diffuse>
              <texture texture="COMMON6_png-sampler" texcoord="UVMap"/>
            </diffuse>
            <index_of_refraction>
              <float sid="ior">1.5</float>
            </index_of_refraction>
          </lambert>
        </technique>
      </profile_COMMON>
    </effect>
    <effect id="mat_tire-effect">
      <profile_COMMON>
        <newparam sid="COMMON2_png-surface">
          <surface type="2D">
            <init_from>COMMON2_png</init_from>
          </surface>
        </newparam>
        <newparam sid="COMMON2_png-sampler">
          <sampler2D>
            <source>COMMON2_png-surface</source>
          </sampler2D>
        </newparam>
        <technique sid="common">
          <lambert>
            <emission>
              <color sid="emission">0 0 0 1</color>
            </emission>
            <diffuse>
              <texture texture="COMMON2_png-sampler" texcoord="UVMap"/>
            </diffuse>
            <index_of_refraction>
              <float sid="ior">1.5</float>
            </index_of_refraction>
          </lambert>
        </technique>
      </profile_COMMON>
    </effect>
    <effect id="mat_mario_eye-effect">
      <profile_COMMON>
        <newparam sid="COMMON5_png-surface">
          <surface type="2D">
            <init_from>COMMON5_png</init_from>
          </surface>
        </newparam>
        <newparam sid="COMMON5_png-sampler">
          <sampler2D>
            <source>COMMON5_png-surface</source>
          </sampler2D>
        </newparam>
        <technique sid="common">
          <lambert>
            <emission>
              <color sid="emission">0 0 0 1</color>
            </emission>
            <diffuse>
              <texture texture="COMMON5_png-sampler" texcoord="UVMap"/>
            </diffuse>
            <index_of_refraction>
              <float sid="ior">1.5</float>
            </index_of_refraction>
          </lambert>
        </technique>
      </profile_COMMON>
    </effect>
    <effect id="mat_mario_body-effect">
      <profile_COMMON>
        <newparam sid="COMMON4_png-surface">
          <surface type="2D">
            <init_from>COMMON4_png</init_from>
          </surface>
        </newparam>
        <newparam sid="COMMON4_png-sampler">
          <sampler2D>
            <source>COMMON4_png-surface</source>
          </sampler2D>
        </newparam>
        <technique sid="common">
          <lambert>
            <emission>
              <color sid="emission">0 0 0 1</color>
            </emission>
            <diffuse>
              <texture texture="COMMON4_png-sampler" texcoord="UVMap"/>
            </diffuse>
            <index_of_refraction>
              <float sid="ior">1.5</float>
            </index_of_refraction>
          </lambert>
        </technique>
      </profile_COMMON>
    </effect>
    <effect id="mat_body-effect">
      <profile_COMMON>
        <newparam sid="COMMON1_png-surface">
          <surface type="2D">
            <init_from>COMMON1_png</init_from>
          </surface>
        </newparam>
        <newparam sid="COMMON1_png-sampler">
          <sampler2D>
            <source>COMMON1_png-surface</source>
          </sampler2D>
        </newparam>
        <technique sid="common">
          <lambert>
            <emission>
              <color sid="emission">0 0 0 1</color>
            </emission>
            <diffuse>
              <texture texture="COMMON1_png-sampler" texcoord="UVMap.001"/>
            </diffuse>
            <index_of_refraction>
              <float sid="ior">1.5</float>
            </index_of_refraction>
          </lambert>
        </technique>
      </profile_COMMON>
    </effect>
  </library_effects>
  <library_images>
    <image id="COMMON1_png" name="COMMON1_png">
      <init_from>COMMON1.png</init_from>
    </image>
    <image id="COMMON2_png" name="COMMON2_png">
      <init_from>COMMON2.png</init_from>
    </image>
    <image id="COMMON4_png" name="COMMON4_png">
      <init_from>COMMON4.png</init_from>
    </image>
    <image id="COMMON5_png" name="COMMON5_png">
      <init_from>COMMON5.png</init_from>
    </image>
    <image id="COMMON6_png" name="COMMON6_png">
      <init_from>COMMON6.png</init_from>
    </image>
  </library_images>
  <library_materials>
    <material id="mat_body__ALT-material" name="mat_body__ALT">
      <instance_effect url="#mat_body__ALT-effect"/>
    </material>
    <material id="mat_tire-material" name="mat_tire">
      <instance_effect url="#mat_tire-effect"/>
    </material>
    <material id="mat_mario_eye-material" name="mat_mario_eye">
      <instance_effect url="#mat_mario_eye-effect"/>
    </material>
    <material id="mat_mario_body-material" name="mat_mario_body">
      <instance_effect url="#mat_mario_body-effect"/>
    </material>
    <material id="mat_body-material" name="mat_body">
      <instance_effect url="#mat_body-effect"/>
    </material>
  </library_materials>
  <library_geometries>
    <geometry id="kart_body__ALT-mesh" name="kart_body__ALT">
      <mesh>
        <source id="kart_body__ALT-mesh-positions">
          <float_array id="kart_body__ALT-mesh-positions-array" count="1446">2.46069 -9.519121 -3.402421 -2.46069 -9.519121 -3.402421 3.28933 5.83298 -3.402421 -3.28933 5.83298 -3.402421 -3.03548 5.06839 -2.390468 -2.10015 -9.51913 -2.432903 3.03548 5.06839 -2.390468 2.10015 -9.51913 -2.432903 -3.28933 5.83298 -3.402421 -3.03548 5.06839 -2.390468 3.28933 5.83298 -3.402421 3.03548 5.06839 -2.390468 3.28933 5.83298 -3.402421 3.03548 5.06839 -2.390468 2.46069 -9.519121 -3.402421 2.10015 -9.51913 -2.432903 -2.10015 -9.51913 -2.432903 -3.03548 5.06839 -2.390468 -2.46069 -9.519121 -3.402421 -3.28933 5.83298 -3.402421 2.18766 4.14152 -0.7982299 3.1729 3.79397 0.1349899 2.3418 8.490221 2.21205 3.48076 9.134361 -0.1643199 3.12197 4.12839 -1.77766 2.18637 8.896591 0.71385 5.08601 8.5594 1.9539 4.03434 3.87166 -0.9198101 3.1729 3.79397 0.1349899 2.18766 4.14152 -0.7982299 2.71613 1.60206 -3.125726 3.12197 4.12839 -1.77766 3.12197 4.12839 -1.77766 4.03434 3.87166 -0.9198101 4.93058 8.965761 0.4556999 3.12197 4.12839 -1.77766 3.48076 9.134361 -0.1643199 3.79162 8.32163 2.83207 5.08601 8.5594 1.9539 2.3418 8.490221 2.21205 3.79162 8.32163 2.83207 2.18637 8.896591 0.71385 4.93058 8.965761 0.4556999 3.48076 9.134361 -0.1643199 2.08114 -3.99281 -2.926861 -2.08114 -3.99281 -2.926861 1.47904 -5.52486 0.3266299 -1.47904 -5.52486 0.3266299 -2.08114 -3.99281 -2.926861 -2.32694 -9.813321 -2.644843 -1.47904 -5.52486 0.3266299 2.08114 -3.99281 -2.926861 1.47904 -5.52486 0.3266299 2.32694 -9.813321 -2.644843 1.25674 3.85042 -2.631238 1.25674 5.69326 -2.614408 6.32121 4.77569 -1.9613 6.32121 4.77569 -1.9613 1.25674 4.81234 -1.37234 -2.13527 7.13232 -2.425979 -2.68429 8.19714 -1.47885 2.13527 7.13232 -2.425979 2.68429 8.19714 -1.47885 -2.79589 6.50416 -0.85288 2.79589 6.50416 -0.85288 -4.44059 6.60679 -2.614883 -3.40755 5.89131 -2.24826 -2.88641 7.59683 -0.5732601 -3.87797 7.30854 -3.533178 -2.89647 6.62191 -3.73266 -2.46672 1.73715 -3.450532 -4.10249 6.34432 -4.014071 -3.5548 1.7249 -3.621597 -3.76169 1.43947 -2.893355 2.88641 7.59683 -0.5732601 4.44059 6.60679 -2.614883 3.40755 5.89131 -2.24826 2.89647 6.62191 -3.73266 3.87797 7.30854 -3.533178 2.46672 1.73715 -3.450532 4.10249 6.34432 -4.014071 3.5548 1.7249 -3.621597 3.76169 1.43947 -2.893355 1.40866 -4.40652 2.00772 0 -4.45535 2.06744 1.53049 -5.20039 1.54718 0 -5.26441 1.59693 1.40866 -4.40652 2.00772 2.08149 -3.74853 0.9842601 0 -4.45535 2.06744 -1.40866 -4.40652 2.00772 -1.53049 -5.20039 1.54718 -1.40866 -4.40652 2.00772 0 -4.45535 2.06744 -2.08149 -3.74853 0.9842601 -2.08149 -3.74853 0.9842601 -2.08149 -3.74853 0.9842601 2.08149 -3.74853 0.9842601 -3.09488 -9.422731 -2.493391 3.09488 -9.42272 -2.493391 -3.09488 -9.422731 -2.493391 -2.89624 -10.6499 -1.25971 -2.26794 -10.0067 -1.17611 -3.36057 -10.4674 -3.370855 -2.50767 -11.0351 -2.11377 -3.76291 -10.0346 -2.606843 -1.92776 -10.4908 -2.09712 -2.76906 -9.86348 -3.426656 -2.02199 -11.1971 -1.67126 -2.20794 -10.7798 -0.80052 2.26794 -10.0067 -1.17611 2.20794 -10.7798 -0.80052 -3.09488 -9.422731 -2.493391 -4.77693 -6.78343 -2.508647 -5.85137 -6.81879 -2.602124 -5.94865 -6.8208 -3.557622 -3.7424 -10.1751 -3.576903 -3.23897 -9.357851 -3.844771 -4.94588 -6.78907 -3.81788 -5.85137 -6.81879 -2.602124 -4.77693 -6.78343 -2.508647 -5.94865 -6.8208 -3.557622 -4.94588 -6.78907 -3.81788 2.89624 -10.6499 -1.25971 3.76291 -10.0346 -2.606843 3.09488 -9.42272 -2.493391 2.50767 -11.0351 -2.11377 3.36057 -10.4674 -3.370855 1.92776 -10.4908 -2.09712 2.76906 -9.86348 -3.426656 2.02199 -11.1971 -1.67126 3.09488 -9.42272 -2.493391 4.77693 -6.78343 -2.508647 5.85137 -6.81879 -2.602124 5.94865 -6.8208 -3.557622 3.7424 -10.1751 -3.576903 3.23897 -9.357851 -3.844771 4.94588 -6.78907 -3.81788 5.85137 -6.81879 -2.602124 5.94865 -6.8208 -3.557622 4.77693 -6.78343 -2.508647 4.94588 -6.78907 -3.81788 4.77693 -6.78343 -2.508647 -3.09488 -9.422731 -2.493391 3.09488 -9.42272 -2.493391 -4.94588 -6.78907 -3.81788 -4.77693 -6.78343 -2.508647 0 -6.86904 -3.723394 2.76906 -9.86348 -3.426656 -2.76906 -9.86348 -3.426656 3.23897 -9.357851 -3.844771 -3.23897 -9.357851 -3.844771 1.92776 -10.4908 -2.09712 -1.92776 -10.4908 -2.09712 2.76906 -9.86348 -3.426656 -2.76906 -9.86348 -3.426656 3.23897 -9.357851 -3.844771 -3.23897 -9.357851 -3.844771 0 -6.86904 -3.723394 -2.26794 -10.0067 -1.17611 0 -10.2391 -1.30378 -1.53049 -5.20039 1.54718 0 -5.26441 1.59693 2.26794 -10.0067 -1.17611 1.53049 -5.20039 1.54718 2.67217 -9.91653 -1.8059 1.78497 -4.98855 1.13649 2.67217 -9.91653 -1.8059 3.09488 -9.42272 -2.493391 1.78497 -4.98855 1.13649 2.08149 -3.74853 0.9842601 -2.67217 -9.91653 -1.8059 -1.78497 -4.98854 1.13649 -2.08149 -3.74853 0.9842601 -3.09488 -9.422731 -2.493391 -1.78497 -4.98854 1.13649 -2.67217 -9.91653 -1.8059 1.78497 -4.98855 1.13649 2.08149 -3.74853 0.9842601 -2.08149 -3.74853 0.9842601 -1.78497 -4.98854 1.13649 -4.94588 -6.78907 -3.81788 3.23897 -9.357851 -3.844771 4.94588 -6.78907 -3.81788 4.77693 -6.78343 -2.508647 4.94588 -6.78907 -3.81788 -4.77693 -6.78343 -2.508647 -3.09488 -9.422731 -2.493391 4.77693 -6.78343 -2.508647 3.80241 -2.37923 -1.41039 5.49719 -2.50044 -2.674487 5.76992 -2.45538 -1.41039 4.00302 1.48598 -1.01139 3.80241 -2.37923 -1.41039 6.02608 1.55049 -1.01139 5.76992 -2.45538 -1.41039 3.48749 -2.37923 -1.64086 3.71223 1.48598 -1.26826 2.68527 -2.37923 -2.733006 2.8803 1.48598 -2.733006 6.02431 2.25839 -3.177932 5.61947 1.60542 -2.67178 6.56552 2.24923 -1.10097 6.02608 1.55049 -1.01139 6.12577 1.13903 -3.395406 6.4354 1.66467 -3.798877 7.17243 1.46924 -1.25997 6.66568 1.44339 -0.47438 6.42625 -2.51003 -0.9260202 5.76992 -2.45538 -1.41039 6.56242 1.15153 -1.7355 6.31691 -2.0072 -2.02772 6.90892 -2.43626 -1.6651 5.49719 -2.50044 -2.674487 5.91473 -3.10777 -3.182055 6.28128 -3.10082 -1.57738 6.33884 -2.51107 -3.766971 6.00927 -1.9898 -3.398023 -5.91473 -3.10777 -3.182055 -2.68527 -2.37923 -2.733006 -5.49719 -2.50044 -2.674487 6.33884 -2.51107 -3.766971 5.91473 -3.10777 -3.182055 -6.33884 -2.51107 -3.766971 6.00927 -1.9898 -3.398023 -6.00927 -1.9898 -3.398023 6.02431 2.25839 -3.177932 2.8803 1.48598 -2.733006 5.61947 1.60542 -2.67178 6.4354 1.66467 -3.798877 6.12577 1.13903 -3.395406 -6.4354 1.66467 -3.798877 -6.12577 1.13903 -3.395406 -6.02431 2.25839 -3.177932 6.12577 1.13903 -3.395406 6.56242 1.15153 -1.7355 6.00927 -1.9898 -3.398023 6.31691 -2.0072 -2.02772 6.12577 1.13903 -3.395406 6.00927 -1.9898 -3.398023 -6.12577 1.13903 -3.395406 -5.49719 -2.50044 -2.674487 -3.48749 -2.37923 -1.64086 -3.80241 -2.37923 -1.41039 -3.80241 -2.37923 -1.41039 -4.00302 1.48598 -1.01139 -5.76992 -2.45538 -1.41039 -6.02608 1.55049 -1.01139 -2.68527 -2.37923 -2.733006 -2.8803 1.48598 -2.733006 -3.48749 -2.37923 -1.64086 -3.71223 1.48598 -1.26826 -6.02431 2.25839 -3.177932 -6.56552 2.24923 -1.10097 -5.61947 1.60542 -2.67178 -6.02608 1.55049 -1.01139 -6.12577 1.13903 -3.395406 -7.17243 1.46924 -1.25997 -6.4354 1.66467 -3.798877 -6.66568 1.44339 -0.47438 -6.42625 -2.51003 -0.9260202 -5.76992 -2.45538 -1.41039 -6.56242 1.15153 -1.7355 -6.31691 -2.0072 -2.02772 -6.90892 -2.43626 -1.6651 -5.49719 -2.50044 -2.674487 -5.91473 -3.10777 -3.182055 -6.28128 -3.10082 -1.57738 -6.33884 -2.51107 -3.766971 -6.00927 -1.9898 -3.398023 -6.12577 1.13903 -3.395406 -6.00927 -1.9898 -3.398023 -6.56242 1.15153 -1.7355 -6.31691 -2.0072 -2.02772 -2.8803 1.48598 -2.733006 -5.61947 1.60542 -2.67178 2.68527 -2.37923 -2.733006 5.49719 -2.50044 -2.674487 -6.12577 1.13903 -3.395406 6.00927 -1.9898 -3.398023 -6.00927 -1.9898 -3.398023 3.71223 1.48598 -1.26826 5.61947 1.60542 -2.67178 2.8803 1.48598 -2.733006 -4.00302 1.48598 -1.01139 -5.61947 1.60542 -2.67178 -6.02608 1.55049 -1.01139 -3.71223 1.48598 -1.26826 -2.8803 1.48598 -2.733006 4.00302 1.48598 -1.01139 6.02608 1.55049 -1.01139 3.48749 -2.37923 -1.64086 2.68527 -2.37923 -2.733006 -5.76992 -2.45538 -1.41039 -2.68527 -2.37923 -2.733006 -1.25674 3.85042 -2.631238 -6.32121 4.77569 -1.9613 -1.25674 5.69326 -2.614408 -6.32121 4.77569 -1.9613 -1.25674 4.81234 -1.37234 2.37253 -5.77078 -3.191382 5.19615 -4.87386 -2.396484 1.779 -4.87902 -2.0314 2.37253 -3.94777 -3.191382 3.34955 -4.19455 -2.396622 3.34034 -4.87818 -1.79263 3.99537 -4.87818 -2.21907 3.34722 -5.54324 -2.396622 2.66662 -4.87818 -2.21688 -2.37253 -5.77078 -3.191382 -1.779 -4.87902 -2.0314 -5.19615 -4.87386 -2.396484 -2.37253 -3.94777 -3.191382 1.39256 -3.19606 1.71266 -1.38209 -3.19831 1.70099 -8.16913e-5 -2.2152 -0.56235 -1.38209 -3.11815 1.83042 1.39256 -3.1159 1.84209 -8.16913e-5 -2.13504 -0.43293 0.352429 -2.90455 1.18379 -0.352428 -2.90455 1.18379 0 -9.988031 -2.827055 0 -2.66181 0.6087201 0 -2.03379 -0.8069201 0 -2.51553 -0.42379 -2.06443 -2.38686 -0.03170013 -1.5435 -2.75212 0.12065 1.14536 -3.51525 1.98069 1.5435 -2.75212 0.12065 1.53074 -3.43037 2.40832 2.06443 -2.38686 -0.03170013 0 -3.69531 2.37018 1.14536 -3.51525 1.98069 0 -3.63317 2.9529 1.53074 -3.43037 2.40832 -1.5435 -2.75212 0.12065 -1.14536 -3.51525 1.98069 -2.06443 -2.38686 -0.03170013 -1.53074 -3.43037 2.40832 0 -2.00432 -0.18263 -1.54332 -2.24091 0.36181 1.14513 -3.00411 2.22146 1.54332 -2.24091 0.36181 0 -3.18417 2.61095 1.14513 -3.00411 2.22146 -1.54332 -2.24091 0.36181 -1.14513 -3.00411 2.22146 -1.5435 -2.75212 0.12065 0 -2.51553 -0.42379 1.14536 -3.51525 1.98069 1.5435 -2.75212 0.12065 0 -3.69531 2.37018 1.14536 -3.51525 1.98069 -1.5435 -2.75212 0.12065 -1.14536 -3.51525 1.98069 0.881155 -4.76868 -0.7508102 3.24104 -4.76868 -0.7508102 0.881155 -4.24701 -1.37409 3.24104 -4.24701 -1.37409 2.66477 -8.48271 -3.537644 2.06476 -5.20836 -1.55122 -2.18766 4.14152 -0.7982299 -2.3418 8.490221 2.21205 -3.1729 3.79397 0.1349899 -3.48076 9.134361 -0.1643199 -2.18637 8.896591 0.71385 -3.12197 4.12839 -1.77766 -5.08601 8.5594 1.9539 -4.03434 3.87166 -0.9198101 -3.1729 3.79397 0.1349899 -2.71613 1.60206 -3.125726 -2.18766 4.14152 -0.7982299 -3.12197 4.12839 -1.77766 -3.12197 4.12839 -1.77766 -4.03434 3.87166 -0.9198101 -4.93058 8.965761 0.4556999 -3.48076 9.134361 -0.1643199 -3.12197 4.12839 -1.77766 -3.79162 8.32163 2.83207 -5.08601 8.5594 1.9539 -3.79162 8.32163 2.83207 -2.3418 8.490221 2.21205 -2.18637 8.896591 0.71385 -4.93058 8.965761 0.4556999 -3.48076 9.134361 -0.1643199 1.61904 3.73781 -0.4119201 2.12558 4.43147 0.29722 -1.61904 3.73781 -0.4119201 -2.12558 4.43147 0.29722 1.63836 5.05605 -0.42992 -1.63836 5.05605 -0.42992 2.00221 2.53286 -2.481121 2.89191 3.31409 -2.4957 2.45258 4.1317 -2.541906 -2.00221 2.53286 -2.481121 -2.45258 4.1317 -2.541906 -2.89191 3.31409 -2.4957 -1.785 2.85952 -2.564459 1.785 2.85952 -2.564459 -1.785 2.85952 -0.4598901 1.785 2.85952 -0.4598901 -1.785 2.85952 -0.4598901 1.785 2.85952 -0.4598901 -1.785 5.86405 -0.4598901 1.785 5.86405 -0.4598901 -2.25968 6.83493 -1.63153 2.25968 6.83493 -1.63153 -1.785 5.73713 -3.367518 1.785 5.73713 -3.367518 2.25968 6.83493 -1.63153 1.785 2.85952 -0.4598901 1.785 2.85952 -2.564459 -1.785 2.85952 -0.4598901 -1.785 5.86405 -0.4598901 -2.25968 6.83493 -1.63153 1.785 5.73713 -3.367518 1.785 5.86405 -0.4598901 -1.785 2.85952 -2.564459 -1.785 5.73713 -3.367518 -1.785 5.86405 -0.4598901 1.785 5.86405 -0.4598901 -0.504625 3.41572 0.7848001 0.504625 3.41572 0.7848001 -0.504625 5.28719 0.7848001 0.504625 5.28719 0.7848001 -0.504625 5.28719 0.7848001 0.504625 5.28719 0.7848001 -0.820449 5.80646 -0.5578899 0.820449 5.80646 -0.5578899 0.820449 2.83302 -0.5578899 0.820449 5.80646 -0.5578899 0.504625 3.41572 0.7848001 0.504625 5.28719 0.7848001 -0.820449 5.80646 -0.5578899 -0.820449 2.83302 -0.5578899 -0.504625 5.28719 0.7848001 -0.504625 3.41572 0.7848001 -1.75724 -1.36047 -1.92651 1.74533 -1.36047 -1.92651 -2.86774 1.02169 -1.10775 2.84128 1.02169 -1.10775 -2.11705 1.63808 -2.442494 -2.86774 1.02169 -1.10775 -1.89063 2.94359 -2.442494 2.08155 3.63141 1.28199 -2.10801 3.63141 1.28199 -2.10801 3.63141 1.28199 2.08155 3.63141 1.28199 1.86418 2.94359 -2.442494 1.74533 -1.36047 -1.92651 -1.75724 -1.36047 -1.92651 1.59064 -1.11704 -2.442494 -1.6171 -1.11704 -2.442494 -2.86774 1.02169 -1.10775 -1.6171 -1.11704 -2.442494 -1.75724 -1.36047 -1.92651 2.15213 1.63808 -2.442494 2.84128 1.02169 -1.10775 1.59064 -1.11704 -2.442494 2.84128 1.02169 -1.10775 2.15213 1.63808 -2.442494 1.74533 -1.36047 -1.92651 -2.11705 1.63808 -2.442494 -3.34955 -4.19455 -2.396622 -3.99537 -4.87818 -2.21907 -3.34034 -4.87818 -1.79263 -3.34722 -5.54324 -2.396622 -2.66662 -4.87818 -2.21688 -0.881155 -4.76868 -0.7508102 -0.881155 -4.24701 -1.37409 -3.24104 -4.76868 -0.7508102 -3.24104 -4.24701 -1.37409 -2.66477 -8.48271 -3.537644 -2.06476 -5.20836 -1.55122 -1.53074 -3.43037 2.40832 -1.14513 -3.00411 2.22146 -1.14536 -3.51525 1.98069 -1.14536 -3.51525 1.98069 1.54332 -2.24091 0.36181 2.06443 -2.38686 -0.03170013 1.5435 -2.75212 0.12065 1.5435 -2.75212 0.12065</float_array>
          <technique_common>
            <accessor source="#kart_body__ALT-mesh-positions-array" count="482" stride="3">
              <param name="X" type="float"/>
              <param name="Y" type="float"/>
              <param name="Z" type="float"/>
            </accessor>
          </technique_common>
        </source>
        <source id="kart_body__ALT-mesh-normals">
          <float_array id="kart_body__ALT-mesh-normals-array" count="1374">0 0 -1 0 -0.002908945 0.9999958 0 -0.002908945 0.9999958 0 0.7978662 0.6028346 0 0.797866 0.602835 0.9596 -0.05692553 0.2755489 0.9595991 -0.05692571 0.2755524 0.9595804 -0.05693519 0.2756155 0.9595835 -0.05693006 0.2756058 -0.9595834 -0.05693173 0.2756057 -0.959599 -0.05692708 0.2755523 -0.9595804 -0.05693376 0.2756156 -0.9596001 -0.0569241 0.275549 -0.9951262 -0.0925346 -0.03407561 0.01069509 -0.6595934 0.7515467 -0.7717162 -0.3124132 0.5539424 -0.8467845 0.1773409 -0.5015041 -0.02775353 0.3291603 -0.9438662 -0.09662449 0.3116 -0.945288 0.8229399 -0.4060125 0.3973965 0.9511888 -0.26752 -0.1538606 0.7663729 0.07007074 -0.638563 -0.0278871 0.3291539 -0.9438645 -0.09661936 0.3115391 -0.9453086 0.01064902 -0.6596615 0.7514875 -0.9951249 -0.09256315 -0.03404009 -0.06147706 -0.8322122 -0.5510386 0.9511858 -0.2675274 -0.1538662 -0.02785861 0.3291321 -0.9438729 -0.02780944 0.3291323 -0.9438742 0.08775734 -0.5186213 0.8504885 2.92436e-4 0.9651368 0.2617464 2.92864e-4 0.9651352 0.2617523 2.95613e-4 0.9651369 0.2617455 2.9634e-4 0.9651349 0.261753 0 0.904712 0.4260236 0 0.9047122 0.4260234 -0.9774218 0.05120915 0.2049986 0.9774218 0.05120915 0.2049986 0.06510722 -0.9969432 0.04318827 0.06589579 0.9975824 0.02206861 0.07788604 -0.8685032 -0.4895262 0.07796847 -0.868503 -0.4895136 0.06518065 0.0116766 0.9978052 0.06513267 -0.9969423 0.04317218 0.06588447 0.997583 0.02207756 0.5356484 0.1499549 -0.8310201 -0.2732267 0.9561293 -0.1056604 -0.5356292 0.1499716 -0.8310295 -0.01616799 -0.8984027 0.438875 0.01616001 -0.8983963 0.4388884 0.819047 -0.05218321 -0.5713485 -0.1754547 0.7922053 -0.5844883 -0.9268951 0.1164514 0.3567977 -0.4841902 0.3291842 0.8106773 0.4842019 0.3291745 0.8106742 0.3481632 -0.4388666 0.8283589 -0.5027875 -0.2084304 0.8389049 0.9246901 -0.08576929 -0.3709337 -0.3667855 0.1483557 -0.9184002 -0.5423877 -0.1270161 -0.8304713 0.2732375 0.9561216 -0.1057011 0.9268951 0.1164513 0.3567977 0.175453 0.7922117 -0.5844801 0.3667855 0.1483521 -0.9184009 0.542338 -0.1270265 -0.8305022 -0.9247025 -0.08571988 -0.3709144 -0.8190503 -0.05218017 -0.571344 -0.3481907 -0.438877 0.8283419 0.5027847 -0.2084336 0.8389059 0.5265581 -0.3691032 0.7658325 -1.84251e-5 -0.4993631 0.8663929 0.5265982 -0.3690891 0.7658118 0.8688583 -0.1463788 0.4729254 0.8688119 -0.1463238 0.4730279 -4.66764e-7 -0.4993395 0.8664065 -0.5265557 -0.3690091 0.7658795 -0.5265726 -0.3690953 0.7658263 -0.8688159 -0.146322 0.4730212 -0.8688178 -0.1463173 0.4730192 -0.006424546 0.8430579 0.5377845 -0.006428182 0.8430585 0.5377835 -0.006428062 0.8430586 0.5377835 -0.006428122 0.8430586 0.5377835 0.006424546 0.8430579 0.5377845 0 0.5225528 -0.852607 -8.99525e-7 0.5225533 -0.8526065 -0.5960696 0.5192163 0.6124668 -0.74287 -0.2619761 0.6160461 -0.3757404 0.4552909 0.8071739 -0.7463263 -0.5163112 0.4200237 -0.1926091 -0.9428067 -0.2720612 -0.06467103 -0.7976309 -0.5996688 0.3550693 -0.5480079 -0.7573726 -0.09515666 -0.9810992 -0.1684921 0.09517234 -0.9810979 -0.1684907 -0.3550589 -0.5480093 -0.7573765 0.192612 -0.9428048 -0.2720659 0.06467097 -0.7976309 -0.5996688 0.7463259 -0.516312 0.4200235 0.5229793 -0.6332952 -0.5704646 0.6923706 -0.4490864 -0.5647516 0.6041721 -0.3933196 0.6930194 0.09573322 -0.05986768 0.9936051 0.09575772 -0.05987459 0.9936023 0.7428684 -0.2619779 0.6160472 0.5960723 0.5192137 0.6124663 0.3066349 -0.3483531 0.8857907 0.3757739 0.4552727 0.8071684 -0.3066268 -0.348349 0.8857952 0.4416143 -0.4946056 -0.7485601 0.0893048 -0.3326674 -0.9388062 -0.5229768 -0.633303 -0.5704584 -0.6923744 -0.4490806 -0.5647516 -0.6041574 -0.393342 0.6930195 -0.09573334 -0.05986732 0.9936051 -0.09575873 -0.05987513 0.9936022 -0.2473821 -0.1559798 -0.9562805 -0.03223562 0.9994802 3.99797e-4 -0.03230828 0.9994778 4.82787e-4 -0.03224849 0.9994798 4.15907e-4 -0.03229033 0.9994784 4.6099e-4 -0.4416493 -0.4945676 -0.7485645 -0.08930402 -0.3326688 -0.9388058 0.2473818 -0.1559802 -0.9562806 0.03223568 0.9994802 3.99748e-4 0.03224849 0.9994798 4.15707e-4 0.03230828 0.9994778 4.82602e-4 0.03225833 0.9994795 4.24981e-4 2.52156e-7 -0.002896547 0.9999959 5.77833e-7 -0.002896547 0.9999959 6.12345e-7 -0.002896547 0.9999959 0.01628893 0.9998468 -0.006409049 0.008146107 0.9992296 -0.03839141 -1.72498e-6 0.9996148 -0.02775508 -0.008145272 0.9992296 -0.03839123 -0.01628893 0.9998468 -0.006409108 0 -0.6372618 -0.7706475 0 -0.6372642 -0.7706454 0 -0.9043835 -0.4267207 0 -0.9043845 -0.4267185 -0.009733557 0.03606814 -0.999302 0.009747147 0.03605037 -0.9993025 -0.009742081 0.03606086 -0.9993022 0.01947361 0.02340328 -0.9995365 -0.009742677 0.03605556 -0.9993023 -0.009743869 0.03605651 -0.9993023 -0.01947361 0.02340328 -0.9995365 -0.5015941 -0.3692342 0.7823487 5.18653e-6 -0.4993388 0.8664068 -0.5015519 -0.3692658 0.7823607 -0.8544591 -0.147352 0.4981839 -0.8544483 -0.1473586 0.4982004 -2.1095e-5 -0.4993321 0.8664107 0.5015982 -0.3692405 0.7823432 0.5015445 -0.3692447 0.7823756 0.8544664 -0.1473453 0.4981732 0.8544584 -0.1473514 0.4981852 0.8704302 -0.1312713 0.4744671 0.8704317 -0.1312671 0.4744655 0.870417 -0.1312901 0.4744861 0.8704159 -0.1312937 0.4744871 -0.8704146 -0.1312925 0.4744901 -0.870431 -0.1312674 0.4744669 -0.8704164 -0.1312914 0.4744871 -0.8704295 -0.1312716 0.4744685 4.4331e-7 -0.002896606 0.9999958 -2.71713e-7 -0.002896606 0.9999958 1.48843e-7 -0.002896606 0.9999958 -0.03693705 -0.9982495 0.04619151 -0.03700476 -0.9982515 0.04609537 -0.03697031 -0.9982504 0.04614615 -0.03699541 -0.9982511 0.0461108 -0.04371041 -0.9985283 0.03210705 -0.3321619 -0.07641249 0.9401221 -0.3321974 -0.07639223 0.9401113 -2.60888e-4 -0.1008685 0.9948998 -0.7445248 -0.01187551 0.6674892 -0.7444873 -0.01189136 0.6675308 -0.842439 0.01978933 0.5384282 -0.8424557 0.0198037 0.5384016 -3.17652e-4 -0.1008368 0.994903 -0.01921367 0.9540084 0.2991635 -0.451696 0.702107 0.5504693 0.07977968 0.8736137 0.4800357 0.9912647 -0.09890979 -0.08724278 0.6070512 0.05447465 -0.7927934 0.469435 -0.7656949 -0.439707 0.6679975 -0.475584 -0.5723629 0.6967005 0.4624875 -0.5483739 0.995206 0.007839322 -0.09748601 0.1631676 0.2994799 0.9400469 -0.6878841 0.3855122 0.6149764 0.1438259 -0.4891405 0.860265 0.05412429 -0.9221755 0.3829659 -0.6787747 -0.4563262 0.5753532 -0.4409331 -0.7311496 0.520575 -0.02219814 -0.9626021 0.2700085 0.6028591 -0.07251137 -0.7945458 0.5152134 0.7363175 -0.438625 0.02221065 -0.9625913 0.2700458 0.02208602 -0.5937046 0.8043801 0.4408925 -0.731146 0.5206145 -0.0220828 -0.5936745 0.8044022 -0.0222221 -0.9625836 0.2700726 -0.6029168 -0.07245928 -0.7945069 0.6029009 -0.07248568 -0.7945165 -0.5152181 0.7363409 -0.43858 0.5152289 0.736328 -0.4385889 -0.01923865 0.9540063 0.2991685 -0.02245885 0.5660768 0.8240466 -0.4516739 0.7021067 0.5504879 0.01920276 0.9540087 0.2991634 0.02247029 0.5661118 0.8240222 0.4516801 0.7020965 0.5504959 0.6071042 0.05441778 -0.7927568 -0.607089 0.05444341 -0.7927667 0.4693979 -0.7657306 -0.4396843 -0.4694112 -0.7657158 -0.4396959 0.9701426 -0.04466718 -0.2383872 0.970146 -0.04467719 -0.2383711 0.9701501 -0.04468762 -0.2383522 0.9701484 -0.04468309 -0.2383603 0 6.93633e-5 -1 0 6.93633e-5 -1 0 6.93633e-5 -1 0.03934508 -0.9983692 0.04136323 0.03922402 -0.9983697 0.0414676 0.03923946 -0.9983705 0.0414341 0.03923135 -0.9983701 0.04145252 0.03923445 -0.9983703 0.04144299 0.3321601 -0.07639336 0.9401243 0.3321461 -0.07636862 0.9401314 -2.94655e-4 -0.1008498 0.9949017 0.7445142 -0.01188182 0.667501 0.7445068 -0.01188343 0.6675091 0.8424407 0.01979768 0.5384254 0.842438 0.01979458 0.5384296 -2.95431e-4 -0.1008493 0.9949018 0.01922613 0.9540119 0.2991518 -0.07975858 0.8736162 0.4800348 0.4517027 0.7020963 0.5504776 -0.9912651 -0.09891414 -0.087233 -0.6070515 0.05444806 -0.7927951 -0.4694311 -0.7657026 -0.4396976 -0.6679955 -0.4755856 -0.5723639 -0.6966996 0.4624875 -0.5483749 -0.9952054 0.007836997 -0.09749323 -0.515219 0.7363083 -0.4386336 -0.6028579 -0.0724554 -0.7945517 -0.05412423 -0.9221755 0.382966 0.02218586 -0.9625989 0.2700209 0.6787742 -0.4563262 0.5753538 0.4409411 -0.731138 0.5205845 -0.1438147 -0.4891402 0.8602669 0.6878841 0.3855111 0.614977 -0.1631675 0.2994799 0.9400469 -0.9701423 -0.04466825 -0.2383877 -0.9701502 -0.04468756 -0.2383522 -0.970146 -0.04467689 -0.238371 -0.9701486 -0.0446822 -0.2383599 -0.4409008 -0.7311337 0.5206247 0 6.93633e-5 -1 0 6.93633e-5 -1 0 6.93633e-5 -1 -0.03928327 0.998728 0.03161007 -0.03912037 0.9987272 0.03183716 -0.03911077 0.9987272 0.03185003 -0.03910958 0.9987273 0.03185063 -0.03910762 0.9987273 0.0318523 0.0331282 0.9986668 0.03959 0.03298956 0.998666 0.03972387 0.03291147 0.9986655 0.03980219 0.03297442 0.9986656 0.03974503 0.04410827 0.9987127 0.02505218 -0.0651201 -0.9969424 0.04318994 -0.07785296 -0.8685038 -0.4895306 -0.06588119 0.9975835 0.02206677 -0.07784354 -0.8685222 -0.4894993 -0.06513404 -0.9969423 0.04317218 -0.06518119 0.01167339 0.9978052 -0.0658847 0.997583 0.02207756 0.3738046 -0.8520721 -0.3663923 0.7929329 -0.02517426 0.6087888 0.1062437 -0.01004356 0.9942895 0.3801755 0.8537423 -0.3557958 0.008144915 0.6620222 0.74944 0.01065737 -0.007884263 0.9999122 0.5455832 -0.007151305 0.8380262 -0.5328549 -0.006052851 0.8461851 0.007695436 -0.6722454 0.7402884 -0.3738111 -0.85207 -0.3663905 -0.1062441 -0.01004356 0.9942894 -0.7929325 -0.02510839 0.6087919 -0.3801715 0.8537436 -0.3557969 0.002414524 -0.9177461 -0.3971604 -0.002414584 0.917747 0.3971585 0.8645827 -0.3042313 0.3999254 -0.8645831 -0.3042288 0.399926 -6.51926e-7 -0.8614597 -0.5078259 -3.2722e-6 0.4627863 -0.8864699 -8.36561e-7 0.404928 -0.9143486 -5.17368e-5 -0.9976484 0.06853944 -0.8909168 0.1636608 -0.4236538 0.3308184 0.7605187 0.5587223 1.02054e-5 0.602093 0.798426 4.53684e-5 -0.997648 0.06854563 0.3480613 -0.9191365 -0.1845037 -0.3308159 0.7605183 0.5587245 0.8909019 0.1636327 -0.4236958 -0.34803 -0.9191487 -0.1845017 0.3480037 -0.9191588 -0.1845011 -0.3522374 -0.6993011 -0.6220184 -0.3480244 -0.9191529 -0.1844915 0.7661296 -0.2886716 0.5742077 0.8908718 0.1637122 -0.4237285 -0.311367 0.9444646 0.1050586 -0.3308174 0.760555 0.5586734 -0.3522914 -0.6993463 -0.621937 -0.348038 -0.9191528 -0.1844663 0 -0.6049157 -0.7962895 -0.3522744 -0.6993018 -0.6219966 1.10092e-5 -0.4263688 0.9045494 -0.766103 -0.2887063 0.5742253 0.3522257 -0.699278 -0.622051 0.3113206 0.9444818 0.1050415 1.78069e-6 0.9987271 -0.05044174 0.766133 -0.2886427 0.5742174 -0.3113465 0.9444738 0.1050366 -0.3522023 -0.6992704 -0.6220728 4.3188e-5 -0.604859 -0.7963326 0.3521994 -0.6992707 -0.6220741 0.3480202 -0.9191468 -0.1845295 0.3522337 -0.6992746 -0.6220504 -0.8908651 0.1636742 -0.4237572 -0.7661372 -0.2886165 0.574225 0.3308581 0.7605273 0.5586871 0.3113616 0.9444691 0.1050333 0.3480342 -0.9191436 -0.1845192 0.3522835 -0.6993002 -0.6219933 -3.32536e-4 -0.1008612 0.9949005 0.3189594 -0.3553284 0.8786391 2.4346e-4 0.9407877 -0.3389963 -0.5239473 -0.6817691 -0.5105587 0.881883 -0.3474134 -0.318726 0.3739449 0.6691336 -0.6422036 0.9951275 -0.09252303 -0.03407239 0.7717167 -0.3124127 0.553942 -0.01068609 -0.659592 0.7515478 0.8468232 0.1759627 -0.5019242 0.02775365 0.3291673 -0.9438636 0.09662359 0.3116131 -0.9452837 -0.8229395 -0.4060149 0.3973945 -0.9511896 -0.2675177 -0.153859 -0.7663726 0.07006734 -0.6385639 0.0278933 0.3291273 -0.9438735 0.09661781 0.3115602 -0.9453018 -0.01065564 -0.6596632 0.7514858 0.06147712 -0.8322122 -0.5510386 0.9951242 -0.09256726 -0.03404581 -0.9511789 -0.26754 -0.153887 0.02785998 0.3292151 -0.943844 0.02780544 0.3291436 -0.9438704 -0.08775746 -0.5186202 0.8504891 1.8673e-4 0.9651364 0.2617475 1.86947e-4 0.9651366 0.261747 2.82489e-4 0.9651365 0.2617472 1.865e-4 0.9651362 0.261748 3.99588e-5 0.9651367 0.2617464 3.99589e-5 0.9651367 0.2617464 3.99588e-5 0.9651367 0.2617463 1.83018e-4 0.9651362 0.2617482 1.83018e-4 0.9651362 0.2617482 1.83018e-4 0.9651362 0.2617482 0.1755778 -0.7635259 0.6214504 0.7347577 -0.08652174 0.6727892 -0.17558 -0.7635264 0.6214492 0.4764486 -0.7356157 0.481525 0.9424734 -0.12676 0.3093152 0.8306678 0.5555362 0.03702157 0.4485791 0.8041024 0.3901232 -0.7347419 -0.0865578 0.6728018 -0.4764485 -0.7356156 0.4815253 -0.9424735 -0.1267604 0.3093144 -0.8306682 0.5555359 0.03701967 -0.4485798 0.8041037 0.3901197 -0.8528689 -0.5128417 -0.09802103 0.852869 -0.5128418 -0.09802097 -0.7346573 -0.4280872 0.526327 0.7346574 -0.4280872 0.526327 -0.7346386 -0.4280815 0.5263578 0.7346385 -0.4280815 0.5263578 -0.3950062 0.3281041 0.8580897 0.3949591 0.328161 0.8580897 -0.8932065 0.4428086 0.07811945 0.8931993 0.4428007 0.0782479 -0.6653352 0.5352867 -0.5203819 0.394954 0.328101 0.8581149 -0.3949986 0.3281256 0.8580849 0.6653339 0.5352835 -0.5203868 0.8932151 0.4427784 0.0781942 0.7346411 -0.4280706 0.526363 0.8528655 -0.5128425 -0.09804648 0.6652777 0.5353104 -0.5204311 0.3949228 0.3281736 0.8581015 -0.734641 -0.4280748 0.5263598 -0.39492 0.3281586 0.8581085 -0.8932156 0.44278 0.07817775 -0.8528662 -0.5128439 -0.09803426 -0.6652938 0.5353475 -0.5203724 1.40356e-7 -0.002924203 0.9999958 -1.39694e-7 -0.002924203 0.9999958 0 -0.002924203 0.9999958 0 -0.002924203 0.9999958 0 0.9326809 0.3607026 0 0.9326804 0.3607038 0.9734339 0 0.2289685 0.9734338 0 0.2289686 -0.9734339 0 0.2289686 -0.9734339 0 0.2289685 -0.6094701 -0.727159 0.3158891 0.606224 -0.7252452 0.3263616 -0.7838334 -0.4434269 0.4347159 0.7764042 -0.4412053 0.4500383 0.5324554 0.5031026 0.6807196 -0.5324569 0.5031017 0.680719 -0.7655367 0.1413848 -0.6276655 -0.7838299 -0.4434678 0.4346804 -0.4133555 0.679832 -0.6057769 -0.5324679 0.5031049 0.6807081 0.5324885 0.5030619 0.6807237 0.4113925 0.6859428 -0.6001989 0.776389 -0.4411829 0.4500866 0.7813706 0.144041 -0.607217 0.6061815 -0.7252419 0.326448 -0.6094737 -0.7271499 0.3159034 0.5905827 -0.745779 -0.3082625 -0.5885682 -0.7415921 -0.3219141 -0.783823 -0.4434808 0.4346795 -0.5885422 -0.7416198 -0.321898 -0.6094875 -0.7271458 0.3158861 -0.7655452 0.1413291 -0.6276676 0.7813804 0.1439716 -0.6072208 0.7763946 -0.4412015 0.4500585 0.5905289 -0.7458015 -0.3083112 0.6062423 -0.7252254 0.3263716 -0.008144915 0.6620223 0.74944 -0.545583 -0.007151305 0.8380263 -0.01065725 -0.007884442 0.9999122 0.532855 -0.006052851 0.846185 -0.007695436 -0.6722449 0.7402889 -2.77236e-4 -0.1008612 0.9949005 -2.33632e-5 0.9407877 -0.3389965 -0.3189513 -0.3553216 0.8786448 0.5239474 -0.6817693 -0.5105584 -0.8818908 -0.347456 -0.3186583 -0.3739672 0.669116 -0.6422091 -0.3479503 -0.9191834 -0.1844789</float_array>
          <technique_common>
            <accessor source="#kart_body__ALT-mesh-normals-array" count="458" stride="3">
              <param name="X" type="float"/>
              <param name="Y" type="float"/>
              <param name="Z" type="float"/>
            </accessor>
          </technique_common>
        </source>
        <source id="kart_body__ALT-mesh-map-0">
          <float_array id="kart_body__ALT-mesh-map-0-array" count="2352">0.04293286 0.952823 0.04293286 0.952823 0.04293286 0.952823 0.04293286 0.952823 0.04293286 0.952823 0.04293286 0.952823 0.04293286 0.952823 0.04293286 0.952823 0.04293286 0.952823 0.04293286 0.952823 0.04293286 0.952823 0.04293286 0.952823 0.04293286 0.952823 0.04293286 0.952823 0.04293286 0.952823 0.04293286 0.952823 0.04293286 0.952823 0.04293286 0.952823 0.04293286 0.952823 0.04293286 0.952823 0.04293286 0.952823 0.04293286 0.952823 0.04293286 0.952823 0.04293286 0.952823 0.04293286 0.952823 0.04293286 0.952823 0.04293286 0.952823 0.04293286 0.952823 0.04293286 0.952823 0.04293286 0.952823 0.04293286 0.952823 0.04293286 0.952823 0.04293286 0.952823 0.04293286 0.952823 0.04293286 0.952823 0.04293286 0.952823 0.04293286 0.952823 0.04293286 0.952823 0.04293286 0.952823 0.04293286 0.952823 0.04293286 0.952823 0.04293286 0.952823 0.04293286 0.952823 0.04293286 0.952823 0.04293286 0.952823 0.04293286 0.952823 0.04293286 0.952823 0.04293286 0.952823 0.04293286 0.952823 0.04293286 0.952823 0.04293286 0.952823 0.04293286 0.952823 0.04293286 0.952823 0.04293286 0.952823 0.04293286 0.952823 0.04293286 0.952823 0.04293286 0.952823 0.04293286 0.952823 0.04293286 0.952823 0.04293286 0.952823 0.04293286 0.952823 0.04293286 0.952823 0.04293286 0.952823 0.04293286 0.952823 0.04293286 0.952823 0.04293286 0.952823 0.04293286 0.952823 0.04293286 0.952823 0.04293286 0.952823 0.04293286 0.952823 0.04293286 0.952823 0.04293286 0.952823 0.04293286 0.952823 0.04293286 0.952823 0.04293286 0.952823 0.04293286 0.952823 0.04293286 0.952823 0.04293286 0.952823 0.04293286 0.952823 0.04293286 0.952823 0.04293286 0.952823 0.04293286 0.952823 0.04293286 0.952823 0.04293286 0.952823 0.04293286 0.952823 0.04293286 0.952823 0.04293286 0.952823 0.04293286 0.952823 0.04293286 0.952823 0.04293286 0.952823 0.04293286 0.952823 0.04293286 0.952823 0.04293286 0.952823 0.04293286 0.952823 0.04293286 0.952823 0.04293286 0.952823 0.04293286 0.952823 0.04293286 0.952823 0.04293286 0.952823 0.04293286 0.952823 0.04293286 0.952823 0.04293286 0.952823 0.04293286 0.952823 0.04293286 0.952823 0.04293286 0.952823 0.04293286 0.952823 0.04293286 0.952823 0.04293286 0.952823 0.04293286 0.952823 0.04293286 0.952823 0.04293286 0.952823 0.04293286 0.952823 0.04293286 0.952823 0.04293286 0.952823 0.04293286 0.952823 0.04293286 0.952823 0.04293286 0.952823 0.04293286 0.952823 0.04293286 0.952823 0.04293286 0.952823 0.04293286 0.952823 0.04293286 0.952823 0.04293286 0.952823 0.04293286 0.952823 0.04293286 0.952823 0.04293286 0.952823 0.04293286 0.952823 0.04293286 0.952823 0.04293286 0.952823 0.04293286 0.952823 0.04293286 0.952823 0.04293286 0.952823 0.04293286 0.952823 0.04293286 0.952823 0.04293286 0.952823 0.04293286 0.952823 0.04293286 0.952823 0.04293286 0.952823 0.04293286 0.952823 0.04293286 0.952823 0.04293286 0.952823 0.04293286 0.952823 0.04293286 0.952823 0.04293286 0.952823 0.04293286 0.952823 0.04293286 0.952823 0.04293286 0.952823 0.04293286 0.952823 0.04293286 0.952823 0.04293286 0.952823 0.04293286 0.952823 0.04293286 0.952823 0.04293286 0.952823 0.04293286 0.952823 0.04293286 0.952823 0.04293286 0.952823 0.04293286 0.952823 0.04293286 0.952823 0.04293286 0.952823 0.04293286 0.952823 0.04293286 0.952823 0.04293286 0.952823 0.04293286 0.952823 0.04293286 0.952823 0.04293286 0.952823 0.04293286 0.952823 0.04293286 0.952823 0.04293286 0.952823 0.04293286 0.952823 0.04293286 0.952823 0.04293286 0.952823 0.04293286 0.952823 0.04293286 0.952823 0.04293286 0.952823 0.04293286 0.952823 0.04293286 0.952823 0.04293286 0.952823 0.04293286 0.952823 0.04293286 0.952823 0.04293286 0.952823 0.04293286 0.952823 0.04293286 0.952823 0.04293286 0.952823 0.04293286 0.952823 0.04293286 0.952823 0.04293286 0.952823 0.04293286 0.952823 0.04293286 0.952823 0.04293286 0.952823 0.04293286 0.952823 0.04293286 0.952823 0.04293286 0.952823 0.04293286 0.952823 0.04293286 0.952823 0.04293286 0.952823 0.04293286 0.952823 0.04293286 0.952823 0.04293286 0.952823 0.04293286 0.952823 0.04293286 0.952823 0.04293286 0.952823 0.04293286 0.952823 0.04293286 0.952823 0.04293286 0.952823 0.04293286 0.952823 0.04293286 0.952823 0.04293286 0.952823 0.04293286 0.952823 0.04293286 0.952823 0.04293286 0.952823 0.04293286 0.952823 0.04293286 0.952823 0.04293286 0.952823 0.04293286 0.952823 0.04293286 0.952823 0.04293286 0.952823 0.04293286 0.952823 0.04293286 0.952823 0.04293286 0.952823 0.04293286 0.952823 0.04293286 0.952823 0.04293286 0.952823 0.04293286 0.952823 0.04293286 0.952823 0.04293286 0.952823 0.04293286 0.952823 0.04293286 0.952823 0.04293286 0.952823 0.04293286 0.952823 0.04293286 0.952823 0.04293286 0.952823 0.04293286 0.952823 0.04293286 0.952823 0.04293286 0.952823 0.04293286 0.952823 0.04293286 0.952823 0.04293286 0.952823 0.04293286 0.952823 0.04293286 0.952823 0.04293286 0.952823 0.04293286 0.952823 0.04293286 0.952823 0.04293286 0.952823 0.04293286 0.952823 0.04293286 0.952823 0.04293286 0.952823 0.04293286 0.952823 0.04293286 0.952823 0.04293286 0.952823 0.04293286 0.952823 0.04293286 0.952823 0.04293286 0.952823 0.04293286 0.952823 0.04293286 0.952823 0.04293286 0.952823 0.04293286 0.952823 0.04293286 0.952823 0.04293286 0.952823 0.04293286 0.952823 0.04293286 0.952823 0.04293286 0.952823 0.04293286 0.952823 0.04293286 0.952823 0.04293286 0.952823 0.04293286 0.952823 0.04293286 0.952823 0.04293286 0.952823 0.04293286 0.952823 0.04293286 0.952823 0.04293286 0.952823 0.04293286 0.952823 0.04293286 0.952823 0.04293286 0.952823 0.04293286 0.952823 0.04293286 0.952823 0.04293286 0.952823 0.04293286 0.952823 0.04293286 0.952823 0.04293286 0.952823 0.04293286 0.952823 0.04293286 0.952823 0.04293286 0.952823 0.04293286 0.952823 0.04293286 0.952823 0.04293286 0.952823 0.04293286 0.952823 0.04293286 0.952823 0.04293286 0.952823 0.04293286 0.952823 0.04293286 0.952823 0.04293286 0.952823 0.04293286 0.952823 0.04293286 0.952823 0.04293286 0.952823 0.04293286 0.952823 0.04293286 0.952823 0.04293286 0.952823 0.04293286 0.952823 0.04293286 0.952823 0.04293286 0.952823 0.04293286 0.952823 0.04293286 0.952823 0.04293286 0.952823 0.04293286 0.952823 0.04293286 0.952823 0.04293286 0.952823 0.04293286 0.952823 0.04293286 0.952823 0.04293286 0.952823 0.04293286 0.952823 0.04293286 0.952823 0.04293286 0.952823 0.04293286 0.952823 0.04293286 0.952823 0.04293286 0.952823 0.04293286 0.952823 0.04293286 0.952823 0.04293286 0.952823 0.04293286 0.952823 0.04293286 0.952823 0.04293286 0.952823 0.04293286 0.952823 0.04293286 0.952823 0.04293286 0.952823 0.04293286 0.952823 0.04293286 0.952823 0.04293286 0.952823 0.04293286 0.952823 0.04293286 0.952823 0.04293286 0.952823 0.04293286 0.952823 0.04293286 0.952823 0.04293286 0.952823 0.04293286 0.952823 0.04293286 0.952823 0.04293286 0.952823 0.04293286 0.952823 0.04293286 0.952823 0.04293286 0.952823 0.04293286 0.952823 0.04293286 0.952823 0.04293286 0.952823 0.04293286 0.952823 0.04293286 0.952823 0.04293286 0.952823 0.04293286 0.952823 0.04293286 0.952823 0.04293286 0.952823 0.04293286 0.952823 0.04293286 0.952823 0.04293286 0.952823 0.04293286 0.952823 0.04293286 0.952823 0.04293286 0.952823 0.04293286 0.952823 0.04293286 0.952823 0.04293286 0.952823 0.04293286 0.952823 0.04293286 0.952823 0.04293286 0.952823 0.04293286 0.952823 0.04293286 0.952823 0.04293286 0.952823 0.04293286 0.952823 0.04293286 0.952823 0.04293286 0.952823 0.04293286 0.952823 0.04293286 0.952823 0.04293286 0.952823 0.04293286 0.952823 0.04293286 0.952823 0.04293286 0.952823 0.04293286 0.952823 0.04293286 0.952823 0.04293286 0.952823 0.04293286 0.952823 0.04293286 0.952823 0.04293286 0.952823 0.04293286 0.952823 0.04293286 0.952823 0.04293286 0.952823 0.04293286 0.952823 0.04293286 0.952823 0.04293286 0.952823 0.04293286 0.952823 0.04293286 0.952823 0.04293286 0.952823 0.04293286 0.952823 0.04293286 0.952823 0.04293286 0.952823 0.04293286 0.952823 0.04293286 0.952823 0.04293286 0.952823 0.04293286 0.952823 0.04293286 0.952823 0.04293286 0.952823 0.04293286 0.952823 0.04293286 0.952823 0.04293286 0.952823 0.04293286 0.952823 0.04293286 0.952823 0.04293286 0.952823 0.04293286 0.952823 0.04293286 0.952823 0.04293286 0.952823 0.04293286 0.952823 0.04293286 0.952823 0.04293286 0.952823 0.04293286 0.952823 0.04293286 0.952823 0.04293286 0.952823 0.04293286 0.952823 0.04293286 0.952823 0.04293286 0.952823 0.04293286 0.952823 0.04293286 0.952823 0.04293286 0.952823 0.04293286 0.952823 0.04293286 0.952823 0.04293286 0.952823 0.04293286 0.952823 0.04293286 0.952823 0.04293286 0.952823 0.04293286 0.952823 0.04293286 0.952823 0.04293286 0.952823 0.04293286 0.952823 0.04293286 0.952823 0.04293286 0.952823 0.04293286 0.952823 0.04293286 0.952823 0.04293286 0.952823 0.04293286 0.952823 0.04293286 0.952823 0.04293286 0.952823 0.04293286 0.952823 0.04293286 0.952823 0.04293286 0.952823 0.04293286 0.952823 0.04293286 0.952823 0.04293286 0.952823 0.04293286 0.952823 0.04293286 0.952823 0.04293286 0.952823 0.04293286 0.952823 0.04293286 0.952823 0.04293286 0.952823 -0.09900838 -0.600632 0.5 -0.666966 0.09346491 1.00138 -0.09900838 -0.600632 0.09346491 1.00138 0.008078455 1.07684 -0.2126539 -0.543584 -0.09900838 -0.600632 0.008078455 1.07684 0.5 -0.666966 0.5 0.982102 0.09346491 1.00138 0.5 -0.666966 1.09901 -0.600632 0.5 0.982102 1.09901 -0.600632 0.906535 1.00138 0.5 0.982102 1.09901 -0.600632 1.21265 -0.543584 0.906535 1.00138 1.21265 -0.543584 0.991921 1.07684 0.906535 1.00138 0.04293286 0.952823 0.04293286 0.952823 0.04293286 0.952823 0.04293286 0.952823 0.04293286 0.952823 0.04293286 0.952823 0.04293286 0.952823 0.04293286 0.952823 0.04293286 0.952823 0.04293286 0.952823 0.04293286 0.952823 0.04293286 0.952823 0.04293286 0.952823 0.04293286 0.952823 0.04293286 0.952823 0.04293286 0.952823 0.04293286 0.952823 0.04293286 0.952823 0.04293286 0.952823 0.04293286 0.952823 0.04293286 0.952823 0.04293286 0.952823 0.04293286 0.952823 0.04293286 0.952823 0.04293286 0.952823 0.04293286 0.952823 0.04293286 0.952823 0.04293286 0.952823 0.04293286 0.952823 0.04293286 0.952823 0.04293286 0.952823 0.04293286 0.952823 0.04293286 0.952823 0.04293286 0.952823 0.04293286 0.952823 0.04293286 0.952823 0.04293286 0.952823 0.04293286 0.952823 0.04293286 0.952823 0.04293286 0.952823 0.04293286 0.952823 0.04293286 0.952823 0.04293286 0.952823 0.04293286 0.952823 0.04293286 0.952823 0.04293286 0.952823 0.04293286 0.952823 0.04293286 0.952823 0.04293286 0.952823 0.04293286 0.952823 0.04293286 0.952823 0.04293286 0.952823 0.04293286 0.952823 0.04293286 0.952823 0.04293286 0.952823 0.04293286 0.952823 0.04293286 0.952823 0.04293286 0.952823 0.04293286 0.952823 0.04293286 0.952823 0.04293286 0.952823 0.04293286 0.952823 0.04293286 0.952823 0.04293286 0.952823 0.04293286 0.952823 0.04293286 0.952823 0.04293286 0.952823 0.04293286 0.952823 0.04293286 0.952823 0.04293286 0.952823 0.04293286 0.952823 0.04293286 0.952823 0.04293286 0.952823 0.04293286 0.952823 0.04293286 0.952823 0.04293286 0.952823 0.04293286 0.952823 0.04293286 0.952823 0.04293286 0.952823 0.04293286 0.952823 0.04293286 0.952823 0.04293286 0.952823 0.04293286 0.952823 0.04293286 0.952823 0.04293286 0.952823 0.04293286 0.952823 0.04293286 0.952823 0.04293286 0.952823 0.04293286 0.952823 0.04293286 0.952823 0.04293286 0.952823 0.04293286 0.952823 0.04293286 0.952823 0.04293286 0.952823 0.04293286 0.952823 0.04293286 0.952823 0.04293286 0.952823 0.04293286 0.952823 0.04293286 0.952823 0.04293286 0.952823 0.04293286 0.952823 0.04293286 0.952823 0.04293286 0.952823 0.04293286 0.952823 0.04293286 0.952823 0.04293286 0.952823 0.04293286 0.952823 0.04293286 0.952823 0.04293286 0.952823 0.04293286 0.952823 0.04293286 0.952823 0.04293286 0.952823 0.04293286 0.952823 0.04293286 0.952823 0.04293286 0.952823 0.04293286 0.952823 0.04293286 0.952823 0.04293286 0.952823 0.04293286 0.952823 0.04293286 0.952823 0.04293286 0.952823 0.04293286 0.952823 0.04293286 0.952823 0.04293286 0.952823 0.04293286 0.952823 0.04293286 0.952823 0.04293286 0.952823 0.04293286 0.952823 0.04293286 0.952823 0.04293286 0.952823 0.04293286 0.952823 0.04293286 0.952823 0.04293286 0.952823 0.04293286 0.952823 0.04293286 0.952823 0.04293286 0.952823 0.04293286 0.952823 0.04293286 0.952823 0.04293286 0.952823 0.04293286 0.952823 0.04293286 0.952823 0.04293286 0.952823 0.04293286 0.952823 0.04293286 0.952823 0.04293286 0.952823 0.04293286 0.952823 0.04293286 0.952823 0.04293286 0.952823 0.04293286 0.952823 0.04293286 0.952823 0.04293286 0.952823 0.04293286 0.952823 0.04293286 0.952823 0.04293286 0.952823 0.04293286 0.952823 0.04293286 0.952823 0.04293286 0.952823 0.04293286 0.952823 0.04293286 0.952823 0.04293286 0.952823 0.04293286 0.952823 0.04293286 0.952823 0.04293286 0.952823 0.04293286 0.952823 0.04293286 0.952823 0.04293286 0.952823 0.04293286 0.952823 0.04293286 0.952823 0.04293286 0.952823 0.04293286 0.952823 0.04293286 0.952823 0.04293286 0.952823 0.04293286 0.952823 0.04293286 0.952823 0.04293286 0.952823 0.04293286 0.952823 0.04293286 0.952823 0.04293286 0.952823 0.04293286 0.952823 0.04293286 0.952823 0.04293286 0.952823 0.04293286 0.952823 0.04293286 0.952823 0.04293286 0.952823 0.04293286 0.952823 0.04293286 0.952823 0.04293286 0.952823 0.04293286 0.952823 0.04293286 0.952823 0.04293286 0.952823 0.04293286 0.952823 0.04293286 0.952823 0.04293286 0.952823 0.04293286 0.952823 0.04293286 0.952823 0.04293286 0.952823 0.04293286 0.952823 0.04293286 0.952823 0.04293286 0.952823 0.04293286 0.952823 0.04293286 0.952823 0.04293286 0.952823 0.04293286 0.952823 0.04293286 0.952823 0.04293286 0.952823 0.04293286 0.952823 0.04293286 0.952823 0.04293286 0.952823 0.04293286 0.952823 0.04293286 0.952823 0.04293286 0.952823 0.04293286 0.952823 0.04293286 0.952823 0.04293286 0.952823 0.04293286 0.952823 0.04293286 0.952823 0.04293286 0.952823 0.04293286 0.952823 0.04293286 0.952823 0.04293286 0.952823 0.04293286 0.952823 0.04293286 0.952823 0.04293286 0.952823 0.04293286 0.952823 0.04293286 0.952823 0.04293286 0.952823 0.04293286 0.952823 0.04293286 0.952823 0.04293286 0.952823 0.04293286 0.952823 0.04293286 0.952823 0.04293286 0.952823 0.04293286 0.952823 0.04293286 0.952823 0.04293286 0.952823 0.04293286 0.952823 0.04293286 0.952823 0.04293286 0.952823 0.04293286 0.952823 0.04293286 0.952823 0.04293286 0.952823 0.04293286 0.952823 0.04293286 0.952823 0.04293286 0.952823 0.04293286 0.952823 0.04293286 0.952823 0.04293286 0.952823 0.04293286 0.952823 0.04293286 0.952823 0.04293286 0.952823 0.04293286 0.952823 0.04293286 0.952823 0.04293286 0.952823 0.04293286 0.952823 0.04293286 0.952823 0.04293286 0.952823 0.04293286 0.952823 0.04293286 0.952823 0.04293286 0.952823 0.04293286 0.952823 0.04293286 0.952823 0.04293286 0.952823 0.04293286 0.952823 0.04293286 0.952823 0.04293286 0.952823 0.04293286 0.952823 0.04293286 0.952823 0.04293286 0.952823 0.04293286 0.952823 0.04293286 0.952823 0.04293286 0.952823 0.04293286 0.952823 0.04293286 0.952823 0.04293286 0.952823 0.04293286 0.952823 0.04293286 0.952823 0.04293286 0.952823 0.04293286 0.952823 0.04293286 0.952823 0.04293286 0.952823 0.04293286 0.952823 0.04293286 0.952823 0.04293286 0.952823 0.04293286 0.952823 0.04293286 0.952823 0.04293286 0.952823 0.04293286 0.952823 0.04293286 0.952823 0.04293286 0.952823 0.04293286 0.952823 0.04293286 0.952823 0.04293286 0.952823 0.04293286 0.952823 0.04293286 0.952823 0.04293286 0.952823 0.04293286 0.952823 0.04293286 0.952823 0.04293286 0.952823 0.04293286 0.952823 0.04293286 0.952823 0.04293286 0.952823 0.04293286 0.952823 0.04293286 0.952823 0.04293286 0.952823 0.04293286 0.952823 0.04293286 0.952823 0.04293286 0.952823 0.04293286 0.952823 0.04293286 0.952823 0.04293286 0.952823 0.04293286 0.952823 0.04293286 0.952823 0.04293286 0.952823 0.04293286 0.952823 0.04293286 0.952823 0.04293286 0.952823 0.04293286 0.952823 0.04293286 0.952823 0.04293286 0.952823 0.04293286 0.952823 0.04293286 0.952823 0.04293286 0.952823 0.04293286 0.952823 0.04293286 0.952823 0.04293286 0.952823 0.04293286 0.952823 0.04293286 0.952823 0.04293286 0.952823 0.04293286 0.952823 0.04293286 0.952823 0.04293286 0.952823 0.04293286 0.952823 0.04293286 0.952823 0.04293286 0.952823 0.04293286 0.952823 0.04293286 0.952823 0.04293286 0.952823 0.04293286 0.952823 0.04293286 0.952823 0.04293286 0.952823 0.04293286 0.952823 0.04293286 0.952823 0.04293286 0.952823 0.04293286 0.952823 0.04293286 0.952823 0.04293286 0.952823 0.04293286 0.952823 0.04293286 0.952823 0.04293286 0.952823 0.04293286 0.952823 0.04293286 0.952823 0.04293286 0.952823 0.04293286 0.952823 0.04293286 0.952823 0.04293286 0.952823 0.04293286 0.952823 0.04293286 0.952823 0.04293286 0.952823 0.04293286 0.952823 0.04293286 0.952823 0.04293286 0.952823 0.04293286 0.952823 0.04293286 0.952823 0.04293286 0.952823 0.04293286 0.952823 0.04293286 0.952823 0.04293286 0.952823 0.04293286 0.952823 0.04293286 0.952823 0.04293286 0.952823 0.04293286 0.952823 0.04293286 0.952823 0.04293286 0.952823 0.04293286 0.952823 0.04293286 0.952823 0.04293286 0.952823 0.04293286 0.952823 0.04293286 0.952823 0.04293286 0.952823 0.04293286 0.952823 0.04293286 0.952823 0.04293286 0.952823 0.04293286 0.952823 0.04293286 0.952823 0.04293286 0.952823 0.04293286 0.952823 0.04293286 0.952823 0.04293286 0.952823 0.04293286 0.952823 0.04293286 0.952823 0.04293286 0.952823 0.04293286 0.952823 0.04293286 0.952823 0.04293286 0.952823 0.04293286 0.952823 0.04293286 0.952823 0.04293286 0.952823 0.04293286 0.952823 0.04293286 0.952823 0.04293286 0.952823 0.04293286 0.952823 0.04293286 0.952823 0.04293286 0.952823 0.04293286 0.952823 0.04293286 0.952823 0.04293286 0.952823 0.04293286 0.952823 0.04293286 0.952823 0.04293286 0.952823 0.04293286 0.952823 0.04293286 0.952823 0.04293286 0.952823 0.04293286 0.952823 0.04293286 0.952823 0.04293286 0.952823 0.04293286 0.952823 0.04293286 0.952823 0.04293286 0.952823 0.04293286 0.952823 0.04293286 0.952823 0.04293286 0.952823 0.04293286 0.952823 0.04293286 0.952823 0.04293286 0.952823 0.04293286 0.952823 0.04293286 0.952823 0.04293286 0.952823 0.04293286 0.952823 0.04293286 0.952823 0.04293286 0.952823 0.04293286 0.952823 0.04293286 0.952823 0.04293286 0.952823 0.04293286 0.952823 0.04293286 0.952823 0.04293286 0.952823 0.04293286 0.952823 0.04293286 0.952823 0.04293286 0.952823 0.04293286 0.952823 0.04293286 0.952823 0.04293286 0.952823 0.04293286 0.952823 0.04293286 0.952823 0.04293286 0.952823 0.04293286 0.952823 0.04293286 0.952823 0.04293286 0.952823 0.04293286 0.952823 0.04293286 0.952823 0.04293286 0.952823 0.04293286 0.952823 0.04293286 0.952823 0.04293286 0.952823 0.04293286 0.952823 0.04293286 0.952823 0.04293286 0.952823 0.04293286 0.952823 0.04293286 0.952823 0.04293286 0.952823 0.04293286 0.952823 0.04293286 0.952823 0.04293286 0.952823 0.04293286 0.952823 0.04293286 0.952823 0.04293286 0.952823 0.04293286 0.952823 0.04293286 0.952823 0.04293286 0.952823 0.04293286 0.952823 0.04293286 0.952823 0.04293286 0.952823 0.04293286 0.952823 0.04293286 0.952823 0.04293286 0.952823 0.04293286 0.952823 0.04293286 0.952823 0.04293286 0.952823 0.04293286 0.952823 0.04293286 0.952823 0.04293286 0.952823 0.04293286 0.952823 0.04293286 0.952823 0.04293286 0.952823 0.04293286 0.952823 0.04293286 0.952823 0.04293286 0.952823 0.04293286 0.952823 0.04293286 0.952823 0.04293286 0.952823 0.04293286 0.952823 0.04293286 0.952823 0.04293286 0.952823 0.04293286 0.952823 0.04293286 0.952823 0.04293286 0.952823 0.04293286 0.952823 0.04293286 0.952823 0.04293286 0.952823 0.04293286 0.952823 0.04293286 0.952823 0.04293286 0.952823 0.04293286 0.952823 0.04293286 0.952823 0.04293286 0.952823 0.04293286 0.952823 0.04293286 0.952823 0.04293286 0.952823 0.04293286 0.952823 0.04293286 0.952823 0.04293286 0.952823 0.04293286 0.952823 0.04293286 0.952823 0.04293286 0.952823 0.04293286 0.952823 0.04293286 0.952823 0.04293286 0.952823 0.04293286 0.952823 0.04293286 0.952823 0.04293286 0.952823 0.04293286 0.952823 0.04293286 0.952823 0.04293286 0.952823 0.04293286 0.952823 0.04293286 0.952823 0.04293286 0.952823 0.04293286 0.952823 0.04293286 0.952823 0.04293286 0.952823 0.04293286 0.952823 0.04293286 0.952823 0.04293286 0.952823 0.04293286 0.952823 0.04293286 0.952823 0.04293286 0.952823 0.04293286 0.952823 0.04293286 0.952823 0.04293286 0.952823 0.04293286 0.952823 0.04293286 0.952823 0.04293286 0.952823 0.04293286 0.952823 0.04293286 0.952823 0.04293286 0.952823 0.04293286 0.952823 0.04293286 0.952823 0.04293286 0.952823 0.04293286 0.952823 0.04293286 0.952823 0.04293286 0.952823 0.04293286 0.952823 0.04293286 0.952823 0.04293286 0.952823 0.04293286 0.952823 0.04293286 0.952823 0.04293286 0.952823 0.04293286 0.952823 0.04293286 0.952823 0.04293286 0.952823 0.04293286 0.952823 0.04293286 0.952823 0.04293286 0.952823 0.04293286 0.952823 0.04293286 0.952823 0.04293286 0.952823 0.04293286 0.952823 0.04293286 0.952823 0.04293286 0.952823 0.04293286 0.952823 0.04293286 0.952823 0.04293286 0.952823 0.04293286 0.952823 0.04293286 0.952823 0.04293286 0.952823 0.04293286 0.952823 0.04293286 0.952823 0.04293286 0.952823 0.04293286 0.952823 0.04293286 0.952823 0.04293286 0.952823 0.04293286 0.952823 0.04293286 0.952823 0.04293286 0.952823 0.04293286 0.952823 0.04293286 0.952823 0.04293286 0.952823 0.04293286 0.952823 0.04293286 0.952823 0.04293286 0.952823 0.04293286 0.952823 0.04293286 0.952823 0.04293286 0.952823 0.04293286 0.952823 0.04293286 0.952823 0.04293286 0.952823 0.04293286 0.952823 0.04293286 0.952823 0.04293286 0.952823 0.04293286 0.952823 0.04293286 0.952823 0.04293286 0.952823 0.04293286 0.952823 0.04293286 0.952823 0.04293286 0.952823 0.04293286 0.952823 0.04293286 0.952823 0.04293286 0.952823 0.04293286 0.952823 0.04293286 0.952823 0.04293286 0.952823 0.04293286 0.952823 0.04293286 0.952823 0.04293286 0.952823 0.04293286 0.952823 0.04293286 0.952823 0.04293286 0.952823 0.04293286 0.952823 0.04293286 0.952823 0.04293286 0.952823 0.04293286 0.952823 0.04293286 0.952823 0.04293286 0.952823 0.04293286 0.952823 0.04293286 0.952823 0.04293286 0.952823 0.04293286 0.952823 0.04293286 0.952823 0.04293286 0.952823 0.04293286 0.952823 0.04293286 0.952823 0.04293286 0.952823 0.04293286 0.952823 0.04293286 0.952823 0.04293286 0.952823 0.04293286 0.952823 0.04293286 0.952823 0.04293286 0.952823 0.04293286 0.952823 0.04293286 0.952823 0.04293286 0.952823 0.04293286 0.952823 0.04293286 0.952823 0.04293286 0.952823 0.04293286 0.952823 0.04293286 0.952823 0.04293286 0.952823 0.04293286 0.952823 0.04293286 0.952823 0.04293286 0.952823 0.04293286 0.952823 0.04293286 0.952823 0.04293286 0.952823 0.04293286 0.952823 0.04293286 0.952823 0.04293286 0.952823 0.04293286 0.952823 0.04293286 0.952823 0.04293286 0.952823 0.04293286 0.952823 0.04293286 0.952823 0.04293286 0.952823 0.04293286 0.952823 0.04293286 0.952823 0.04293286 0.952823 0.04293286 0.952823 0.04293286 0.952823 0.04293286 0.952823 0.04293286 0.952823 0.04293286 0.952823 0.04293286 0.952823 0.04293286 0.952823 0.04293286 0.952823 0.04293286 0.952823 0.04293286 0.952823 0.04293286 0.952823 0.04293286 0.952823 0.04293286 0.952823 0.04293286 0.952823 0.04293286 0.952823 0.04293286 0.952823 0.04293286 0.952823 0.04293286 0.952823 0.04293286 0.952823 0.04293286 0.952823 0.04293286 0.952823 0.04293286 0.952823 0.04293286 0.952823 0.04293286 0.952823 0.04293286 0.952823 0.04293286 0.952823 0.04293286 0.952823 0.04293286 0.952823 0.04293286 0.952823 0.04293286 0.952823 0.04293286 0.952823 0.04293286 0.952823 0.04293286 0.952823 0.04293286 0.952823 0.04293286 0.952823 0.04293286 0.952823 0.04293286 0.952823 0.04293286 0.952823 0.04293286 0.952823 0.04293286 0.952823 0.04293286 0.952823</float_array>
          <technique_common>
            <accessor source="#kart_body__ALT-mesh-map-0-array" count="1176" stride="2">
              <param name="S" type="float"/>
              <param name="T" type="float"/>
            </accessor>
          </technique_common>
        </source>
        <vertices id="kart_body__ALT-mesh-vertices">
          <input semantic="POSITION" source="#kart_body__ALT-mesh-positions"/>
        </vertices>
        <triangles material="mat_body__ALT-material" count="392">
          <input semantic="VERTEX" source="#kart_body__ALT-mesh-vertices" offset="0"/>
          <input semantic="NORMAL" source="#kart_body__ALT-mesh-normals" offset="1"/>
          <input semantic="TEXCOORD" source="#kart_body__ALT-mesh-map-0" offset="2" set="0"/>
          <p>0 0 0 1 0 1 2 0 2 1 0 3 3 0 4 2 0 5 4 1 6 5 1 7 6 1 8 5 2 9 7 2 10 6 2 11 8 3 12 9 3 13 10 3 14 9 4 15 11 4 16 10 4 17 12 5 18 13 6 19 14 7 20 13 6 21 15 8 22 14 7 23 16 9 24 17 10 25 18 11 26 17 10 27 19 12 28 18 11 29 20 13 30 21 14 31 22 15 32 20 13 33 22 15 34 25 16 35 25 16 36 24 17 37 20 13 38 23 18 39 24 17 40 25 16 41 26 19 42 21 14 43 27 20 44 27 20 45 34 21 46 26 19 47 27 20 48 35 22 49 34 21 50 34 21 51 35 22 52 36 23 53 28 24 54 29 25 55 30 26 56 33 27 57 28 24 58 30 26 59 32 28 60 33 27 61 30 26 62 29 25 63 31 29 64 30 26 65 37 30 66 21 14 67 26 19 68 22 15 69 21 14 70 37 30 71 38 31 72 39 31 73 40 31 74 39 32 75 38 32 76 41 32 77 38 33 78 42 33 79 41 33 80 43 34 81 41 34 82 42 34 83 44 35 84 45 35 85 46 35 86 45 36 87 47 36 88 46 36 89 48 37 90 49 37 91 50 37 92 51 38 93 52 38 94 53 38 95 54 39 96 55 40 97 56 41 98 57 42 99 58 43 100 54 44 101 57 42 102 55 45 103 58 43 104 59 46 105 60 47 106 61 48 107 59 46 108 61 48 109 64 49 110 63 50 111 59 46 112 64 49 113 59 46 114 63 50 115 69 51 116 59 46 117 69 51 118 68 52 119 60 47 120 59 46 121 68 52 122 65 53 123 60 47 124 68 52 125 60 47 126 65 53 127 67 54 128 67 54 129 74 55 130 60 47 131 64 49 132 74 55 133 67 54 134 63 50 135 64 49 136 67 54 137 67 54 138 65 53 139 63 50 140 65 53 141 66 56 142 63 50 143 66 56 144 65 53 145 73 57 146 66 56 147 73 57 148 70 58 149 66 56 150 70 58 151 69 51 152 69 51 153 63 50 154 66 56 155 70 58 156 71 59 157 69 51 158 70 58 159 72 60 160 71 59 161 71 59 162 72 60 163 65 53 164 65 53 165 68 52 166 71 59 167 71 59 168 68 52 169 69 51 170 60 47 171 62 61 172 61 48 173 74 55 174 62 61 175 60 47 176 62 61 177 74 55 178 75 62 179 75 62 180 78 63 181 62 61 182 75 62 183 80 64 184 78 63 185 80 64 186 75 62 187 81 65 188 79 66 189 80 64 190 81 65 191 79 66 192 77 67 193 80 64 194 76 68 195 77 67 196 79 66 197 77 67 198 76 68 199 64 49 200 61 48 201 77 67 202 64 49 203 77 67 204 61 48 205 78 63 206 80 64 207 77 67 208 78 63 209 78 63 210 61 48 211 62 61 212 72 60 213 73 57 214 65 53 215 75 62 216 64 49 217 76 68 218 74 55 219 64 49 220 75 62 221 75 62 222 82 69 223 81 65 224 76 68 225 82 69 226 75 62 227 76 68 228 79 66 229 82 69 230 83 70 231 84 71 232 85 72 233 178 73 234 83 70 235 85 72 236 177 74 237 178 73 238 85 72 239 84 71 240 86 75 241 85 72 242 84 71 243 90 76 244 86 75 245 90 76 246 91 77 247 86 75 248 180 78 249 91 77 250 90 76 251 179 79 252 180 78 253 90 76 254 87 80 255 88 80 256 89 80 257 95 81 258 89 82 259 88 83 260 92 84 261 93 84 262 94 84 263 96 85 264 97 85 265 98 85 266 97 86 267 99 86 268 98 86 269 100 87 270 101 88 271 102 89 272 100 87 273 105 90 274 101 88 275 105 90 276 104 91 277 101 88 278 103 92 279 104 91 280 105 90 281 104 91 282 103 92 283 106 93 284 106 93 285 108 94 286 104 91 287 130 95 288 108 94 289 106 93 290 128 96 291 130 95 292 106 93 293 128 96 294 126 97 295 130 95 296 126 97 297 128 96 298 127 98 299 124 99 300 126 97 301 127 98 302 135 100 303 124 99 304 127 98 305 124 99 306 135 100 307 134 101 308 133 102 309 124 99 310 134 101 311 124 99 312 133 102 313 132 103 314 131 104 315 124 99 316 132 103 317 123 105 318 124 99 319 125 106 320 123 105 321 126 97 322 124 99 323 126 97 324 123 105 325 130 95 326 123 105 327 111 107 328 130 95 329 110 108 330 111 107 331 123 105 332 109 109 333 111 107 334 110 108 335 102 89 336 109 109 337 110 108 338 102 89 339 101 88 340 109 109 341 101 88 342 108 94 343 109 109 344 104 91 345 108 94 346 101 88 347 109 109 348 108 94 349 111 107 350 108 94 351 130 95 352 111 107 353 103 92 354 107 110 355 106 93 356 117 111 357 107 110 358 103 92 359 117 111 360 103 92 361 116 112 362 116 112 363 115 113 364 117 111 365 115 113 366 116 112 367 105 90 368 114 114 369 115 113 370 105 90 371 113 115 372 114 114 373 105 90 374 112 116 375 113 115 376 105 90 377 116 112 378 103 92 379 105 90 380 115 113 381 118 117 382 117 111 383 119 118 384 120 119 385 121 120 386 120 119 387 122 121 388 121 120 389 128 96 390 129 122 391 127 98 392 136 123 393 127 98 394 129 122 395 136 123 396 135 100 397 127 98 398 135 100 399 136 123 400 134 101 401 136 123 402 137 124 403 134 101 404 138 125 405 139 126 406 140 127 407 139 126 408 141 128 409 140 127 410 123 105 411 125 106 412 110 108 413 142 129 414 143 130 415 144 131 416 145 132 417 146 133 418 147 134 419 147 134 420 146 133 421 184 135 422 147 134 423 184 135 424 185 136 425 148 137 426 149 137 427 150 137 428 149 138 429 151 138 430 150 138 431 152 139 432 153 139 433 154 139 434 153 140 435 155 140 436 154 140 437 156 141 438 157 142 439 158 143 440 158 143 441 157 142 442 181 144 443 182 145 444 158 146 445 183 147 446 159 148 447 160 149 448 161 150 449 159 148 450 161 150 451 172 151 452 171 152 453 159 148 454 172 151 455 160 149 456 162 153 457 161 150 458 160 149 459 163 154 460 162 153 461 163 154 462 164 155 463 162 153 464 163 154 465 165 156 466 164 155 467 165 156 468 166 157 469 164 155 470 167 158 471 168 159 472 169 160 473 168 159 474 170 161 475 169 160 476 173 162 477 174 163 478 175 164 479 174 163 480 176 165 481 175 164 482 186 166 483 187 167 484 188 168 485 189 169 486 190 170 487 191 171 488 291 172 489 190 170 490 189 169 491 292 173 492 190 170 493 291 172 494 192 174 495 193 175 496 194 176 497 193 175 498 192 174 499 197 177 500 196 178 501 193 175 502 197 177 503 196 178 504 197 177 505 198 179 506 197 177 507 199 180 508 198 179 509 193 175 510 195 181 511 194 176 512 200 182 513 201 183 514 202 184 515 200 182 516 202 184 517 206 185 518 205 186 519 200 182 520 206 185 521 204 187 522 205 186 523 206 185 524 204 187 525 206 185 526 210 188 527 210 188 528 206 185 529 211 189 530 206 185 531 212 190 532 211 189 533 206 185 534 207 191 535 212 190 536 202 184 537 207 191 538 206 185 539 203 192 540 207 191 541 202 184 542 201 183 543 203 192 544 202 184 545 207 191 546 203 192 547 208 193 548 207 191 549 208 193 550 212 190 551 208 193 552 215 194 553 212 190 554 209 195 555 215 194 556 208 193 557 203 192 558 209 195 559 208 193 560 213 196 561 214 197 562 209 195 563 214 197 564 215 194 565 209 195 566 214 197 567 216 198 568 215 194 569 216 198 570 212 190 571 215 194 572 216 198 573 217 199 574 212 190 575 212 190 576 217 199 577 211 189 578 218 200 579 219 201 580 220 202 581 276 203 582 219 201 583 218 200 584 222 204 585 276 203 586 218 200 587 222 204 588 218 200 589 223 205 590 221 206 591 222 204 592 223 205 593 221 206 594 223 205 595 225 207 596 224 208 597 221 206 598 225 207 599 226 209 600 227 210 601 228 211 602 227 210 603 226 209 604 233 212 605 274 213 606 227 210 607 233 212 608 274 213 609 233 212 610 275 214 611 226 209 612 229 215 613 233 212 614 229 215 615 231 216 616 233 212 617 229 215 618 230 217 619 231 216 620 230 217 621 232 218 622 231 216 623 234 219 624 235 220 625 236 221 626 235 220 627 237 222 628 236 221 629 238 223 630 239 224 631 240 225 632 241 226 633 242 227 634 243 228 635 241 226 636 243 228 637 293 229 638 294 230 639 242 227 640 241 226 641 244 231 642 245 232 643 246 233 644 244 231 645 250 234 646 245 232 647 250 234 648 251 235 649 245 232 650 249 236 651 251 235 652 250 234 653 248 237 654 249 236 655 250 234 656 245 232 657 247 238 658 246 233 659 252 239 660 253 240 661 254 241 662 257 242 663 253 240 664 252 239 665 258 243 666 257 242 667 252 239 668 256 244 669 257 242 670 258 243 671 256 244 672 262 245 673 257 242 674 262 245 675 263 246 676 257 242 677 263 246 678 264 247 679 257 242 680 264 247 681 263 246 682 269 248 683 268 249 684 264 247 685 269 248 686 267 250 687 264 247 688 268 249 689 266 251 690 267 250 691 268 249 692 261 252 693 267 250 694 266 251 695 265 253 696 261 252 697 266 251 698 260 254 699 261 252 700 255 255 701 259 256 702 260 254 703 255 255 704 264 247 705 260 254 706 259 256 707 257 242 708 264 247 709 259 256 710 253 240 711 257 242 712 259 256 713 255 255 714 253 240 715 259 256 716 253 240 717 255 255 718 254 241 719 260 254 720 264 247 721 267 250 722 261 252 723 260 254 724 267 250 725 270 257 726 271 258 727 272 259 728 271 258 729 273 260 730 272 259 731 222 204 732 277 261 733 276 203 734 278 262 735 279 263 736 280 264 737 281 265 738 282 266 739 283 267 740 281 265 741 289 268 742 282 266 743 282 266 744 289 268 745 290 269 746 284 270 747 285 271 748 286 272 749 284 270 750 287 273 751 285 271 752 285 271 753 287 273 754 288 274 755 295 275 756 296 276 757 297 277 758 298 278 759 295 279 760 299 280 761 298 278 762 299 280 763 297 281 764 300 282 765 301 283 766 302 284 767 303 285 768 301 283 769 300 282 770 302 284 771 301 283 772 303 285 773 304 286 774 305 287 775 306 288 776 304 286 777 308 289 778 305 287 779 307 290 780 305 287 781 308 289 782 306 288 783 305 287 784 307 290 785 309 291 786 310 292 787 311 293 788 312 294 789 309 291 790 311 293 791 310 292 792 312 294 793 311 293 794 313 295 795 314 295 796 315 295 797 316 296 798 317 296 799 318 296 800 319 297 801 320 298 802 321 299 803 322 300 804 319 297 805 321 299 806 320 298 807 322 300 808 321 299 809 323 301 810 324 302 811 325 303 812 323 301 813 325 303 814 340 304 815 339 305 816 323 301 817 340 304 818 348 306 819 339 305 820 340 304 821 347 307 822 348 306 823 340 304 824 339 305 825 348 306 826 478 308 827 478 308 828 479 309 829 339 305 830 479 309 831 323 301 832 339 305 833 479 309 834 480 310 835 323 301 836 480 310 837 324 302 838 323 301 839 324 302 840 326 311 841 325 303 842 327 312 843 328 313 844 329 314 845 328 313 846 330 315 847 329 314 848 329 314 849 330 315 850 341 316 851 330 315 852 342 317 853 341 316 854 341 316 855 342 317 856 349 318 857 342 317 858 350 319 859 349 318 860 331 320 861 332 321 862 333 322 863 331 320 864 333 322 865 474 323 866 476 324 867 331 320 868 474 323 869 474 323 870 333 322 871 475 325 872 333 322 873 343 326 874 475 325 875 333 322 876 334 327 877 343 326 878 332 321 879 334 327 880 333 322 881 334 327 882 344 328 883 343 326 884 343 326 885 344 328 886 352 329 887 351 330 888 343 326 889 352 329 890 343 326 891 351 330 892 477 331 893 475 325 894 343 326 895 477 331 896 335 332 897 336 333 898 337 334 899 336 333 900 338 335 901 337 334 902 337 334 903 338 335 904 345 336 905 338 335 906 346 337 907 345 336 908 345 336 909 346 337 910 353 338 911 346 337 912 354 339 913 353 338 914 355 340 915 356 341 916 357 342 917 360 343 918 356 341 919 355 340 920 359 344 921 356 341 922 360 343 923 358 345 924 356 341 925 359 344 926 356 341 927 358 345 928 357 342 929 357 342 930 358 345 931 360 343 932 360 343 933 358 345 934 359 344 935 361 346 936 362 347 937 363 348 938 361 346 939 365 349 940 362 347 941 365 349 942 361 346 943 366 350 944 364 351 945 365 349 946 366 350 947 367 352 948 368 353 949 363 348 950 368 353 951 367 352 952 375 354 953 368 353 954 375 354 955 377 355 956 375 354 957 376 356 958 377 355 959 369 357 960 370 358 961 371 359 962 374 360 963 370 358 964 369 357 965 373 361 966 370 358 967 374 360 968 371 359 969 370 358 970 372 362 971 378 363 972 367 352 973 363 348 974 362 347 975 378 363 976 363 348 977 379 364 978 380 365 979 381 366 980 381 366 981 382 367 982 379 364 983 382 368 984 383 369 985 379 370 986 384 371 987 383 372 988 382 373 989 385 374 990 386 375 991 387 376 992 386 375 993 385 374 994 391 377 995 386 375 996 391 377 997 392 378 998 386 375 999 392 378 1000 393 379 1001 386 375 1002 393 379 1003 389 380 1004 386 375 1005 389 380 1006 388 381 1007 386 375 1008 388 381 1009 387 376 1010 394 382 1011 387 376 1012 388 381 1013 394 382 1014 388 381 1015 396 383 1016 395 384 1017 396 383 1018 388 381 1019 395 384 1020 388 381 1021 390 385 1022 389 380 1023 390 385 1024 388 381 1025 397 386 1026 398 387 1027 399 388 1028 398 387 1029 400 389 1030 399 388 1031 401 390 1032 402 391 1033 403 392 1034 402 391 1035 404 393 1036 403 392 1037 405 394 1038 406 395 1039 407 396 1040 420 397 1041 406 395 1042 405 394 1043 419 398 1044 420 397 1045 405 394 1046 406 395 1047 408 399 1048 407 396 1049 409 400 1050 410 401 1051 411 402 1052 411 402 1053 415 403 1054 409 400 1055 416 404 1056 410 401 1057 409 400 1058 412 405 1059 413 406 1060 414 407 1061 412 405 1062 414 407 1063 417 408 1064 418 409 1065 417 408 1066 414 407 1067 421 410 1068 422 411 1069 423 412 1070 422 411 1071 424 413 1072 423 412 1073 425 414 1074 426 414 1075 427 414 1076 426 415 1077 428 415 1078 427 415 1079 429 416 1080 430 416 1081 431 416 1082 430 417 1083 432 417 1084 431 417 1085 433 418 1086 434 418 1087 435 418 1088 434 419 1089 436 419 1090 435 419 1091 437 420 1092 438 421 1093 439 422 1094 438 421 1095 440 423 1096 439 422 1097 440 423 1098 444 424 1099 439 422 1100 444 424 1101 445 425 1102 439 422 1103 441 426 1104 442 427 1105 443 428 1106 443 428 1107 442 427 1108 446 429 1109 446 429 1110 447 430 1111 443 428 1112 447 430 1113 448 431 1114 443 428 1115 447 430 1116 459 432 1117 448 431 1118 448 431 1119 459 432 1120 460 433 1121 449 434 1122 450 435 1123 451 436 1124 450 435 1125 452 437 1126 451 436 1127 453 438 1128 454 439 1129 455 440 1130 453 438 1131 462 441 1132 454 439 1133 456 442 1134 457 443 1135 458 444 1136 458 444 1137 457 443 1138 461 445 1139 463 446 1140 464 447 1141 465 448 1142 463 446 1143 465 448 1144 467 449 1145 466 450 1146 467 449 1147 465 448 1148 464 447 1149 466 450 1150 465 448 1151 468 451 1152 469 452 1153 470 453 1154 473 454 1155 468 451 1156 470 453 1157 472 455 1158 473 454 1159 470 453 1160 471 456 1161 472 455 1162 470 453 1163 469 452 1164 471 456 1165 470 453 1166 469 452 1167 473 454 1168 471 456 1169 473 454 1170 472 455 1171 471 456 1172 348 306 1173 481 457 1174 478 308 1175</p>
        </triangles>
      </mesh>
    </geometry>
    <geometry id="tire_rear-mesh" name="tire_rear">
      <mesh>
        <source id="tire_rear-mesh-positions">
          <float_array id="tire_rear-mesh-positions-array" count="288">7.319246 3.32983 -0.73024 7.319246 6.20764 -0.73024 7.319246 4.76916 -0.1340699 7.319246 2.73364 -2.169158 7.319246 6.80468 -2.169158 7.319246 3.32983 -3.60808 7.319246 6.20764 -3.60808 7.319246 4.76916 -4.20511 4.725656 3.32983 -0.73024 4.725656 4.76916 -0.1340699 4.725656 6.20764 -0.73024 4.725656 2.73364 -2.169158 4.725656 6.80468 -2.169158 4.725656 3.32983 -3.60808 4.725656 6.20764 -3.60808 4.725656 4.76916 -4.20511 4.725656 6.20764 -0.73024 4.725656 4.76916 -0.1340699 7.319246 6.20764 -0.73024 7.319246 4.76916 -0.1340699 4.725656 4.76916 -0.1340699 4.725656 3.32983 -0.73024 7.319246 4.76916 -0.1340699 7.319246 3.32983 -0.73024 4.725656 6.80468 -2.169158 4.725656 6.20764 -0.73024 7.319246 6.80468 -2.169158 7.319246 6.20764 -0.73024 4.725656 3.32983 -0.73024 4.725656 2.73364 -2.169158 7.319246 3.32983 -0.73024 7.319246 2.73364 -2.169158 4.725656 6.20764 -3.60808 4.725656 6.80468 -2.169158 7.319246 6.20764 -3.60808 7.319246 6.80468 -2.169158 4.725656 2.73364 -2.169158 4.725656 3.32983 -3.60808 7.319246 2.73364 -2.169158 7.319246 3.32983 -3.60808 4.725656 4.76916 -4.20511 4.725656 6.20764 -3.60808 7.319246 4.76916 -4.20511 7.319246 6.20764 -3.60808 4.725656 3.32983 -3.60808 4.725656 4.76916 -4.20511 7.319246 3.32983 -3.60808 7.319246 4.76916 -4.20511 -4.728924 3.32983 -0.73024 -4.728924 6.20764 -0.73024 -4.728924 4.76916 -0.1340699 -4.728924 2.73364 -2.169158 -4.728924 6.80468 -2.169158 -4.728924 3.32983 -3.60808 -4.728924 6.20764 -3.60808 -4.728924 4.76916 -4.20511 -7.322514 3.32983 -0.73024 -7.322514 4.76916 -0.1340699 -7.322514 6.20764 -0.73024 -7.322514 2.73364 -2.169158 -7.322514 6.80468 -2.169158 -7.322514 3.32983 -3.60808 -7.322514 6.20764 -3.60808 -7.322514 4.76916 -4.20511 -7.322514 6.20764 -0.73024 -7.322514 4.76916 -0.1340699 -4.728924 6.20764 -0.73024 -4.728924 4.76916 -0.1340699 -7.322514 4.76916 -0.1340699 -7.322514 3.32983 -0.73024 -4.728924 4.76916 -0.1340699 -4.728924 3.32983 -0.73024 -7.322514 6.80468 -2.169158 -7.322514 6.20764 -0.73024 -4.728924 6.80468 -2.169158 -4.728924 6.20764 -0.73024 -7.322514 3.32983 -0.73024 -7.322514 2.73364 -2.169158 -4.728924 3.32983 -0.73024 -4.728924 2.73364 -2.169158 -7.322514 6.20764 -3.60808 -7.322514 6.80468 -2.169158 -4.728924 6.20764 -3.60808 -4.728924 6.80468 -2.169158 -7.322514 2.73364 -2.169158 -7.322514 3.32983 -3.60808 -4.728924 2.73364 -2.169158 -4.728924 3.32983 -3.60808 -7.322514 4.76916 -4.20511 -7.322514 6.20764 -3.60808 -4.728924 4.76916 -4.20511 -4.728924 6.20764 -3.60808 -7.322514 3.32983 -3.60808 -7.322514 4.76916 -4.20511 -4.728924 3.32983 -3.60808 -4.728924 4.76916 -4.20511</float_array>
          <technique_common>
            <accessor source="#tire_rear-mesh-positions-array" count="96" stride="3">
              <param name="X" type="float"/>
              <param name="Y" type="float"/>
              <param name="Z" type="float"/>
            </accessor>
          </technique_common>
        </source>
        <source id="tire_rear-mesh-normals">
          <float_array id="tire_rear-mesh-normals-array" count="201">0.7344632 -0.4798104 0.4799435 0.8514218 0.3708193 0.3709097 0.4760117 1.64151e-4 0.879439 0.8514721 -0.5243999 4.33624e-5 0.8514972 0.5243592 -4.29004e-5 0.8514219 -0.3709688 -0.3707603 0.7343982 0.479912 -0.4799415 0.476096 1.97589e-5 -0.8793934 -0.7344632 -0.4798893 0.4798646 -0.4760117 1.96099e-5 0.879439 -0.8514218 0.3707582 0.3709707 -0.8514721 -0.5243999 -4.29749e-5 -0.8514972 0.5243591 4.32879e-5 -0.8514218 -0.3709077 -0.3708212 -0.7343982 0.4799908 -0.4798627 -0.476096 1.64211e-4 -0.8793933 -0.8513913 0.3708436 0.3709552 -0.475979 4.55976e-5 0.8794566 0.8514202 0.3707305 0.371002 0.4759791 4.58658e-5 0.8794566 -0.4759792 1.38044e-4 0.8794566 -0.7345311 -0.4798005 0.4798496 0.475979 1.38164e-4 0.8794566 0.7345311 -0.4798004 0.4798497 -0.8514857 0.524378 -7.52509e-6 -0.8514202 0.3708506 0.3708819 0.8515146 0.524331 1.05619e-4 0.8513914 0.3708037 0.370995 -0.7345311 -0.4797954 0.4798547 -0.851453 -0.524431 3.8296e-5 0.7345311 -0.4797955 0.4798548 0.851453 -0.524431 3.8296e-5 -0.7344073 0.4799031 -0.4799365 -0.8515146 0.524331 -1.05232e-4 0.7344445 0.4799435 -0.479839 0.8514857 0.524378 7.94232e-6 -0.851453 -0.524431 -3.79086e-5 -0.851414 -0.3709502 -0.3707966 0.851453 -0.524431 -3.79235e-5 0.851414 -0.3709502 -0.3707966 -0.4760562 8.44598e-5 -0.8794149 -0.7344445 0.4798884 -0.4798941 0.4760562 8.4132e-5 -0.8794149 0.7344073 0.4799858 -0.4798539 -0.851414 -0.3709442 -0.3708027 -0.4760562 9.9808e-5 -0.8794149 0.851414 -0.3709441 -0.3708027 0.4760563 9.9808e-5 -0.8794148 -0.475979 4.56274e-5 0.8794566 0.8514202 0.3707306 0.371002 0.4759791 4.59552e-5 0.8794567 -0.7345311 -0.4798005 0.4798496 0.475979 1.38134e-4 0.8794567 0.7345311 -0.4798005 0.4798496 -0.8515146 0.524331 -1.05217e-4 0.7344445 0.4799435 -0.479839 0.8514857 0.5243778 8.03173e-6 0.851453 -0.524431 -3.79086e-5 0.851414 -0.3709503 -0.3707966 -0.4760563 8.43406e-5 -0.8794149 -0.7344445 0.4798884 -0.4798942 0.4760562 8.41618e-5 -0.8794149 0.7344073 0.4799858 -0.4798538 -0.851414 -0.3709442 -0.3708028 -0.4760562 9.98378e-5 -0.8794149 0.851414 -0.3709441 -0.3708027 0.4760562 9.96292e-5 -0.8794149</float_array>
          <technique_common>
            <accessor source="#tire_rear-mesh-normals-array" count="67" stride="3">
              <param name="X" type="float"/>
              <param name="Y" type="float"/>
              <param name="Z" type="float"/>
            </accessor>
          </technique_common>
        </source>
        <source id="tire_rear-mesh-map-0">
          <float_array id="tire_rear-mesh-map-0-array" count="336">0.07322335 0.853553 0.426777 0.853553 0.25 1 0 0.5 0.426777 0.853553 0.07322335 0.853553 0 0.5 0.5 0.5 0.426777 0.853553 0.07322335 0.1464459 0.5 0.5 0 0.5 0.07322335 0.1464459 0.426777 0.146447 0.5 0.5 0.25 0 0.426777 0.146447 0.07322335 0.1464459 0.426777 0.853553 0.25 1 0.07322335 0.853553 0.5 0.5 0.426777 0.853553 0.07322335 0.853553 0.5 0.5 0.07322335 0.853553 0 0.5 0.426777 0.146447 0.5 0.5 0 0.5 0.426777 0.146447 0 0.5 0.07322335 0.1464459 0.25 0 0.426777 0.146447 0.07322335 0.1464459 0.5 1 0.5 0 1 1 0.5 0 1 0 1 1 0.5 1 0.5 0 1 1 0.5 0 1 0 1 1 0.5 1 0.5 0 1 1 0.5 0 1 0 1 1 0.5 1 0.5 0 1 1 0.5 0 1 0 1 1 0.5 1 0.5 0 1 1 0.5 0 1 0 1 1 0.5 1 0.5 0 1 1 0.5 0 1 0 1 1 0.5 1 0.5 0 1 1 0.5 0 1 0 1 1 0.5 1 0.5 0 1 1 0.5 0 1 0 1 1 0.07322335 0.853553 0.426777 0.853553 0.25 1 0 0.5 0.426777 0.853553 0.07322335 0.853553 0 0.5 0.5 0.5 0.426777 0.853553 0.07322335 0.1464459 0.5 0.5 0 0.5 0.07322335 0.1464459 0.426777 0.146447 0.5 0.5 0.25 0 0.426777 0.146447 0.07322335 0.1464459 0.426777 0.853553 0.25 1 0.07322335 0.853553 0.5 0.5 0.426777 0.853553 0.07322335 0.853553 0.5 0.5 0.07322335 0.853553 0 0.5 0.426777 0.146447 0.5 0.5 0 0.5 0.426777 0.146447 0 0.5 0.07322335 0.1464459 0.25 0 0.426777 0.146447 0.07322335 0.1464459 0.5 1 0.5 0 1 1 0.5 0 1 0 1 1 0.5 1 0.5 0 1 1 0.5 0 1 0 1 1 0.5 1 0.5 0 1 1 0.5 0 1 0 1 1 0.5 1 0.5 0 1 1 0.5 0 1 0 1 1 0.5 1 0.5 0 1 1 0.5 0 1 0 1 1 0.5 1 0.5 0 1 1 0.5 0 1 0 1 1 0.5 1 0.5 0 1 1 0.5 0 1 0 1 1 0.5 1 0.5 0 1 1 0.5 0 1 0 1 1</float_array>
          <technique_common>
            <accessor source="#tire_rear-mesh-map-0-array" count="168" stride="2">
              <param name="S" type="float"/>
              <param name="T" type="float"/>
            </accessor>
          </technique_common>
        </source>
        <vertices id="tire_rear-mesh-vertices">
          <input semantic="POSITION" source="#tire_rear-mesh-positions"/>
        </vertices>
        <triangles material="mat_tire-material" count="56">
          <input semantic="VERTEX" source="#tire_rear-mesh-vertices" offset="0"/>
          <input semantic="NORMAL" source="#tire_rear-mesh-normals" offset="1"/>
          <input semantic="TEXCOORD" source="#tire_rear-mesh-map-0" offset="2" set="0"/>
          <p>0 0 0 1 1 1 2 2 2 3 3 3 1 1 4 0 0 5 3 3 6 4 4 7 1 1 8 5 5 9 4 4 10 3 3 11 5 5 12 6 6 13 4 4 14 7 7 15 6 6 16 5 5 17 8 8 18 9 9 19 10 10 20 11 11 21 8 8 22 10 10 23 11 11 24 10 10 25 12 12 26 13 13 27 11 11 28 12 12 29 13 13 30 12 12 31 14 14 32 15 15 33 13 13 34 14 14 35 16 16 36 17 17 37 18 18 38 17 17 39 19 19 40 18 18 41 20 20 42 21 21 43 22 22 44 21 21 45 23 23 46 22 22 47 24 24 48 25 25 49 26 26 50 25 25 51 27 27 52 26 26 53 28 28 54 29 29 55 30 30 56 29 29 57 31 31 58 30 30 59 32 32 60 33 33 61 34 34 62 33 33 63 35 35 64 34 34 65 36 36 66 37 37 67 38 38 68 37 37 69 39 39 70 38 38 71 40 40 72 41 41 73 42 42 74 41 41 75 43 43 76 42 42 77 44 44 78 45 45 79 46 46 80 45 45 81 47 47 82 46 46 83 48 0 84 49 1 85 50 2 86 51 3 87 49 1 88 48 0 89 51 3 90 52 4 91 49 1 92 53 5 93 52 4 94 51 3 95 53 5 96 54 6 97 52 4 98 55 7 99 54 6 100 53 5 101 56 8 102 57 9 103 58 10 104 59 11 105 56 8 106 58 10 107 59 11 108 58 10 109 60 12 110 61 13 111 59 11 112 60 12 113 61 13 114 60 12 115 62 14 116 63 15 117 61 13 118 62 14 119 64 16 120 65 48 121 66 49 122 65 48 123 67 50 124 66 49 125 68 20 126 69 51 127 70 52 128 69 51 129 71 53 130 70 52 131 72 24 132 73 25 133 74 26 134 73 25 135 75 27 136 74 26 137 76 28 138 77 29 139 78 30 140 77 29 141 79 31 142 78 30 143 80 32 144 81 54 145 82 55 146 81 54 147 83 56 148 82 55 149 84 36 150 85 37 151 86 57 152 85 37 153 87 58 154 86 57 155 88 59 156 89 60 157 90 61 158 89 60 159 91 62 160 90 61 161 92 63 162 93 64 163 94 65 164 93 64 165 95 66 166 94 65 167</p>
        </triangles>
      </mesh>
    </geometry>
    <geometry id="tire_front-mesh" name="tire_front">
      <mesh>
        <source id="tire_front-mesh-positions">
          <float_array id="tire_front-mesh-positions-array" count="288">6.497433 -5.98129 -1.56803 6.497433 -3.76212 -1.56803 6.497433 -4.87138 -1.10831 6.497433 -6.44103 -2.677627 6.497433 -3.30173 -2.677627 6.497433 -5.98129 -3.78723 6.497433 -3.76212 -3.78723 6.497433 -4.87138 -4.24761 4.497433 -5.98129 -1.56803 4.497433 -4.87138 -1.10831 4.497433 -3.76212 -1.56803 4.497433 -6.44103 -2.677627 4.497433 -3.30173 -2.677627 4.497433 -5.98129 -3.78723 4.497433 -3.76212 -3.78723 4.497433 -4.87138 -4.24761 4.497433 -3.76212 -1.56803 4.497433 -4.87138 -1.10831 6.497433 -3.76212 -1.56803 6.497433 -4.87138 -1.10831 4.497433 -4.87138 -1.10831 4.497433 -5.98129 -1.56803 6.497433 -4.87138 -1.10831 6.497433 -5.98129 -1.56803 4.497433 -3.30173 -2.677627 4.497433 -3.76212 -1.56803 6.497433 -3.30173 -2.677627 6.497433 -3.76212 -1.56803 4.497433 -5.98129 -1.56803 4.497433 -6.44103 -2.677627 6.497433 -5.98129 -1.56803 6.497433 -6.44103 -2.677627 4.497433 -3.76212 -3.78723 4.497433 -3.30173 -2.677627 6.497433 -3.76212 -3.78723 6.497433 -3.30173 -2.677627 4.497433 -6.44103 -2.677627 4.497433 -5.98129 -3.78723 6.497433 -6.44103 -2.677627 6.497433 -5.98129 -3.78723 4.497433 -4.87138 -4.24761 4.497433 -3.76212 -3.78723 6.497433 -4.87138 -4.24761 6.497433 -3.76212 -3.78723 4.497433 -5.98129 -3.78723 4.497433 -4.87138 -4.24761 6.497433 -5.98129 -3.78723 6.497433 -4.87138 -4.24761 -4.512927 -5.98129 -1.56803 -4.512927 -3.76212 -1.56803 -4.512927 -4.87138 -1.10831 -4.512927 -6.44103 -2.677627 -4.512927 -3.30173 -2.677627 -4.512927 -5.98129 -3.78723 -4.512927 -3.76212 -3.78723 -4.512927 -4.87138 -4.24761 -6.512927 -5.98129 -1.56803 -6.512927 -4.87138 -1.10831 -6.512927 -3.76212 -1.56803 -6.512927 -6.44103 -2.677627 -6.512927 -3.30173 -2.677627 -6.512927 -5.98129 -3.78723 -6.512927 -3.76212 -3.78723 -6.512927 -4.87138 -4.24761 -6.512927 -3.76212 -1.56803 -6.512927 -4.87138 -1.10831 -4.512927 -3.76212 -1.56803 -4.512927 -4.87138 -1.10831 -6.512927 -4.87138 -1.10831 -6.512927 -5.98129 -1.56803 -4.512927 -4.87138 -1.10831 -4.512927 -5.98129 -1.56803 -6.512927 -3.30173 -2.677627 -6.512927 -3.76212 -1.56803 -4.512927 -3.30173 -2.677627 -4.512927 -3.76212 -1.56803 -6.512927 -5.98129 -1.56803 -6.512927 -6.44103 -2.677627 -4.512927 -5.98129 -1.56803 -4.512927 -6.44103 -2.677627 -6.512927 -3.76212 -3.78723 -6.512927 -3.30173 -2.677627 -4.512927 -3.76212 -3.78723 -4.512927 -3.30173 -2.677627 -6.512927 -6.44103 -2.677627 -6.512927 -5.98129 -3.78723 -4.512927 -6.44103 -2.677627 -4.512927 -5.98129 -3.78723 -6.512927 -4.87138 -4.24761 -6.512927 -3.76212 -3.78723 -4.512927 -4.87138 -4.24761 -4.512927 -3.76212 -3.78723 -6.512927 -5.98129 -3.78723 -6.512927 -4.87138 -4.24761 -4.512927 -5.98129 -3.78723 -4.512927 -4.87138 -4.24761</float_array>
          <technique_common>
            <accessor source="#tire_front-mesh-positions-array" count="96" stride="3">
              <param name="X" type="float"/>
              <param name="Y" type="float"/>
              <param name="Z" type="float"/>
            </accessor>
          </technique_common>
        </source>
        <source id="tire_front-mesh-normals">
          <float_array id="tire_front-mesh-normals-array" count="168">0.7344632 -0.47981 0.479944 0.8514218 0.3708194 0.3709096 0.4760117 1.63347e-4 0.8794389 0.8514722 -0.5243999 4.3571e-5 0.8514972 0.5243592 -4.26322e-5 0.8514218 -0.3709681 -0.3707609 0.7343982 0.4799118 -0.4799419 0.476096 1.87755e-5 -0.8793933 -0.7344632 -0.4798888 0.4798652 -0.4760117 1.88053e-5 0.8794389 -0.8514218 0.3707584 0.3709706 -0.8514721 -0.5243999 -4.27067e-5 -0.8514972 0.5243592 4.35114e-5 -0.8514218 -0.370907 -0.370822 -0.7343982 0.4799906 -0.4798629 -0.476096 1.63555e-4 -0.8793933 -0.8513914 0.3708418 0.3709568 -0.475979 4.11868e-5 0.8794566 0.8514202 0.3707286 0.3710039 0.4760276 1.04249e-4 0.8794305 -0.4760275 7.75755e-5 0.8794305 -0.7345311 -0.479799 0.4798513 0.475979 1.41084e-4 0.8794567 0.7345311 -0.4797988 0.4798514 -0.8514857 0.5243778 -1.05649e-5 -0.8514202 0.3708527 0.3708798 0.8515146 0.524331 1.02714e-4 0.8513914 0.3708056 0.370993 -0.734531 -0.4797963 0.4798539 -0.8514531 -0.5244309 3.75211e-5 0.7345311 -0.4797959 0.4798543 0.851453 -0.5244311 3.79384e-5 -0.7344073 0.4799061 -0.4799334 -0.8515146 0.524331 -1.0182e-4 0.7344445 0.4799467 -0.4798359 0.8514857 0.5243779 1.14143e-5 -0.851453 -0.5244311 -3.70443e-5 -0.8514141 -0.3709508 -0.3707959 0.8514531 -0.5244309 -3.6642e-5 0.851414 -0.3709512 -0.3707957 -0.4760563 7.73966e-5 -0.8794148 -0.7344445 0.4798847 -0.4798979 0.4760562 7.7486e-5 -0.8794149 0.7344073 0.4799822 -0.4798573 -0.851414 -0.370942 -0.3708049 -0.4760562 1.04845e-4 -0.8794149 0.851414 -0.370942 -0.3708049 0.4760562 1.04696e-4 -0.8794149 -0.8514856 0.5243781 -1.03712e-5 -0.8514202 0.3708527 0.3708799 0.8515146 0.524331 1.02669e-4 0.8513914 0.3708059 0.370993 -0.7345311 -0.4797962 0.4798539 -0.8514531 -0.5244309 3.7536e-5 0.7345311 -0.4797959 0.4798542 0.851453 -0.524431 3.77893e-5</float_array>
          <technique_common>
            <accessor source="#tire_front-mesh-normals-array" count="56" stride="3">
              <param name="X" type="float"/>
              <param name="Y" type="float"/>
              <param name="Z" type="float"/>
            </accessor>
          </technique_common>
        </source>
        <source id="tire_front-mesh-map-0">
          <float_array id="tire_front-mesh-map-0-array" count="336">0.07322335 0.853553 0.426777 0.853553 0.25 1 0 0.5 0.426777 0.853553 0.07322335 0.853553 0 0.5 0.5 0.5 0.426777 0.853553 0.07322335 0.1464459 0.5 0.5 0 0.5 0.07322335 0.1464459 0.426777 0.146447 0.5 0.5 0.25 0 0.426777 0.146447 0.07322335 0.1464459 0.426777 0.853553 0.25 1 0.07322335 0.853553 0.5 0.5 0.426777 0.853553 0.07322335 0.853553 0.5 0.5 0.07322335 0.853553 0 0.5 0.426777 0.146447 0.5 0.5 0 0.5 0.426777 0.146447 0 0.5 0.07322335 0.1464459 0.25 0 0.426777 0.146447 0.07322335 0.1464459 0.5 1 0.5 0 1 1 0.5 0 1 0 1 1 0.5 1 0.5 0 1 1 0.5 0 1 0 1 1 0.5 1 0.5 0 1 1 0.5 0 1 0 1 1 0.5 1 0.5 0 1 1 0.5 0 1 0 1 1 0.5 1 0.5 0 1 1 0.5 0 1 0 1 1 0.5 1 0.5 0 1 1 0.5 0 1 0 1 1 0.5 1 0.5 0 1 1 0.5 0 1 0 1 1 0.5 1 0.5 0 1 1 0.5 0 1 0 1 1 0.07322335 0.853553 0.426777 0.853553 0.25 1 0 0.5 0.426777 0.853553 0.07322335 0.853553 0 0.5 0.5 0.5 0.426777 0.853553 0.07322335 0.1464459 0.5 0.5 0 0.5 0.07322335 0.1464459 0.426777 0.146447 0.5 0.5 0.25 0 0.426777 0.146447 0.07322335 0.1464459 0.426777 0.853553 0.25 1 0.07322335 0.853553 0.5 0.5 0.426777 0.853553 0.07322335 0.853553 0.5 0.5 0.07322335 0.853553 0 0.5 0.426777 0.146447 0.5 0.5 0 0.5 0.426777 0.146447 0 0.5 0.07322335 0.1464459 0.25 0 0.426777 0.146447 0.07322335 0.1464459 0.5 1 0.5 0 1 1 0.5 0 1 0 1 1 0.5 1 0.5 0 1 1 0.5 0 1 0 1 1 0.5 1 0.5 0 1 1 0.5 0 1 0 1 1 0.5 1 0.5 0 1 1 0.5 0 1 0 1 1 0.5 1 0.5 0 1 1 0.5 0 1 0 1 1 0.5 1 0.5 0 1 1 0.5 0 1 0 1 1 0.5 1 0.5 0 1 1 0.5 0 1 0 1 1 0.5 1 0.5 0 1 1 0.5 0 1 0 1 1</float_array>
          <technique_common>
            <accessor source="#tire_front-mesh-map-0-array" count="168" stride="2">
              <param name="S" type="float"/>
              <param name="T" type="float"/>
            </accessor>
          </technique_common>
        </source>
        <vertices id="tire_front-mesh-vertices">
          <input semantic="POSITION" source="#tire_front-mesh-positions"/>
        </vertices>
        <triangles material="mat_tire-material" count="56">
          <input semantic="VERTEX" source="#tire_front-mesh-vertices" offset="0"/>
          <input semantic="NORMAL" source="#tire_front-mesh-normals" offset="1"/>
          <input semantic="TEXCOORD" source="#tire_front-mesh-map-0" offset="2" set="0"/>
          <p>0 0 0 1 1 1 2 2 2 3 3 3 1 1 4 0 0 5 3 3 6 4 4 7 1 1 8 5 5 9 4 4 10 3 3 11 5 5 12 6 6 13 4 4 14 7 7 15 6 6 16 5 5 17 8 8 18 9 9 19 10 10 20 11 11 21 8 8 22 10 10 23 11 11 24 10 10 25 12 12 26 13 13 27 11 11 28 12 12 29 13 13 30 12 12 31 14 14 32 15 15 33 13 13 34 14 14 35 16 16 36 17 17 37 18 18 38 17 17 39 19 19 40 18 18 41 20 20 42 21 21 43 22 22 44 21 21 45 23 23 46 22 22 47 24 24 48 25 25 49 26 26 50 25 25 51 27 27 52 26 26 53 28 28 54 29 29 55 30 30 56 29 29 57 31 31 58 30 30 59 32 32 60 33 33 61 34 34 62 33 33 63 35 35 64 34 34 65 36 36 66 37 37 67 38 38 68 37 37 69 39 39 70 38 38 71 40 40 72 41 41 73 42 42 74 41 41 75 43 43 76 42 42 77 44 44 78 45 45 79 46 46 80 45 45 81 47 47 82 46 46 83 48 0 84 49 1 85 50 2 86 51 3 87 49 1 88 48 0 89 51 3 90 52 4 91 49 1 92 53 5 93 52 4 94 51 3 95 53 5 96 54 6 97 52 4 98 55 7 99 54 6 100 53 5 101 56 8 102 57 9 103 58 10 104 59 11 105 56 8 106 58 10 107 59 11 108 58 10 109 60 12 110 61 13 111 59 11 112 60 12 113 61 13 114 60 12 115 62 14 116 63 15 117 61 13 118 62 14 119 64 16 120 65 17 121 66 18 122 65 17 123 67 19 124 66 18 125 68 20 126 69 21 127 70 22 128 69 21 129 71 23 130 70 22 131 72 48 132 73 49 133 74 50 134 73 49 135 75 51 136 74 50 137 76 52 138 77 53 139 78 54 140 77 53 141 79 55 142 78 54 143 80 32 144 81 33 145 82 34 146 81 33 147 83 35 148 82 34 149 84 36 150 85 37 151 86 38 152 85 37 153 87 39 154 86 38 155 88 40 156 89 41 157 90 42 158 89 41 159 91 43 160 90 42 161 92 44 162 93 45 163 94 46 164 93 45 165 95 47 166 94 46 167</p>
        </triangles>
      </mesh>
    </geometry>
    <geometry id="mario_head__mat_mario_eye-mesh" name="mario_head__mat_mario_eye">
      <mesh>
        <source id="mario_head__mat_mario_eye-mesh-positions">
          <float_array id="mario_head__mat_mario_eye-mesh-positions-array" count="45">-1.55747 -0.08841001 5.50642 0 -0.5958601 5.54524 0 -0.4238401 6.19951 -1.35141 -0.04872 6.01329 0 -0.56541 2.756098 0 -0.9980701 3.64679 -1.0254 -0.3986601 3.110027 -0.692458 0.008669972 2.19662 -1.52899 -0.09665 4.40926 0 -0.65159 4.22698 1.55747 -0.08841001 5.50642 1.52899 -0.09665 4.40926 1.35141 -0.04872 6.01329 0.692458 0.008669972 2.19662 1.0254 -0.3986601 3.110027</float_array>
          <technique_common>
            <accessor source="#mario_head__mat_mario_eye-mesh-positions-array" count="15" stride="3">
              <param name="X" type="float"/>
              <param name="Y" type="float"/>
              <param name="Z" type="float"/>
            </accessor>
          </technique_common>
        </source>
        <source id="mario_head__mat_mario_eye-mesh-normals">
          <float_array id="mario_head__mat_mario_eye-mesh-normals-array" count="45">-0.6371495 -0.7552164 0.1539121 7.97723e-7 -0.9901991 0.1396629 1.11235e-6 -0.9740391 0.2263799 -0.5999873 -0.7408541 0.3019114 -0.6240538 -0.7739381 0.1075958 5.86733e-7 -0.9600235 0.2799194 0 -0.9994775 0.032323 0.6240577 -0.7739378 0.1075742 0.5218955 -0.793696 -0.312525 0 -0.851538 -0.5242932 -0.5218922 -0.7936958 -0.312531 -0.4019373 -0.4207431 -0.8132784 0.3968606 -0.4426026 -0.8041173 0.6371471 -0.7552157 0.1539252 0.599983 -0.7408533 0.301922</float_array>
          <technique_common>
            <accessor source="#mario_head__mat_mario_eye-mesh-normals-array" count="15" stride="3">
              <param name="X" type="float"/>
              <param name="Y" type="float"/>
              <param name="Z" type="float"/>
            </accessor>
          </technique_common>
        </source>
        <source id="mario_head__mat_mario_eye-mesh-map-0">
          <float_array id="mario_head__mat_mario_eye-mesh-map-0-array" count="102">0.01352804 0.811001 1 0.824773 1 0.970965 0.144044 0.925178 0.01352804 0.811001 1 0.970965 0.05940639 0.540924 1 0.536206 0.01352804 0.811001 1 0.536206 0.05940639 0.540924 1 0.3734 1 0.3734 1.94059 0.540924 1 0.536206 1.97235 0.262572 1.94059 0.540924 1 0.3734 1 0.2149679 1.97235 0.262572 1 0.3734 1 0.2149679 1 0.3734 0.02764606 0.262572 1 0.2149679 0.02764606 0.262572 0.285928 -0.03932511 1 0.2149679 0.285928 -0.03932511 1.71407 -0.03932511 1.97235 0.262572 1 0.2149679 1.71407 -0.03932511 1 0.536206 1 0.824773 0.01352804 0.811001 1.98647 0.811001 1 0.824773 1 0.536206 1.98647 0.811001 1 0.970965 1 0.824773 1.85596 0.925178 1 0.970965 1.98647 0.811001 1.94059 0.540924 1.98647 0.811001 1 0.536206 1 0.3734 0.05940639 0.540924 0.02764606 0.262572</float_array>
          <technique_common>
            <accessor source="#mario_head__mat_mario_eye-mesh-map-0-array" count="51" stride="2">
              <param name="S" type="float"/>
              <param name="T" type="float"/>
            </accessor>
          </technique_common>
        </source>
        <vertices id="mario_head__mat_mario_eye-mesh-vertices">
          <input semantic="POSITION" source="#mario_head__mat_mario_eye-mesh-positions"/>
        </vertices>
        <triangles material="mat_mario_eye-material" count="17">
          <input semantic="VERTEX" source="#mario_head__mat_mario_eye-mesh-vertices" offset="0"/>
          <input semantic="NORMAL" source="#mario_head__mat_mario_eye-mesh-normals" offset="1"/>
          <input semantic="TEXCOORD" source="#mario_head__mat_mario_eye-mesh-map-0" offset="2" set="0"/>
          <p>0 0 0 1 1 1 2 2 2 3 3 3 0 0 4 2 2 5 8 4 6 9 5 7 0 0 8 9 5 9 8 4 10 5 6 11 5 6 12 11 7 13 9 5 14 14 8 15 11 7 16 5 6 17 4 9 18 14 8 19 5 6 20 4 9 21 5 6 22 6 10 23 4 9 24 6 10 25 7 11 26 4 9 27 7 11 28 13 12 29 14 8 30 4 9 31 13 12 32 9 5 33 1 1 34 0 0 35 10 13 36 1 1 37 9 5 38 10 13 39 2 2 40 1 1 41 12 14 42 2 2 43 10 13 44 11 7 45 10 13 46 9 5 47 5 6 48 8 4 49 6 10 50</p>
        </triangles>
      </mesh>
    </geometry>
    <geometry id="mario_head__mat_mario_body-mesh" name="mario_head__mat_mario_body">
      <mesh>
        <source id="mario_head__mat_mario_body-mesh-positions">
          <float_array id="mario_head__mat_mario_body-mesh-positions-array" count="501">-2.37385 2.68645 4.77758 -2.86069 2.273878 5.23247 -2.32892 2.02973 5.48354 -3.01472 2.320571 4.61753 -2.69092 2.121758 3.83487 -1.89173 2.158215 3.77543 -2.09968 1.644576 3.583448 -1.50973 2.57853 4.17864 -2.32892 2.02973 5.48354 -2.86069 2.273878 5.23247 -2.16053 1.616737 4.5653 -3.01472 2.320571 4.61753 -2.09968 1.644576 3.583448 -2.69092 2.121758 3.83487 2.37385 2.68645 4.77758 2.32997 2.030586 5.48499 2.86069 2.273878 5.23247 3.01472 2.320571 4.61753 2.69092 2.121758 3.83487 2.09968 1.644576 3.583448 1.89173 2.158215 3.77543 1.50973 2.57853 4.17864 2.32997 2.030586 5.48499 2.16053 1.616737 4.5653 2.86069 2.273878 5.23247 3.01472 2.320571 4.61753 2.09968 1.644576 3.583448 2.69092 2.121758 3.83487 2.24927 1.567339 5.32215 0 -2.128 6.43961 -1.78131 -1.21051 6.03904 0 -0.4238401 6.19951 0 -0.71377 6.8983 -1.50384 -0.23701 6.43683 -2.2285 3.87514 5.56476 -1.80455 3.51694 6.63464 0 4.58587 6.39305 -2.50725 1.560219 7.09272 -0.994973 1.736416 8.44092 -1.42023 0.510274 8.382201 0 0.1184899 8.794441 -2.50725 1.560219 7.09272 -1.55366 -0.2107 7.67322 -1.42023 0.510274 8.382201 -2.89684 2.014391 6.0034 -2.89684 2.014391 6.0034 0 -0.8198801 8.17332 -1.55366 -0.2107 7.67322 -1.50384 -0.23701 6.43683 -2.1825 0.683067 3.586183 -1.0254 -0.3986601 3.110027 -1.52899 -0.09665 4.40926 -1.55747 -0.08841001 5.50642 -1.35141 -0.04872 6.01329 -1.88002 0.595676 5.58726 -1.88002 0.595676 5.58726 -2.00738 0.74296 4.44544 -1.55747 -0.08841001 5.50642 -1.89173 2.158215 3.77543 -1.00314 2.454731 2.827667 -2.09968 1.644576 3.583448 -0.737473 4.14481 2.701528 -1.00314 2.454731 2.827667 -1.21908 3.50767 3.575683 -2.16053 1.616737 4.5653 -2.09968 1.644576 3.583448 -1.50384 -0.23701 6.43683 -1.88002 0.595676 5.58726 -1.88002 0.595676 5.58726 -1.89173 2.158215 3.77543 -2.00255 3.3976 2.973505 1.80455 3.51694 6.63464 0.994973 1.736416 8.44092 -2.24927 1.567339 5.32215 -2.24927 1.567339 5.32215 0 2.72817 2.742834 0 4.01574 4.50167 0 3.70714 3.542327 0 4.86678 5.01191 -2.37385 2.68645 4.77758 -2.2285 3.87514 5.56476 -2.37385 2.68645 4.77758 -0.692458 0.008669972 2.19662 -1.76182 1.2518 2.881003 0 4.86678 5.01191 0 -0.71377 6.8983 -1.42023 0.510274 8.382201 0 0.1184899 8.794441 0 4.01574 4.50167 0 2.72817 2.742834 0 1.217177 2.139612 0 1.217177 2.139612 0.692458 0.008669972 2.19662 -0.692458 0.008669972 2.19662 1.78131 -1.21051 6.03904 1.50384 -0.23701 6.43683 2.2285 3.87514 5.56476 2.50725 1.560219 7.09272 1.42023 0.510274 8.382201 1.42023 0.510274 8.382201 1.50384 -0.23701 6.43683 2.89684 2.014391 6.0034 1.55366 -0.2107 7.67322 1.50384 -0.23701 6.43683 1.55747 -0.08841001 5.50642 1.88002 0.595676 5.58726 1.35141 -0.04872 6.01329 1.88002 0.595676 5.58726 1.55747 -0.08841001 5.50642 2.00738 0.74296 4.44544 1.89173 2.158215 3.77543 2.09968 1.644576 3.583448 1.00314 2.454731 2.827667 1.8948 1.2518 2.881003 0.737473 4.14481 2.701528 1.21908 3.50767 3.575683 1.00314 2.454731 2.827667 2.1825 0.683067 3.586183 2.09968 1.644576 3.583448 2.16053 1.616737 4.5653 1.88002 0.595676 5.58726 1.88002 0.595676 5.58726 2.24927 1.567339 5.32215 2.24927 1.567339 5.32215 2.37385 2.68645 4.77758 2.37385 2.68645 4.77758 1.89173 2.158215 3.77543 2.00255 3.3976 2.973505 0.692458 0.008669972 2.19662 1.8948 1.2518 2.881003 2.89684 2.014391 6.0034 2.50725 1.560219 7.09272 1.42023 0.510274 8.382201 1.55366 -0.2107 7.67322 1.52899 -0.09665 4.40926 1.0254 -0.3986601 3.110027 2.2285 3.87514 5.56476 -1.76182 1.2518 2.881003 -2.24927 1.567339 5.32215 0 -1.09644 3.8436 -0.370947 -0.79521 3.065044 0 -0.9452301 3.203991 -1.62295 -0.1726399 4.44703 -1.75234 -0.1068199 4.17665 -0.734779 -0.70003 3.286324 0.734778 -0.70003 3.286323 0.370947 -0.79521 3.065044 1.63387 -0.16986 3.73 1.33211 -0.3628401 3.63595 1.19752 -0.41887 3.30724 1.75234 -0.1068199 4.17665 1.62295 -0.1726399 4.44703 -1.63387 -0.16986 3.73 -1.33211 -0.3628401 3.63595 -1.19752 -0.41887 3.30724 -0.811806 -1.06444 4.37451 0 -1.0627 4.80395 0 -0.1641499 4.45837 -0.231382 -0.06500005 3.573176 -0.402651 -1.84195 4.7265 0.811806 -1.06444 4.37451 0.818859 -1.70913 3.81819 0.402651 -1.84195 4.7265 0.231382 -0.06500005 3.573176 0 -1.83457 3.325755 0 -2.25155 4.05932 -0.818859 -1.70913 3.81819</float_array>
          <technique_common>
            <accessor source="#mario_head__mat_mario_body-mesh-positions-array" count="167" stride="3">
              <param name="X" type="float"/>
              <param name="Y" type="float"/>
              <param name="Z" type="float"/>
            </accessor>
          </technique_common>
        </source>
        <source id="mario_head__mat_mario_body-mesh-normals">
          <float_array id="mario_head__mat_mario_body-mesh-normals-array" count="507">-0.3183008 0.9478856 0.01406115 -0.2726134 0.8396387 0.4697753 0.01504081 0.7325739 0.6805214 -0.4757212 0.8745258 -0.09430819 -0.2006014 0.7423725 -0.6392512 -0.1457278 0.8072682 -0.5719103 -0.08679252 0.5667215 -0.8193252 -0.08582067 0.3791198 -0.9213594 -0.8414951 -0.5334389 0.08561015 -0.5707668 -0.7992435 0.188242 -0.8742352 -0.4850882 0.02006143 -0.9759213 -0.2087749 -0.06317168 -0.6352792 -0.7721297 0.01536941 -0.6395946 -0.7659469 -0.06514632 -0.9178336 0.06888288 -0.3909435 0.3187293 0.9477463 0.01373934 -0.01306378 0.7336602 0.679391 0.2735309 0.8398046 0.4689449 0.4757221 0.8745253 -0.09430843 0.2006009 0.7423729 -0.639251 0.1457262 0.8072689 -0.5719099 0.0867893 0.5667217 -0.8193255 0.08582067 0.3791198 -0.9213594 0.8411408 -0.5340394 0.08534729 0.8741357 -0.4852696 0.0200023 0.5708746 -0.7992025 0.1880893 0.9758112 -0.2092808 -0.06319963 0.6352788 -0.7721298 0.01536941 0.6395946 -0.7659469 -0.06514632 0.9366033 0.09061294 -0.3384726 -1.58399e-5 -0.979498 -0.2014544 -0.8109069 -0.550121 0.199492 -2.33995e-7 -0.1862295 -0.9825063 -1.32481e-7 -0.2955991 0.9553121 0.8109214 -0.550103 0.1994822 0.8004772 -0.1862714 -0.5696836 0.6733976 -0.1069748 0.7314999 -0.6733978 -0.1069755 0.7314997 -0.8004779 -0.1862561 -0.5696877 -0.7078651 0.7060056 0.02198046 -0.4933757 0.5393043 0.6824451 7.29226e-7 0.8550499 0.5185458 5.30034e-5 0.8201803 -0.5721053 0.7078542 0.7060167 0.02197802 0.493372 0.5393016 0.6824499 0.3418416 0.3381599 0.8768079 0.842709 0.05317729 0.5357366 0.5640868 -0.2520512 0.7863054 -1.88127e-5 -0.1597075 0.9871644 -0.3418334 0.3381571 0.8768123 -0.8427109 0.05317884 0.5357336 -0.982448 -0.1778483 -0.05626672 -0.56411 -0.2520416 0.7862919 -0.8426856 0.05315619 0.5357755 -0.7433527 -0.6092591 0.2760981 -0.5641371 -0.2520453 0.7862714 -0.9824398 -0.1778982 -0.05625134 -0.6152096 -0.7852522 -0.06997364 -0.8121663 -0.4885605 -0.3188957 -0.781937 -0.3819566 -0.4926296 -0.7081418 0.2700593 -0.6523829 -0.7078955 0.7059746 0.02199786 -1.86712e-5 0.8201983 -0.5720794 0 0.5142117 -0.8576634 0.7081425 0.2700532 -0.6523845 0.7078465 0.706024 0.02198827 0.9824418 -0.1778851 -0.05625873 0.7819358 -0.3819574 -0.4926308 0.8121671 -0.4885594 -0.3188954 0.6152087 -0.7852504 -0.07000184 0.743352 -0.6092577 0.2761031 0.8427004 0.05317521 0.5357505 0.5641162 -0.2521151 0.786264 -2.04146e-6 -0.9078041 0.4193946 -0.7432932 -0.6093105 0.2761451 -0.615112 -0.7853243 -0.07002204 0 -0.9965549 -0.08293557 0.6151179 -0.7853235 -0.06997835 0.7432967 -0.6093272 0.2760987 0.5640953 -0.252107 0.7862816 2.57101e-5 -0.1597864 0.9871516 -0.5641226 -0.2521147 0.7862595 -0.9221139 -0.3219134 -0.2146573 -0.5219787 -0.7936199 -0.3125792 -0.624133 -0.7738782 0.107567 -0.9317554 -0.3573895 0.06406795 -0.8742712 -0.4850235 0.02005094 -0.9178878 0.06889742 -0.3908135 -0.6534318 0.1281808 -0.7460541 -0.4019719 -0.4207644 -0.8132503 -0.6371642 -0.7552038 0.153913 -0.6000395 -0.7408069 0.3019234 -0.8996558 -0.4061173 0.1602758 -0.8996741 -0.4060973 0.1602239 -0.6371924 -0.7551888 0.1538692 -0.9759135 -0.2088271 -0.06312114 -0.7098894 0.4800378 -0.5153841 -0.5174862 0.38429 -0.7645453 -0.9178572 0.06891554 -0.3908822 -0.6533967 0.1282481 -0.7460732 -0.006547212 0.3005505 -0.9537435 2.92808e-6 0.2789121 -0.9603167 0.4596487 0.2593243 -0.8493963 0.6841038 0.1328514 -0.7171838 0.936609 0.09066498 -0.3384428 0.7098894 0.4800378 -0.5153841 -0.1633827 0.6758849 -0.7186695 -0.3630671 0.04654723 -0.9305997 -0.5356604 0.8363921 -0.116259 7.77841e-6 0.2789027 -0.9603193 9.2111e-6 0.9937142 -0.1119474 0.1633628 0.6758873 -0.7186717 0.4596502 0.2592352 -0.8494227 0.5356647 0.836389 -0.1162626 -1.34134e-6 0.9961221 -0.08798241 0.7092565 0.6680874 -0.2249764 0.9603123 0.1110752 -0.2558569 0.6510298 0.4533415 -0.6088035 -0.9603106 0.1110889 -0.2558574 -0.6510174 0.4533509 -0.6088098 -0.7092647 0.6680817 -0.224968 -0.00772947 0.1014579 -0.9948098 0.3968786 -0.4426031 -0.8041083 -0.40196 -0.4207689 -0.8132539 -0.6533883 0.1282073 -0.7460877 0.6841082 0.1327709 -0.7171944 0.6371653 -0.7552033 0.1539112 0.899658 -0.4061118 0.1602773 0.6000182 -0.7408029 0.3019757 0.899677 -0.4060904 0.1602252 0.6371946 -0.7551842 0.1538829 0.9317564 -0.3573872 0.0640679 0.9758072 -0.2093068 -0.06317508 0.8741765 -0.4851964 0.01999956 0.9245216 -0.3349651 -0.1818192 0.9366204 0.09062808 -0.338421 0.6841357 0.1327687 -0.7171686 0.3968651 -0.4425818 -0.8041265 0.5219903 -0.7936229 -0.3125523 0.6241298 -0.7738826 0.1075538 0.9824427 -0.1778928 -0.05621868 -3.12552e-6 -0.9994546 -0.03302532 -0.3237192 -0.9240576 -0.203282 2.35827e-7 -0.9731746 -0.230068 -0.4397578 -0.8962604 -0.05770993 -0.488536 -0.8722816 0.02139425 -0.4885651 -0.870549 0.05872529 -0.4958935 -0.8649281 0.07739001 -0.4907664 -0.8712655 0.006697118 -0.4885369 -0.8722797 0.02144521 0.4397575 -0.8962604 -0.05771136 0.3237195 -0.9240576 -0.2032815 0.4969695 -0.8676632 0.01348894 0.4885667 -0.8705482 0.05872505 0.4958931 -0.8649283 0.07739001 0.4969573 -0.8676705 0.01347935 0.4969606 -0.8676681 0.01350057 -0.8310505 0.2628503 0.4901683 2.47298e-6 0.1887962 0.9820164 8.08388e-6 0.6561384 0.7546406 -0.6988089 0.3592892 -0.6185284 -0.8613882 -0.4139975 -0.2943071 -1.10548e-5 -0.3499801 -0.9367572 0.6988091 0.3592849 -0.6185308 0.8613841 -0.4140028 -0.2943115 0.8310501 0.2628546 0.4901667 0.4844962 -0.4804197 0.731068 -1.65775e-7 -0.9997424 -0.02269667 -0.4844966 -0.4804207 0.7310671</float_array>
          <technique_common>
            <accessor source="#mario_head__mat_mario_body-mesh-normals-array" count="169" stride="3">
              <param name="X" type="float"/>
              <param name="Y" type="float"/>
              <param name="Z" type="float"/>
            </accessor>
          </technique_common>
        </source>
        <source id="mario_head__mat_mario_body-mesh-map-0">
          <float_array id="mario_head__mat_mario_body-mesh-map-0-array" count="984">0.983333 0.006667912 0.986456 0.1475409 0.981751 0.006667912 0.987128 0.195603 0.986456 0.1475409 0.983333 0.006667912 0.988443 0.1102349 0.987128 0.195603 0.983333 0.006667912 0.989173 0.006667912 0.988443 0.1102349 0.983333 0.006667912 0.991691 0.006667912 0.988443 0.1102349 0.989173 0.006667912 0.988443 0.1102349 0.991691 0.006667912 0.990846 0.077546 0.775499 0.166032 0.817492 0.145357 0.757642 0.126037 0.762118 0.153912 0.775499 0.166032 0.757642 0.126037 0.82634 0.09285688 0.757642 0.126037 0.817492 0.145357 0.812678 0.02226912 0.757642 0.126037 0.82634 0.09285688 0.756815 -0.003765583 0.757642 0.126037 0.812678 0.02226912 1.01542 0.006667912 1.01701 0.006667912 1.01223 0.1475409 1.01163 0.195603 1.01542 0.006667912 1.01223 0.1475409 1.01031 0.1102349 1.01542 0.006667912 1.01163 0.195603 1.00958 0.006667912 1.01542 0.006667912 1.01031 0.1102349 1.00706 0.006667912 1.00958 0.006667912 1.01031 0.1102349 1.01031 0.1102349 1.00791 0.077546 1.00706 0.006667912 0.775499 0.166032 0.757642 0.126037 0.817492 0.145357 0.762118 0.153912 0.757642 0.126037 0.775499 0.166032 0.82634 0.09285688 0.817492 0.145357 0.757642 0.126037 0.812678 0.02226912 0.82634 0.09285688 0.757642 0.126037 0.756815 -0.003765583 0.812678 0.02226912 0.757642 0.126037 0.516043 0.557209 0.449183 0.686342 0.307686 0.557208 0.516043 0.557209 0.310658 0.557209 0.449183 0.686342 0.516043 0.557209 0.449183 0.686342 0.310658 0.557209 0.516043 0.557209 0.307686 0.557208 0.449183 0.686342 0.307686 0.557208 0.294634 0.7433 0.449183 0.686342 0.294634 0.7433 0.302102 0.64998 0.449183 0.686342 0.449183 0.686342 0.302102 0.64998 0.310658 0.557209 0.449183 0.686342 0.310658 0.557209 0.302102 0.64998 0.294634 0.7433 0.449183 0.686342 0.302102 0.64998 0.294634 0.7433 0.307686 0.557208 0.449183 0.686342 0.481582 0.781694 0.440514 0.835041 0.473986 1.00057 0.515381 1.00057 0.481582 0.781694 0.473986 1.00057 0.473986 1.00057 0.481582 1.21944 0.515381 1.00057 0.440514 1.16609 0.481582 1.21944 0.473986 1.00057 0.473986 1.00057 0.440514 0.835041 0.440514 1.16609 0.440514 1.16609 0.440514 0.835041 0.331874 1.08893 0.319778 1.23055 0.440514 1.16609 0.331874 1.08893 0.331874 1.08893 0.268614 1.13084 0.319778 1.23055 0.331874 1.08893 0.2493669 1.00057 0.268614 1.13084 0.331874 1.08893 0.331874 0.912201 0.2493669 1.00057 0.440514 0.835041 0.331874 0.912201 0.331874 1.08893 0.319778 0.770585 0.331874 0.912201 0.440514 0.835041 0.440514 0.835041 0.388766 0.756306 0.319778 0.770585 0.481582 0.781694 0.388766 0.756306 0.440514 0.835041 0.331874 0.912201 0.268614 0.870294 0.2493669 1.00057 0.331874 0.912201 0.319778 0.770585 0.268614 0.870294 0.139873 0.918361 0.12959 0.899694 0.115454 0.909825 0.139873 0.918361 0.143389 0.91666 0.12959 0.899694 0.143389 0.91666 0.129609 0.898613 0.12959 0.899694 0.129609 0.898613 0.143389 0.91666 0.1331599 0.909335 0.136151 0.922272 0.1331599 0.909335 0.143389 0.91666 0.143389 0.91666 0.134827 0.933352 0.136151 0.922272 0.133638 0.949058 0.134827 0.933352 0.143389 0.91666 0.112575 0.961669 0.134827 0.933352 0.133638 0.949058 0.112575 0.961669 0.112575 0.953692 0.134827 0.933352 0.134827 0.933352 0.112575 0.953692 0.112575 0.961669 0.134827 0.933352 0.112575 0.961669 0.133638 0.949058 0.133638 0.949058 0.143389 0.91666 0.134827 0.933352 0.134827 0.933352 0.143389 0.91666 0.136151 0.922272 0.136151 0.922272 0.143389 0.91666 0.1331599 0.909335 0.129609 0.898613 0.1331599 0.909335 0.143389 0.91666 0.129609 0.898613 0.143389 0.91666 0.12959 0.899694 0.12959 0.899694 0.143389 0.91666 0.139873 0.918361 0.12959 0.899694 0.139873 0.918361 0.115454 0.909825 -2.40386e-4 0.88367 -0.253266 0.737862 -0.2451519 0.444164 -2.40386e-4 0.88367 -0.2451519 0.444164 -2.40386e-4 0.579414 0.244672 0.444164 -2.40386e-4 0.88367 -2.40386e-4 0.579414 0.244672 0.444164 0.252785 0.737862 -2.40386e-4 0.88367 0.252785 0.737862 0.231056 0.898963 -2.40386e-4 0.88367 -2.40386e-4 0.88367 0.231056 0.898963 -2.40386e-4 1.02163 -0.231536 0.898963 -2.40386e-4 0.88367 -2.40386e-4 1.02163 -0.253266 0.737862 -2.40386e-4 0.88367 -0.231536 0.898963 0.873844 0.0632584 0.822773 0.0303421 0.831337 0.112055 0.873844 0.0632584 0.831337 0.112055 0.875783 0.161818 0.917538 0.1787949 0.873844 0.0632584 0.875783 0.161818 0.873844 0.0632584 0.917538 0.1787949 0.94854 0.0774275 0.94854 0.0774275 0.910408 0.02376669 0.873844 0.0632584 0.847833 -0.009726047 0.873844 0.0632584 0.910408 0.02376669 0.847833 -0.009726047 0.822773 0.0303421 0.873844 0.0632584 0.97618 0.183785 0.964934 -0.114371 0.957749 0.126033 0.856822 0.2450799 0.875783 0.161818 0.818812 0.211699 0.875783 0.161818 0.856822 0.2450799 0.916426 0.246311 0.916426 0.246311 0.917538 0.1787949 0.875783 0.161818 0.875783 0.161818 0.831337 0.112055 0.818812 0.211699 0.991691 0.006667912 0.995301 0.006667912 0.990846 0.194884 0.995301 0.006667912 0.992219 0.16812 0.990846 0.194884 0.992219 0.16812 0.995301 0.006667912 0.999378 0.007776379 0.999378 0.006667912 0.999378 0.007776379 0.995301 0.006667912 0.999378 0.006667912 1.00345 0.006667912 0.999378 0.007776379 1.00345 0.006667912 1.00708 0.16812 0.999378 0.007776379 1.00345 0.006667912 1.00791 0.194884 1.00708 0.16812 1.00706 0.006667912 1.00791 0.194884 1.00345 0.006667912 0.375193 0.01694148 0.398981 0.03791922 0.39346 0.09388971 0.398981 0.03791922 0.375193 0.01694148 0.345909 0.006697237 0.345909 0.006697237 0.375193 0.01694148 0.345909 0.08928948 0.375193 0.01694148 0.345909 0.006697237 0.345909 0.08928948 0.398981 0.03791922 0.345909 0.006697237 0.375193 0.01694148 0.375193 0.01694148 0.39346 0.09388971 0.398981 0.03791922 0.345909 0.08928948 0.39346 0.09388971 0.375193 0.01694148 0.39346 0.09388971 0.345909 0.08928948 0.345909 0.1925129 0.345909 0.1925129 0.433002 0.237199 0.39346 0.09388971 0.39346 0.09388971 0.433002 0.237199 0.426995 0.122092 0.39346 0.09388971 0.426995 0.122092 0.421543 0.05017477 0.398981 0.03791922 0.39346 0.09388971 0.421543 0.05017477 0.398981 0.03791922 0.421543 0.05017477 0.426995 0.122092 0.398981 0.03791922 0.426995 0.122092 0.421543 0.05017477 0.398981 0.03791922 0.421543 0.05017477 0.39346 0.09388971 0.39346 0.09388971 0.421543 0.05017477 0.426995 0.122092 0.39346 0.09388971 0.426995 0.122092 0.433002 0.237199 0.345909 0.1925129 0.39346 0.09388971 0.433002 0.237199 0.39346 0.09388971 0.345909 0.1925129 0.345909 0.08928948 0.345909 0.08928948 0.375193 0.01694148 0.39346 0.09388971 0.999378 0.007776379 1.00219 0.1421859 0.996564 0.1421859 0.996564 0.1421859 0.992219 0.16812 0.999378 0.007776379 1.00708 0.16812 1.00219 0.1421859 0.999378 0.007776379 0.97618 0.183785 0.957749 0.126033 0.964934 -0.114371 0.856822 0.2450799 0.818812 0.211699 0.875783 0.161818 0.875783 0.161818 0.916426 0.246311 0.856822 0.2450799 0.916426 0.246311 0.875783 0.161818 0.917538 0.1787949 0.917538 0.1787949 0.875783 0.161818 0.873844 0.0632584 0.873844 0.0632584 0.94854 0.0774275 0.917538 0.1787949 0.94854 0.0774275 0.873844 0.0632584 0.910408 0.02376669 0.873844 0.0632584 0.847833 -0.009726047 0.910408 0.02376669 0.873844 0.0632584 0.822773 0.0303421 0.847833 -0.009726047 0.873844 0.0632584 0.831337 0.112055 0.822773 0.0303421 0.873844 0.0632584 0.875783 0.161818 0.831337 0.112055 0.875783 0.161818 0.818812 0.211699 0.831337 0.112055 0.481582 1.21944 0.440514 1.16609 0.388766 1.24483 0.440514 1.16609 0.319778 1.23055 0.388766 1.24483 0.726266 0.1478509 0.721519 0.2252179 0.752057 0.211076 0.691567 0.200496 0.721519 0.2252179 0.726266 0.1478509 0.726266 0.1478509 0.653473 0.190678 0.691567 0.200496 0.726266 0.1478509 0.640087 0.136846 0.653473 0.190678 0.726266 0.1478509 0.617551 0.126981 0.640087 0.136846 0.726266 0.1478509 0.607798 0.06950652 0.617551 0.126981 0.726266 0.1478509 0.61845 0.01514607 0.607798 0.06950652 0.691567 0.200496 0.726266 0.1478509 0.721519 0.2252179 0.653473 0.190678 0.726266 0.1478509 0.691567 0.200496 0.640087 0.136846 0.726266 0.1478509 0.653473 0.190678 0.617551 0.126981 0.726266 0.1478509 0.640087 0.136846 0.607798 0.06950652 0.726266 0.1478509 0.617551 0.126981 0.607798 0.06950652 0.61845 0.01514607 0.726266 0.1478509 0.752057 0.211076 0.721519 0.2252179 0.726266 0.1478509 0.999902 0.09254252 1.00663 0.09349089 1.00663 -0.007396697 0.999902 0.09254252 1.00663 -0.007396697 1.00513 -0.007396697 1.00513 -0.007396697 0.999052 0.144602 0.999902 0.09254252 1.00663 0.09941202 0.999052 0.144602 1.00513 -0.007396697 1.00513 -0.007396697 1.00812 -0.007396697 1.00663 0.09941202 1.00812 -0.007396697 1.0142 0.144602 1.00663 0.09941202 1.00812 -0.007396697 1.01335 0.09254252 1.0142 0.144602 1.01335 0.09254252 1.00812 -0.007396697 1.00663 -0.007396697 1.01335 0.09254252 1.00663 -0.007396697 1.00663 0.09349089 1.01335 0.09254252 1.00663 0.09349089 1.01012 0.144602 1.0142 0.144602 1.01335 0.09254252 1.01012 0.144602 1.0142 0.144602 1.01012 0.144602 1.00663 0.18206 1.00663 0.09941202 1.0142 0.144602 1.00663 0.18206 0.999052 0.144602 1.00663 0.09941202 1.00663 0.18206 1.00313 0.144602 0.999052 0.144602 1.00663 0.18206 0.999052 0.144602 1.00313 0.144602 0.999902 0.09254252 0.999902 0.09254252 1.00313 0.144602 1.00663 0.09349089 1.00313 0.144602 1.01012 0.144602 1.00663 0.09349089 1.00663 0.18206 1.01012 0.144602 1.00313 0.144602</float_array>
          <technique_common>
            <accessor source="#mario_head__mat_mario_body-mesh-map-0-array" count="492" stride="2">
              <param name="S" type="float"/>
              <param name="T" type="float"/>
            </accessor>
          </technique_common>
        </source>
        <vertices id="mario_head__mat_mario_body-mesh-vertices">
          <input semantic="POSITION" source="#mario_head__mat_mario_body-mesh-positions"/>
        </vertices>
        <triangles material="mat_mario_body-material" count="164">
          <input semantic="VERTEX" source="#mario_head__mat_mario_body-mesh-vertices" offset="0"/>
          <input semantic="NORMAL" source="#mario_head__mat_mario_body-mesh-normals" offset="1"/>
          <input semantic="TEXCOORD" source="#mario_head__mat_mario_body-mesh-map-0" offset="2" set="0"/>
          <p>0 0 0 1 1 1 2 2 2 3 3 3 1 1 4 0 0 5 4 4 6 3 3 7 0 0 8 7 5 9 4 4 10 0 0 11 5 6 12 4 4 13 7 5 14 4 4 15 5 6 16 6 7 17 8 8 18 9 9 19 10 10 20 138 11 21 8 8 22 10 10 23 11 12 24 10 10 25 9 9 26 13 13 27 10 10 28 11 12 29 12 14 30 10 10 31 13 13 32 14 15 33 15 16 34 16 17 35 17 18 36 14 15 37 16 17 38 18 19 39 14 15 40 17 18 41 21 20 42 14 15 43 18 19 44 20 21 45 21 20 46 18 19 47 18 19 48 19 22 49 20 21 50 22 23 51 23 24 52 24 25 53 28 26 54 23 24 55 22 23 56 25 27 57 24 25 58 23 24 59 27 28 60 25 27 61 23 24 62 26 29 63 27 28 64 23 24 65 29 30 66 30 31 67 31 32 68 29 30 69 32 33 70 30 31 71 29 30 72 94 34 73 32 33 74 29 30 75 31 32 76 94 34 77 31 32 78 120 35 79 94 34 80 120 35 81 95 36 82 94 34 83 94 34 84 95 36 85 32 33 86 30 31 87 32 33 88 33 37 89 68 38 90 30 31 91 33 37 92 68 38 93 31 32 94 30 31 95 34 39 96 35 40 97 36 41 98 84 42 99 34 39 100 36 41 101 36 41 102 96 43 103 84 42 104 71 44 105 96 43 106 36 41 107 36 41 108 35 40 109 71 44 110 71 44 111 35 40 112 72 45 113 97 46 114 71 44 115 72 45 116 72 45 117 98 47 118 97 46 119 72 45 120 40 48 121 98 47 122 72 45 123 38 49 124 40 48 125 35 40 126 38 49 127 72 45 128 37 50 129 38 49 130 35 40 131 35 40 132 44 51 133 37 50 134 34 39 135 44 51 136 35 40 137 38 49 138 39 52 139 40 48 140 38 49 141 37 50 142 39 52 143 41 53 144 42 54 145 43 55 146 41 53 147 45 56 148 42 54 149 45 56 150 66 57 151 42 54 152 66 57 153 45 56 154 67 58 155 74 59 156 67 58 157 45 56 158 45 56 159 79 60 160 74 59 161 80 61 162 79 60 163 45 56 164 78 62 165 79 60 166 80 61 167 78 62 168 88 63 169 79 60 170 124 64 171 88 63 172 78 62 173 124 64 174 78 62 175 136 65 176 136 65 177 101 66 178 124 64 179 124 64 180 101 66 181 123 67 182 123 67 183 101 66 184 121 68 185 100 69 186 121 68 187 101 66 188 100 69 189 101 66 190 102 70 191 102 70 192 101 66 193 131 71 194 102 70 195 131 71 196 132 72 197 46 73 198 47 74 199 48 75 200 46 73 201 48 75 202 85 76 203 103 77 204 46 73 205 85 76 206 103 77 207 133 78 208 46 73 209 133 78 210 99 79 211 46 73 212 46 73 213 99 79 214 87 80 215 86 81 216 46 73 217 87 80 218 47 74 219 46 73 220 86 81 221 49 82 222 50 83 223 51 84 224 49 82 225 51 84 226 56 85 227 64 86 228 49 82 229 56 85 230 49 82 231 64 86 232 65 87 233 65 87 234 83 88 235 49 82 236 82 89 237 49 82 238 83 88 239 82 89 240 50 83 241 49 82 242 52 90 243 53 91 244 54 92 245 55 93 246 56 85 247 57 94 248 56 85 249 55 93 250 73 95 251 73 95 252 64 86 253 56 85 254 56 85 255 51 84 256 57 94 257 58 96 258 59 97 259 60 98 260 59 97 261 137 99 262 60 98 263 137 99 264 59 97 265 90 100 266 89 101 267 90 100 268 59 97 269 89 101 270 112 102 271 90 100 272 112 102 273 113 103 274 90 100 275 112 102 276 111 104 277 113 103 278 110 105 279 111 104 280 112 102 281 61 106 282 62 107 283 63 108 284 62 107 285 61 106 286 75 109 287 75 109 288 61 106 289 77 110 290 114 111 291 75 109 292 77 110 293 116 112 294 75 109 295 114 111 296 114 111 297 115 113 298 116 112 299 77 110 300 115 113 301 114 111 302 115 113 303 77 110 304 76 114 305 76 114 306 125 115 307 115 113 308 115 113 309 125 115 310 126 116 311 115 113 312 126 116 313 127 117 314 116 112 315 115 113 316 127 117 317 116 112 318 127 117 319 126 116 320 62 107 321 69 118 322 70 119 323 62 107 324 70 119 325 63 108 326 63 108 327 70 119 328 69 118 329 63 108 330 69 118 331 81 120 332 76 114 333 63 108 334 81 120 335 63 108 336 76 114 337 77 110 338 77 110 339 61 106 340 63 108 341 91 121 342 92 122 343 93 123 344 93 123 345 137 124 346 91 121 347 113 125 348 92 122 349 91 121 350 104 126 351 105 127 352 106 128 353 107 129 354 108 130 355 109 131 356 109 131 357 122 132 358 107 129 359 122 132 360 109 131 361 119 133 362 119 133 363 109 131 364 117 134 365 117 134 366 118 135 367 119 133 368 118 135 369 117 134 370 129 136 371 117 134 372 128 137 373 129 136 374 117 134 375 135 138 376 128 137 377 117 134 378 134 139 379 135 138 380 117 134 381 109 131 382 134 139 383 109 131 384 108 130 385 134 139 386 96 43 387 71 44 388 130 140 389 71 44 390 97 46 391 130 140 392 139 141 393 140 142 394 141 143 395 144 144 396 140 142 397 139 141 398 139 141 399 154 145 400 144 144 401 139 141 402 153 146 403 154 145 404 139 141 405 152 147 406 153 146 407 139 141 408 143 148 409 152 147 410 139 141 411 142 149 412 143 148 413 145 150 414 139 141 415 146 151 416 149 152 417 139 141 418 145 150 419 148 153 420 139 141 421 149 152 422 147 154 423 139 141 424 148 153 425 150 155 426 139 141 427 147 154 428 150 155 429 151 156 430 139 141 431 141 143 432 146 151 433 139 141 434 155 157 435 156 158 436 157 159 437 155 157 438 157 159 439 158 160 440 158 160 441 166 161 442 155 157 443 164 162 444 166 161 445 158 160 446 158 160 447 163 163 448 164 162 449 163 163 450 161 164 451 164 162 452 163 163 453 160 165 454 161 164 455 160 165 456 163 163 457 157 159 458 160 165 459 157 159 460 156 158 461 160 165 462 156 158 463 162 166 464 161 164 465 160 165 466 162 166 467 161 164 468 162 166 469 165 167 470 164 162 471 161 164 472 165 167 473 166 161 474 164 162 475 165 167 476 159 168 477 166 161 478 165 167 479 166 161 480 159 168 481 155 157 482 155 157 483 159 168 484 156 158 485 159 168 486 162 166 487 156 158 488 165 167 489 162 166 490 159 168 491</p>
        </triangles>
      </mesh>
    </geometry>
    <geometry id="mario-mesh" name="mario">
      <mesh>
        <source id="mario-mesh-positions">
          <float_array id="mario-mesh-positions-array" count="750">2.19823 -4.200443 0.6824302 0.699532 -3.386073 1.17127 2.02744 -3.323353 0.21539 1.69391 -1.552093 0.6365 2.89641 -1.700843 1.03467 2.02744 -3.323353 0.21539 1.30326 -3.324343 3.06302 2.39926 -3.728923 2.40765 1.4142 -2.428553 2.91453 0.108397 -2.887383 2.06508 1.4142 -2.428553 2.91453 0.481381 -2.079403 2.24805 1.38639 -4.123933 1.70341 0.607455 -3.679153 2.44672 2.88682 -3.575233 1.10108 2.39926 -3.728923 2.40765 2.19823 -4.200443 0.6824302 1.38639 -4.123933 1.70341 2.88682 -3.575233 1.10108 2.19823 -4.200443 0.6824302 0.607455 -3.679153 2.44672 1.30326 -3.324343 3.06302 0.128582 -2.631163 1.19889 0.108397 -2.887383 2.06508 1.3325 -1.469083 1.71166 0.481381 -2.079403 2.24805 1.69391 -1.552093 0.6365 1.69391 -1.552093 0.6365 1.30326 -3.324343 3.06302 2.88682 -3.575233 1.10108 2.89641 -1.700843 1.03467 2.47747 -1.733663 2.06554 1.3325 -1.469083 1.71166 1.56868 -1.404453 0.3281901 3.08257 -1.739293 0.90478 1.99589 -2.403173 1.56333 2.59018 -1.631713 2.35181 1.07973 -1.297783 1.96011 2.28713 -0.658803 1.42506 -2.19823 -4.200443 0.6824302 -2.02744 -3.323353 0.21539 -0.699532 -3.386073 1.17127 -1.69391 -1.552093 0.6365 -2.02744 -3.323353 0.21539 -2.89666 -1.700343 1.03512 -1.30326 -3.324343 3.06303 -1.4142 -2.428553 2.91453 -2.39926 -3.728923 2.40765 -0.108397 -2.887383 2.06508 -0.481381 -2.079403 2.24805 -1.4142 -2.428553 2.91453 -0.607455 -3.679153 2.44672 -1.38639 -4.123933 1.70341 -2.88682 -3.575233 1.10108 -2.19823 -4.200443 0.6824302 -2.39926 -3.728923 2.40765 -1.38639 -4.123933 1.70341 -2.19823 -4.200443 0.6824302 -2.88682 -3.575233 1.10108 -1.30326 -3.324343 3.06303 -0.607455 -3.679153 2.44672 -0.128582 -2.631163 1.19889 -0.108397 -2.887383 2.06508 -1.3325 -1.469083 1.71166 -1.69391 -1.552093 0.6365 -0.481381 -2.079403 2.24805 -1.69391 -1.552093 0.6365 -1.30326 -3.324343 3.06303 -2.88682 -3.575233 1.10108 -2.47747 -1.733663 2.06554 -2.89666 -1.700343 1.03512 -1.3325 -1.469083 1.71166 -1.56868 -1.404453 0.3281901 -1.99589 -2.403173 1.56333 -3.08257 -1.739293 0.90478 -2.59018 -1.631713 2.35181 -1.07973 -1.297783 1.96011 -2.28713 -0.658803 1.42506 1.186 -5.227673 -0.2038599 1.186 -4.354003 0.8818401 0.181132 -4.775283 -0.800728 2.33116 -4.789763 -0.781619 2.49061 -3.904413 -0.1618399 0.07626867 -3.247773 -0.56147 0.449161 -2.113673 -2.401002 0.498661 -3.088473 -3.02624 1.186 -5.227673 -0.2038599 0.181132 -4.775283 -0.800728 2.33116 -4.789763 -0.781619 2.43748 -2.828193 -1.392985 1.186 -3.200583 0.07529008 0.132373 -3.917113 -0.1861499 1.186 -2.376363 0.4822 2.43748 -2.828193 -1.392985 2.31035 -1.572463 -0.5083 2.36475 0.06415599 -0.6631 1.32113 -1.044643 -0.6328049 1.23156 0.1178799 0.6181902 1.186 -3.200583 0.07529008 0 -0.700883 -1.500977 1.08475 -0.260595 -1.830691 0 1.000082 -2.017356 1.14056 1.864687 -1.65636 -0.132373 -3.917113 -0.1861499 -1.186 -4.354003 0.8818401 -0.181132 -4.775283 -0.800728 -1.78796 -3.090883 -3.02306 -2.43748 -2.828193 -1.392985 -1.92167 -2.061213 -2.380473 -2.33116 -4.789763 -0.781619 -1.186 -5.227673 -0.2038599 -2.49061 -3.904413 -0.1618399 -1.186 -5.227673 -0.2038599 -2.33116 -4.789763 -0.781619 -0.181132 -4.775283 -0.800728 -1.186 -3.200583 0.07529008 -2.43748 -2.828193 -1.392985 -1.186 -3.200583 0.07529008 -1.186 -2.376363 0.4822 -1.23156 0.1178799 0.6181902 -1.32113 -1.044643 -0.6328049 -0.07626867 -3.247773 -0.56147 -2.36475 0.06415599 -0.6631 -2.31035 -1.572463 -0.5083 -1.72432 -0.07348197 1.84224 0 -0.325936 2.25519 -1.67399 1.04317 2.41682 -1.14056 1.864687 -1.65636 -2.1594 2.164817 -0.2262399 0 2.461867 -0.8604969 -2.10814 1.433468 1.03636 -2.42771 0.625772 0.5110201 -1.12856 2.068767 2.54359 0 3.001997 1.95796 -1.70599 2.563287 1.54723 0 1.159017 2.82975 -1.12856 2.068767 2.54359 0 3.001997 1.95796 -1.12856 2.068767 2.54359 0 2.927307 5.07839 0 1.159017 2.82975 -2.36475 0.06415599 -0.6631 -1.79305 -0.7860731 0.7382799 -2.27023 1.40251 -1.001142 -1.32113 -1.044643 -0.6328049 0 -1.448163 1.07571 0 2.691347 0.5909201 1.72432 -0.07348197 1.84224 1.67399 1.04317 2.41682 2.10814 1.433468 1.03636 2.1594 2.164817 -0.2262399 2.42771 0.625772 0.5110201 1.12856 2.068767 2.54359 1.70599 2.563287 1.54723 1.12856 2.068767 2.54359 0 -0.700883 -1.500977 1.32113 -1.044643 -0.6328049 0 -1.536523 -0.5923399 1.12856 2.068767 2.54359 1.14056 1.864687 -1.65636 1.79305 -0.7860731 0.7382799 2.36475 0.06415599 -0.6631 2.17703 1.40251 -1.001142 0 1.864687 -1.65636 0 1.000082 -2.017356 -3.15722 0.4251227 1.10916 -2.24632 1.420511 2.46782 -1.70599 2.563287 1.54723 -1.34449 -1.451483 1.81385 -1.93635 0.09143495 0.6162602 -1.66576 0.3559361 1.85056 -1.51107 0.042207 1.8932 -1.67399 1.04317 2.41682 -2.24632 1.420511 2.46782 -2.68368 -0.074835 2.10412 -2.37992 -1.708583 2.08991 -2.10814 1.433468 1.03636 -1.63353 2.069787 2.54482 -1.63353 2.069787 2.54482 -2.68368 -0.074835 2.10412 -3.19992 -0.214907 1.01618 -2.75861 -1.806993 1.06382 -1.64739 -1.542403 0.62805 -2.37992 -1.708583 2.08991 2.24632 1.420511 2.46782 2.68368 -0.074835 2.10412 3.15722 0.4251227 1.10916 1.34449 -1.451483 1.81385 1.66576 0.3559361 1.85056 1.93635 0.09143495 0.6162602 2.24632 1.420511 2.46782 1.51107 0.042207 1.8932 2.68368 -0.074835 2.10412 1.70599 2.563287 1.54723 2.37992 -1.708583 2.08991 2.10814 1.433468 1.03636 1.63353 2.069787 2.54482 1.67399 1.04317 2.41682 1.63353 2.069787 2.54482 3.19992 -0.214907 1.01618 2.75861 -1.806993 1.06382 1.64739 -1.542403 0.62805 2.37992 -1.708583 2.08991 1.63353 2.069787 2.54482 1.63353 2.069787 2.54482 -1.63353 2.069787 2.54482 -1.63353 2.069787 2.54482 -0.07626867 -3.247773 -0.56147 -0.08571881 -1.458673 0.16931 -2.00512 -1.417273 -1.592183 -2.02024 -1.152973 -1.509356 0.460596 -1.161723 -1.512777 0.08571881 -1.458673 0.16931 0.462883 -1.417273 -1.592182 0.07626867 -3.247773 -0.56147 0.08571881 -1.458673 0.16931 1.78796 -3.090883 -3.02306 0.498661 -3.088473 -3.02624 1.78796 -3.090883 -3.02306 -0.498661 -3.088473 -3.02624 -1.78796 -3.090883 -3.02306 -0.498661 -3.088473 -3.02624 2.00394 -2.061213 -2.380473 0.498661 -3.088473 -3.02624 0.449161 -2.113673 -2.401002 -0.449161 -2.113673 -2.401002 -0.498661 -3.088473 -3.02624 -0.449161 -2.113673 -2.401002 2.02024 -1.152973 -1.509356 2.00512 -1.417273 -1.592183 -0.462883 -1.417273 -1.592182 -0.08571881 -1.458673 0.16931 -0.460596 -1.161723 -1.512777 2.16333 0.1763539 -1.397434 -2.16333 0.1763539 -1.397434 -2.27023 1.40251 -1.001142 -1.14056 1.864687 -1.65636 -1.08475 -0.260595 -1.830691 0 -0.700883 -1.500977 -1.186 -1.352443 0.73693 1.186 -1.352443 0.73693 2.00394 -2.061213 -2.380473 0.449161 -2.113673 -2.401002 0.07626867 -3.247773 -0.56147 -0.449161 -2.113673 -2.401002 -0.07626867 -3.247773 -0.56147 -1.92167 -2.061213 -2.380473 2.27212 0.4642601 -0.2967 -2.27212 0.4642601 -0.2967 2.17703 1.40251 -1.001142</float_array>
          <technique_common>
            <accessor source="#mario-mesh-positions-array" count="250" stride="3">
              <param name="X" type="float"/>
              <param name="Y" type="float"/>
              <param name="Z" type="float"/>
            </accessor>
          </technique_common>
        </source>
        <source id="mario-mesh-normals">
          <float_array id="mario-mesh-normals-array" count="759">0.1275545 -0.9068848 -0.4016093 -0.6514996 -0.5179564 -0.5543189 0.1592305 -0.1024289 -0.9819135 -0.2806932 -0.9587547 0.04473137 -0.6098784 -0.6330288 0.4767838 -0.9217858 -0.1675426 0.3496293 -0.8863154 0.151214 -0.437698 -0.7076668 0.6574006 0.2589059 -0.444455 0.4198716 -0.7913076 -0.4444553 0.4198884 -0.7912986 0.8443255 0.1101023 -0.5243968 0.1591772 -0.1024606 -0.9819188 0.9578559 -0.2536779 -0.1347575 0.1274084 -0.9068887 -0.4016466 -0.08749955 -0.2759197 0.9571898 0.5177913 -0.5899915 0.6195178 -0.1561678 0.3617095 0.9191181 0.7167366 0.275361 0.6406755 -0.325546 0.8677308 0.3755838 0.9578558 -0.2536759 -0.1347624 0.8443342 0.1100867 -0.5243862 -0.9218045 -0.1675324 0.3495848 -0.1561833 0.3616797 0.9191271 -0.7076846 0.6573753 0.2589213 -0.6098652 -0.6330594 0.4767603 -0.0874173 -0.2758551 0.9572159 -0.3255475 0.8677412 0.3755584 -0.4443925 0.4198641 -0.7913467 0.9578856 -0.253568 -0.1347534 0.5178351 -0.5899309 0.6195389 0.1274608 -0.9068758 -0.4016593 -0.2806823 -0.958759 0.04470705 -0.6099357 -0.6329996 0.4767494 -0.08748847 -0.2758128 0.9572216 -0.4381541 0.04939359 -0.8975418 0.9051975 -0.1852809 -0.3824771 -0.1568072 -0.9848383 0.0741961 -0.822997 0.1854895 0.5369076 0.2449392 0.9690306 0.03137928 0.4745602 -0.04811042 0.8789073 -0.1275594 -0.9068802 -0.401618 -0.1592938 -0.1024758 -0.9818983 0.6515008 -0.5179556 -0.5543184 0.2806794 -0.9587594 0.04471677 0.6099179 -0.6329877 0.476788 0.9217774 -0.1675814 0.3496326 0.8863061 0.1512375 -0.4377086 0.7076767 0.6573892 0.2589078 0.4444103 0.4198981 -0.7913186 0.4444197 0.4198964 -0.7913142 -0.159222 -0.1024355 -0.9819142 -0.8444018 0.1100405 -0.5242869 -0.9578662 -0.2536693 -0.1347007 -0.1274846 -0.9069131 -0.4015674 0.08752089 -0.2758532 0.957207 0.1561652 0.3616799 0.9191301 -0.5177901 -0.589988 0.6195222 -0.7166851 0.275298 0.6407601 0.3255565 0.8677225 0.375594 -0.9578639 -0.2536748 -0.134707 -0.8444109 0.1100597 -0.5242682 0.9217901 -0.1675837 0.3495982 0.707663 0.6573992 0.2589194 0.1561343 0.3616841 0.9191338 0.6098899 -0.6330488 0.4767428 0.08744341 -0.2758738 0.957208 0.3255606 0.8677318 0.3755686 0.4443238 0.4199291 -0.7913507 -0.9578544 -0.2536756 -0.134773 -0.1274838 -0.906867 -0.4016718 -0.5178024 -0.5899266 0.6195703 0.2806799 -0.9587598 0.04470449 0.6099267 -0.6329728 0.4767966 0.0874089 -0.2758158 0.957228 0.4381535 0.04939359 -0.8975422 0.1568034 -0.984839 0.07419526 -0.9051961 -0.1852903 -0.3824757 0.8229973 0.1854871 0.5369077 -0.244939 0.9690306 0.03137975 -0.4745576 -0.04810965 0.8789088 -0.02927064 -0.9783391 0.2049289 -0.06406497 -0.3210262 0.9449011 -0.7637338 -0.6415069 -0.07197171 0.706893 -0.695195 -0.1304079 0.8031882 0.1883566 0.5651643 0.9932401 0.01226681 0.1154279 0.6433231 -0.1319475 -0.7541388 0.5801615 0.4611099 -0.6714092 -0.7379795 -0.09255176 -0.6684463 -0.6432577 0.4502509 -0.6192687 -0.9407736 -0.04761439 0.3356753 -0.6431863 0.4502786 -0.6193227 -0.7379816 -0.09256315 -0.6684424 -0.7908093 0.1156731 0.6010328 0.05098849 0.3184124 0.94658 -0.02928733 -0.9783306 0.2049677 -0.7636941 -0.6415566 -0.07194727 0.7069255 -0.6951642 -0.1303957 0.643306 -0.1319744 -0.7541487 -0.7379915 -0.09250247 -0.6684399 0.1802975 -0.3651484 0.9133233 0.9932298 0.01222139 0.1155216 0.9292333 -0.08847391 0.358745 0.05092382 0.318395 0.9465894 -0.9407835 -0.0476669 0.3356403 -0.6382857 -0.03904092 0.768809 0.2978982 -0.07774585 0.9514265 -0.5223474 0.8499899 0.0683403 -7.91736e-5 0.3886623 -0.9213804 0.5034058 -0.6530339 -0.5657999 0.828208 -0.03834122 -0.5591078 0.9806581 0.1136755 0.1593349 -0.0309146 0.8999502 0.4348952 0.2945978 -0.4434944 -0.8464779 -0.01250982 -0.6876241 -0.7259591 -0.02357149 0.8509503 0.5247172 -0.6383157 -0.03904467 0.7687839 -0.9407749 -0.04765933 0.3356654 -0.6432099 0.450284 -0.6192942 0.5801622 0.4611616 -0.6713733 0.7846282 0.04592889 -0.6182631 0.1844673 -0.03322505 -0.9822769 0.3227779 0.4858601 -0.8122528 -3.19257e-6 0.01268702 -0.9999195 7.04676e-5 0.3886957 -0.9213663 0.638318 -0.03900337 0.7687841 0.01261293 -0.6875941 -0.7259858 0.02396792 0.8508723 0.5248256 -0.294667 -0.4434325 -0.8464864 0.04570859 0.9209213 0.3870591 -0.931779 -0.08997327 0.3517001 -0.9938547 0.02542781 0.1077331 -0.180297 -0.365149 0.9133232 -0.05100214 0.3184095 0.9465803 0.9407843 -0.04767262 0.3356373 0.6382817 -0.03903877 0.7688124 -0.2978985 -0.07775539 0.9514257 -0.9845376 0.07680135 0.1574402 -0.7765636 0.02132695 -0.6296778 -0.184506 -0.03319132 -0.9822708 -0.3103036 0.489149 -0.815135 -0.9031487 0.1873264 -0.3863047 -0.8265165 -0.09775888 -0.5543589 0.5223095 0.8500158 0.0683093 1.06871e-4 0.388651 -0.9213851 -0.5034353 -0.6530243 -0.5657846 0.7908064 0.1156669 0.6010378 0.06406503 -0.3210262 0.9449011 0.7637281 -0.6415148 -0.07196068 -0.05099505 0.318413 0.9465795 0.940776 -0.04761958 0.3356681 0.7380113 -0.09250277 -0.668418 0.6432276 0.4503167 -0.6192521 -0.6417523 -0.1042308 -0.7597961 -0.9938595 0.02545744 0.1076814 -0.5642133 0.4764063 -0.6743149 -0.7069201 -0.6951594 -0.1304506 -0.8031894 0.1883592 0.5651616 0.02925193 -0.9783396 0.2049296 0.02925378 -0.9783313 0.2049687 -0.7069395 -0.6951452 -0.1304213 0.7637309 -0.6415053 -0.07201522 0.7379524 -0.09252637 -0.6684798 -0.6417425 -0.1042581 -0.7598006 -0.6860255 -0.436802 0.5818704 -2.08057e-6 -0.5195592 0.8544346 -0.1640559 -0.2277246 0.9598059 -0.8099127 0.50313 -0.3014994 -0.9838711 -0.04217553 0.1738363 -0.6892417 0.7093024 -0.1477701 -0.5569992 0.8248746 0.09661149 0 0.9827469 -0.1849555 2.87872e-6 0.9241899 -0.3819336 -0.3102518 0.4892075 -0.8151195 0 0.6141402 -0.7891969 0.3227686 0.4859313 -0.8122138 0.6984636 0.6963722 -0.1649676 0.8969426 0.2042343 -0.3921511 0.9871198 -0.03839224 0.1553079 0.8281641 -0.03835272 -0.5591722 0.7087202 -0.6794334 0.1899635 0.6860255 -0.4367993 0.5818724 0.8099113 0.5031337 -0.3014966 0.1640567 -0.2277107 0.959809 -8.96398e-7 -0.9329087 0.3601131 -0.7087189 -0.6794357 0.1899596 -0.8264887 -0.0977649 -0.5543991 -0.9031628 0.1873852 -0.3862433 -2.46167e-5 0.01273584 -0.999919 -0.4252824 0.3964446 0.8136133 1.48267e-6 0.9892603 0.1461655 -0.2195484 0.4040167 0.8880141 0.5569968 0.8248778 0.09659874 0.4252637 0.3964419 0.8136245 0.2195217 0.4040125 0.8880226 6.75768e-6 -0.3763763 0.926467 -0.4252533 0.3964689 0.8136167 0.4253181 0.3964225 0.8136054 0.2195808 0.4040443 0.8879936 -4.109e-6 0.9892689 0.1461068 -0.4252207 0.3964484 0.8136437 -5.07457e-6 0.3003356 0.9538336 0.4252206 0.3964637 0.8136363 2.35885e-5 -0.3763866 0.9264628 -0.503398 -0.6530784 -0.5657554 -1.13156e-5 -0.9385079 -0.3452578 -4.15146e-5 0.3885976 -0.9214076 0.5034382 -0.6530588 -0.5657423 -0.8690885 0.362263 -0.3368244 -0.5394632 0.08732908 0.8374682 -0.5570366 0.8248506 0.09660154 -0.7120614 -0.147228 0.6865075 -0.9750673 -0.1056913 -0.1951234 -0.4276552 -0.1141229 0.896709 -0.6938619 -0.1876004 -0.6952422 0.1604576 0.09038496 -0.9828957 -0.8099464 0.5030625 -0.3015211 0.6014877 -0.671828 0.4322726 -0.163995 -0.2277377 0.9598131 -0.5395215 0.08738529 0.8374249 -0.7119981 -0.1472683 0.6865645 0.3530001 -0.3217466 0.8785614 0.9643481 0.1636574 0.2079639 -0.427714 -0.1142196 0.8966687 -0.2195002 0.4041237 0.8879774 -0.2194932 0.4040559 0.88801 0.4502367 0.07320946 -0.889903 0.5394645 0.08732742 0.8374677 0.7120646 -0.1472438 0.6865008 0.8690885 0.362263 -0.3368244 0.5570366 0.8248522 0.09658747 0.2194918 0.4040576 0.8880095 0.8099518 0.5030489 -0.3015293 -0.1604567 0.09038782 -0.9828956 0.9750607 -0.1057406 -0.1951301 0.4276393 -0.1141932 0.8967077 0.6938611 -0.1876037 -0.6952422 -0.4502367 0.0732091 -0.889903 -0.9643461 0.1636689 0.2079641 -0.352977 -0.3217483 0.87857 0.4277197 -0.1141934 0.8966693 0.711994 -0.1473345 0.6865545 -0.6014497 -0.6718598 0.4322763 0.1639918 -0.2277173 0.9598186 0.5395507 0.08733242 0.8374117 0.2195655 0.4040951 0.8879742 -0.2194907 0.4040831 0.8879982 0.7379741 -0.09256625 -0.6684503 0.6432975 0.4502843 -0.6192032 0.6432656 0.4503308 -0.6192025 0.9407755 -0.04766988 0.3356623 -0.5641992 0.476475 -0.6742782 0.8969337 0.204171 -0.3922042</float_array>
          <technique_common>
            <accessor source="#mario-mesh-normals-array" count="253" stride="3">
              <param name="X" type="float"/>
              <param name="Y" type="float"/>
              <param name="Z" type="float"/>
            </accessor>
          </technique_common>
        </source>
        <source id="mario-mesh-map-0">
          <float_array id="mario-mesh-map-0-array" count="1668">0.108126 0.380999 0.06255656 0.2467499 0.06223028 0.409874 0.108126 0.380999 0.09350848 0.254881 0.06255656 0.2467499 0.06255656 0.2467499 0.09350848 0.254881 0.09236067 0.131618 0.06255656 0.2467499 0.09236067 0.131618 0.05481207 0.1382809 0.02383345 0.176028 0.06255656 0.2467499 0.05481207 0.1382809 0.05481207 0.1382809 -0.01176685 0.1543459 0.02383345 0.176028 0.02383345 0.176028 -0.01176685 0.1543459 -0.01009768 0.26287 0.06255656 0.2467499 0.02383345 0.176028 -0.01009768 0.26287 0.06255656 0.2467499 -0.01009768 0.26287 0.06223028 0.409874 2.33855 -0.007277488 2.24506 -0.04934132 2.28366 0.137332 2.24506 -0.04934132 2.18018 0.09181141 2.28366 0.137332 2.28366 0.137332 2.18018 0.09181141 2.23893 0.2619341 0.0202046 0.08640313 0.07906258 0.09936171 0.01431339 0.04843151 0.07906258 -0.003939032 0.01431339 0.04843151 0.07906258 0.09936171 0.03374838 -0.009982228 0.01431339 0.04843151 0.07906258 -0.003939032 0.143311 0.07947021 0.133289 -0.001104712 0.07906258 -0.003939032 0.07906258 0.09936171 0.143311 0.07947021 0.07906258 -0.003939032 0.299588 0.07676231 0.18513 0.1054859 0.260782 0.02468162 0.299588 0.07676231 0.26356 0.20138 0.18513 0.1054859 0.18513 0.1054859 0.26356 0.20138 0.198143 0.203997 0.260782 0.02468162 0.18513 0.1054859 0.206376 -0.03571653 0.257796 -0.05556297 0.260782 0.02468162 0.206376 -0.03571653 0.184171 0.397722 0.20165 0.263354 0.108126 0.381315 0.108126 0.381315 0.20165 0.263354 0.09350848 0.255253 0.20165 0.263354 0.09236067 0.131618 0.09350848 0.255253 0.20165 0.263354 0.18444 0.132053 0.09236067 0.131618 0.264937 0.387565 0.274897 0.400333 0.08482706 0.400332 0.264937 0.387565 0.08482706 0.400332 0.274897 0.400333 0.1024039 0.400333 0.264937 0.387565 0.274897 0.400333 0.274897 0.400333 0.274897 0.411366 0.1024039 0.400333 0.274897 0.411366 0.274897 0.400333 0.08482706 0.400332 0.274897 0.400333 0.274897 0.411366 0.08482706 0.400332 0.274897 0.411366 0.274897 0.400333 0.1024039 0.400333 0.264937 0.387565 0.1024039 0.400333 0.274897 0.400333 0.108126 0.380999 0.06223028 0.409874 0.06255656 0.2467499 0.108126 0.380999 0.06255656 0.2467499 0.09350848 0.254881 0.06255656 0.2467499 0.09236067 0.131618 0.09350848 0.254881 0.06255656 0.2467499 0.05481207 0.1382809 0.09236067 0.131618 0.02383345 0.176028 0.05481207 0.1382809 0.06255656 0.2467499 0.05481207 0.1382809 0.02383345 0.176028 -0.01176685 0.1543459 0.02383345 0.176028 -0.01009768 0.26287 -0.01176685 0.1543459 0.06255656 0.2467499 -0.01009768 0.26287 0.02383345 0.176028 0.06255656 0.2467499 0.06223028 0.409874 -0.01009768 0.26287 2.33855 -0.007277488 2.28366 0.137332 2.24506 -0.04934132 2.28366 0.137332 2.18018 0.09181141 2.24506 -0.04934132 2.28366 0.137332 2.23893 0.2619341 2.18018 0.09181141 0.0202046 0.08640313 0.01431339 0.04843151 0.07906258 0.09936171 0.07906258 -0.003939032 0.07906258 0.09936171 0.01431339 0.04843151 0.03374838 -0.009982228 0.07906258 -0.003939032 0.01431339 0.04843151 0.143311 0.07947021 0.07906258 -0.003939032 0.133289 -0.001104712 0.07906258 0.09936171 0.07906258 -0.003939032 0.143311 0.07947021 0.299588 0.07676231 0.260782 0.02468162 0.18513 0.1054859 0.299588 0.07676231 0.18513 0.1054859 0.26356 0.20138 0.18513 0.1054859 0.198143 0.203997 0.26356 0.20138 0.260782 0.02468162 0.206376 -0.03571653 0.18513 0.1054859 0.257796 -0.05556297 0.206376 -0.03571653 0.260782 0.02468162 0.184171 0.397722 0.108126 0.381315 0.20165 0.263354 0.108126 0.381315 0.09350848 0.255253 0.20165 0.263354 0.20165 0.263354 0.09350848 0.255253 0.09236067 0.131618 0.20165 0.263354 0.09236067 0.131618 0.18444 0.132053 0.264937 0.387565 0.08482706 0.400332 0.274897 0.400333 0.264937 0.387565 0.274897 0.400333 0.08482706 0.400332 0.1024039 0.400333 0.274897 0.400333 0.264937 0.387565 0.274897 0.400333 0.1024039 0.400333 0.274897 0.411366 0.274897 0.411366 0.08482706 0.400332 0.274897 0.400333 0.274897 0.400333 0.08482706 0.400332 0.274897 0.411366 0.274897 0.411366 0.1024039 0.400333 0.274897 0.400333 0.264937 0.387565 0.274897 0.400333 0.1024039 0.400333 0.524501 0.2299059 0.571417 0.216582 0.524474 0.1838049 0.524474 0.1838049 0.571417 0.216582 0.524501 0.2299059 0.524474 0.1838049 0.56687 0.196734 0.571417 0.216582 0.524474 0.1838049 0.565017 0.07188749 0.56687 0.196734 0.524474 0.1838049 0.52369 0.05262368 0.565017 0.07188749 0.52369 0.05262368 0.565141 0.05012339 0.565017 0.07188749 0.52369 0.05262368 0.52369 0.02594029 0.565141 0.05012339 0.52369 0.02594029 0.565141 0.02537012 0.565141 0.05012339 0.567968 0.09372413 0.565141 0.0499711 0.52369 0.05262368 0.567968 0.09372413 0.52369 0.05262368 0.524474 0.1838049 0.567968 0.09372413 0.524474 0.1838049 0.566004 0.1957889 0.566004 0.1957889 0.590272 0.161044 0.567968 0.09372413 0.566004 0.1957889 0.571417 0.216582 0.590272 0.161044 0.571417 0.216582 0.566004 0.1957889 0.524474 0.1838049 0.571417 0.216582 0.56687 0.196734 0.590272 0.161044 0.565017 0.07188749 0.590272 0.161044 0.56687 0.196734 0.46771 0.2299059 0.490328 0.159084 0.444393 0.159084 0.464834 0.03995341 0.444393 0.159084 0.490328 0.159084 0.47249 0.03995341 0.464834 0.03995341 0.490328 0.159084 0.355274 0.398993 0.418571 0.252678 0.417907 0.439314 0.355274 0.398993 0.355387 0.252678 0.418571 0.252678 0.299831 0.252678 0.355387 0.252678 0.355274 0.398993 0.299831 0.252678 0.355274 0.398993 0.299831 0.447314 0.299831 0.447314 0.355274 0.398993 0.355252 0.403165 0.354878 0.495321 0.299831 0.447314 0.355252 0.403165 0.310642 0.511228 0.299831 0.447314 0.354878 0.495321 0.310642 0.511228 0.354878 0.495321 0.356733 0.511228 0.402222 0.50212 0.356733 0.511228 0.354878 0.495321 0.354878 0.495321 0.404275 0.485423 0.402222 0.50212 0.355252 0.403165 0.404275 0.485423 0.354878 0.495321 0.417907 0.439314 0.404275 0.485423 0.355252 0.403165 0.355274 0.398993 0.417907 0.439314 0.355252 0.403165 0.452002 0.432141 0.451682 0.45779 0.417907 0.439314 0.525384 0.458449 0.451682 0.45779 0.452002 0.432141 0.525384 0.431949 0.525384 0.458449 0.452002 0.432141 0.525384 0.431949 0.55956 0.447314 0.525384 0.458449 0.55956 0.252678 0.55956 0.447314 0.525384 0.431949 0.525384 0.252678 0.55956 0.252678 0.525384 0.431949 0.525384 0.252678 0.525384 0.431949 0.453605 0.252678 0.525384 0.431949 0.452002 0.432141 0.453605 0.252678 0.453605 0.252678 0.452002 0.432141 0.418571 0.252678 0.452002 0.432141 0.417907 0.439314 0.418571 0.252678 0.417907 0.439314 0.43757 0.481711 0.404275 0.485423 0.43757 0.481711 0.417907 0.439314 0.451682 0.45779 0.480339 0.495324 0.43757 0.481711 0.451682 0.45779 0.481216 0.511228 0.43757 0.481711 0.480339 0.495324 0.480339 0.495324 0.532206 0.511228 0.481216 0.511228 0.525384 0.458449 0.532206 0.511228 0.480339 0.495324 0.525384 0.458449 0.55956 0.447314 0.532206 0.511228 0.55956 0.447314 0.559561 0.510681 0.532206 0.511228 0.559561 0.510681 0.55956 0.447314 0.532206 0.511228 0.525384 0.458449 0.532206 0.511228 0.55956 0.447314 0.525384 0.431949 0.525384 0.458449 0.55956 0.447314 0.451682 0.45779 0.525384 0.458449 0.525384 0.431949 0.452002 0.432141 0.451682 0.45779 0.525384 0.431949 0.417907 0.439314 0.451682 0.45779 0.452002 0.432141 0.417907 0.439314 0.452002 0.432141 0.418571 0.252678 0.418571 0.252678 0.355274 0.398993 0.417907 0.439314 0.418571 0.252678 0.355387 0.252678 0.355274 0.398993 0.355274 0.398993 0.355387 0.252678 0.299831 0.252678 0.355274 0.398993 0.299831 0.252678 0.299831 0.447314 0.355274 0.398993 0.299831 0.447314 0.355252 0.403165 0.417907 0.439314 0.355274 0.398993 0.355252 0.403165 0.417907 0.439314 0.355252 0.403165 0.404275 0.485423 0.417907 0.439314 0.404275 0.485423 0.43757 0.481711 0.43757 0.481711 0.451682 0.45779 0.417907 0.439314 0.43757 0.481711 0.480339 0.495324 0.451682 0.45779 0.43757 0.481711 0.481216 0.511228 0.480339 0.495324 0.43757 0.481711 0.442425 0.501736 0.481216 0.511228 0.43757 0.481711 0.404275 0.485423 0.442425 0.501736 0.404275 0.485423 0.402222 0.50212 0.442425 0.501736 0.404275 0.485423 0.354878 0.495321 0.402222 0.50212 0.355252 0.403165 0.354878 0.495321 0.404275 0.485423 0.354878 0.495321 0.355252 0.403165 0.299831 0.447314 0.354878 0.495321 0.299831 0.447314 0.310642 0.511228 0.354878 0.495321 0.310642 0.511228 0.356733 0.511228 0.354878 0.495321 0.356733 0.511228 0.402222 0.50212 0.566004 0.1957889 0.571417 0.216582 0.524474 0.1838049 0.566004 0.1957889 0.590272 0.161044 0.571417 0.216582 0.566004 0.1957889 0.567968 0.09372413 0.590272 0.161044 0.567968 0.09372413 0.566004 0.1957889 0.524474 0.1838049 0.567968 0.09372413 0.524474 0.1838049 0.52369 0.05262368 0.567968 0.09372413 0.52369 0.05262368 0.565141 0.0499711 0.52369 0.05262368 0.565017 0.07188749 0.565141 0.05012339 0.524474 0.1838049 0.565017 0.07188749 0.52369 0.05262368 0.524474 0.1838049 0.56687 0.196734 0.565017 0.07188749 0.571417 0.216582 0.56687 0.196734 0.524474 0.1838049 0.571417 0.216582 0.524474 0.1838049 0.524501 0.2299059 0.524474 0.1838049 0.571417 0.216582 0.524501 0.2299059 0.571417 0.216582 0.590272 0.161044 0.56687 0.196734 0.565017 0.07188749 0.56687 0.196734 0.590272 0.161044 0.46771 0.2299059 0.444393 0.159084 0.490328 0.159084 0.47249 0.03995341 0.490328 0.159084 0.444393 0.159084 0.464834 0.03995341 0.47249 0.03995341 0.444393 0.159084 0.841781 0.692595 0.968678 0.728499 0.843571 0.867122 0.735458 0.662976 0.841781 0.692595 0.843571 0.867122 0.735458 0.662976 0.76221 0.580685 0.841781 0.692595 0.694121 0.490402 0.76221 0.580685 0.735458 0.662976 0.735458 0.662976 0.69414 0.746955 0.694121 0.490402 0.587056 0.642871 0.694121 0.490402 0.69414 0.746955 0.587056 0.3453781 0.694121 0.490402 0.587056 0.642871 0.641152 0.300064 0.694121 0.490402 0.587056 0.3453781 0.587056 0.3453781 0.587056 0.300064 0.641152 0.300064 0.587056 0.3453781 0.641152 0.300064 0.587056 0.300064 0.641152 0.300064 0.587056 0.3453781 0.694121 0.490402 0.694121 0.490402 0.723485 0.378198 0.641152 0.300064 0.723485 0.378198 0.694121 0.490402 0.76221 0.580685 0.723485 0.378198 0.76221 0.580685 0.777715 0.413192 0.76221 0.580685 0.833644 0.585109 0.777715 0.413192 0.76221 0.580685 0.841781 0.692595 0.833644 0.585109 0.735458 0.662976 0.841781 0.692595 0.76221 0.580685 0.735458 0.662976 0.843571 0.867122 0.841781 0.692595 0.841781 0.692595 0.843571 0.867122 0.968678 0.728499 0.968678 0.728499 0.970453 0.566493 0.841781 0.692595 0.968678 0.728499 0.841781 0.692595 0.970453 0.566493 0.841781 0.692595 0.833644 0.585109 0.970453 0.566493 0.76221 0.580685 0.833644 0.585109 0.841781 0.692595 0.76221 0.580685 0.777715 0.413192 0.833644 0.585109 0.76221 0.580685 0.723485 0.378198 0.777715 0.413192 0.723485 0.378198 0.76221 0.580685 0.694121 0.490402 0.723485 0.378198 0.694121 0.490402 0.641152 0.300064 0.641152 0.300064 0.587056 0.300064 0.587056 0.279382 0.587056 0.279382 0.587056 0.300064 0.641152 0.300064 0.685277 0.983008 0.589587 0.808266 0.69414 0.746955 0.69414 0.746955 0.715609 0.980771 0.685277 0.983008 0.589587 0.808266 0.587056 0.642871 0.69414 0.746955 0.589587 0.808266 0.69414 0.746955 0.587056 0.642871 0.685277 0.983008 0.69414 0.746955 0.589587 0.808266 0.715609 0.980771 0.69414 0.746955 0.685277 0.983008 0.587056 0.642871 0.69414 0.746955 0.694121 0.490402 0.587056 0.3453781 0.587056 0.642871 0.694121 0.490402 0.694121 0.490402 0.735458 0.662976 0.76221 0.580685 0.735458 0.662976 0.694121 0.490402 0.69414 0.746955 0.843571 0.867122 0.968443 0.915565 0.879301 0.981066 0.968678 0.728499 0.968443 0.915565 0.843571 0.867122 0.968678 0.728499 0.843571 0.867122 0.968443 0.915565 0.843571 0.867122 0.879301 0.981066 0.968443 0.915565 0.879301 0.981066 0.843571 0.867122 0.84428 0.983062 0.589726 0.963471 0.642377 0.97661 0.589726 0.986044 0.589726 0.963471 0.589726 0.986044 0.642377 0.97661 0.642377 0.97661 0.589726 0.986044 0.589726 0.963471 0.642377 0.97661 0.589726 0.963471 0.589726 0.986044 0.861966 0.348625 0.833644 0.585109 0.777715 0.413192 0.861966 0.348625 0.970453 0.566493 0.833644 0.585109 0.861966 0.348625 0.970453 0.324554 0.970453 0.566493 0.970453 0.299896 0.970453 0.324554 0.861966 0.348625 0.970453 0.299896 0.861966 0.348625 0.970453 0.324554 0.970453 0.324554 0.861966 0.348625 0.970453 0.566493 0.970453 0.566493 0.861966 0.348625 0.833644 0.585109 0.841781 0.692595 0.970453 0.566493 0.833644 0.585109 0.861966 0.348625 0.777715 0.413192 0.833644 0.585109 0.55034 0.616894 0.553761 0.819717 0.550354 0.85515 0.55034 0.616894 0.553761 0.605486 0.553761 0.819717 0.553761 0.605486 0.55034 0.616894 0.550338 0.611214 0.553761 0.605486 0.550338 0.611214 0.553761 0.519853 0.553761 0.519853 0.550338 0.611214 0.550327 0.519853 0.54417 0.61928 0.550327 0.519853 0.550338 0.611214 0.550338 0.611214 0.55034 0.616894 0.54417 0.61928 0.54417 0.61928 0.55034 0.616894 0.54417 0.782975 0.535299 0.652375 0.54417 0.61928 0.54417 0.782975 0.535299 0.853992 0.535299 0.652375 0.54417 0.782975 0.535299 0.652375 0.535299 0.853992 0.528499 0.820275 0.535299 0.652375 0.528499 0.820275 0.528499 0.605486 0.535181 0.6327 0.535299 0.652375 0.528499 0.605486 0.54417 0.61928 0.535299 0.652375 0.535181 0.6327 0.534468 0.519853 0.54417 0.61928 0.535181 0.6327 0.535181 0.6327 0.528499 0.519853 0.534468 0.519853 0.528499 0.605486 0.528499 0.519853 0.535181 0.6327 0.528499 0.849979 0.528499 0.820275 0.535299 0.853992 0.553761 0.819717 0.553761 0.849524 0.550354 0.85515 0.54417 0.782975 0.55034 0.616894 0.550354 0.85515 0.534468 0.519853 0.54417 0.519853 0.54417 0.61928 0.54417 0.519853 0.550327 0.519853 0.54417 0.61928 0.553761 0.819717 0.553761 0.605486 0.55034 0.616894 0.553761 0.819717 0.55034 0.616894 0.550354 0.85515 0.553761 0.819717 0.550354 0.85515 0.553761 0.849524 0.550354 0.85515 0.55034 0.616894 0.54417 0.782975 0.55034 0.616894 0.54417 0.61928 0.54417 0.782975 0.550338 0.611214 0.54417 0.61928 0.55034 0.616894 0.553761 0.605486 0.550338 0.611214 0.55034 0.616894 0.553761 0.605486 0.553761 0.519853 0.550338 0.611214 0.553761 0.519853 0.550327 0.519853 0.550338 0.611214 0.54417 0.61928 0.550338 0.611214 0.550327 0.519853 0.54417 0.519853 0.54417 0.61928 0.550327 0.519853 0.534468 0.519853 0.54417 0.61928 0.54417 0.519853 0.534468 0.519853 0.535181 0.6327 0.54417 0.61928 0.535181 0.6327 0.534468 0.519853 0.528499 0.519853 0.528499 0.605486 0.535181 0.6327 0.528499 0.519853 0.535181 0.6327 0.528499 0.605486 0.535299 0.652375 0.54417 0.61928 0.535181 0.6327 0.535299 0.652375 0.535299 0.652375 0.54417 0.782975 0.54417 0.61928 0.535299 0.853992 0.54417 0.782975 0.535299 0.652375 0.528499 0.820275 0.535299 0.853992 0.535299 0.652375 0.528499 0.820275 0.535299 0.652375 0.528499 0.605486 0.528499 0.849979 0.535299 0.853992 0.528499 0.820275 0.879301 0.981066 0.84428 0.983062 0.843571 0.867122 0.52369 0.05262368 0.565141 0.05012339 0.52369 0.02594029 0.565141 0.05012339 0.565141 0.02537012 0.52369 0.02594029 0.480339 0.495324 0.481216 0.511228 0.532206 0.511228 0.525384 0.458449 0.480339 0.495324 0.532206 0.511228 0.451682 0.45779 0.480339 0.495324 0.525384 0.458449 0.525384 0.252678 0.525384 0.431949 0.55956 0.252678 0.452002 0.432141 0.525384 0.431949 0.525384 0.252678 0.453605 0.252678 0.452002 0.432141 0.525384 0.252678 0.452002 0.432141 0.453605 0.252678 0.418571 0.252678 0.525384 0.431949 0.55956 0.447314 0.55956 0.252678 0.525384 0.458449 0.480339 0.495324 0.451682 0.45779 0.43757 0.481711 0.481216 0.511228 0.442425 0.501736 0.43757 0.481711 0.442425 0.501736 0.402222 0.50212 0.404275 0.485423 0.43757 0.481711 0.402222 0.50212</float_array>
          <technique_common>
            <accessor source="#mario-mesh-map-0-array" count="834" stride="2">
              <param name="S" type="float"/>
              <param name="T" type="float"/>
            </accessor>
          </technique_common>
        </source>
        <vertices id="mario-mesh-vertices">
          <input semantic="POSITION" source="#mario-mesh-positions"/>
        </vertices>
        <triangles material="mat_mario_body-material" count="278">
          <input semantic="VERTEX" source="#mario-mesh-vertices" offset="0"/>
          <input semantic="NORMAL" source="#mario-mesh-normals" offset="1"/>
          <input semantic="TEXCOORD" source="#mario-mesh-map-0" offset="2" set="0"/>
          <p>0 0 0 1 1 1 2 2 2 0 0 3 12 3 4 1 1 5 1 1 6 12 3 7 13 4 8 1 1 9 13 4 10 23 5 11 22 6 12 1 1 13 23 5 14 23 5 15 25 7 16 22 6 17 22 6 18 25 7 19 26 8 20 1 1 21 22 6 22 26 8 23 1 1 24 26 8 25 2 2 26 3 9 27 4 10 28 5 11 29 4 10 30 18 12 31 5 11 32 5 11 33 18 12 34 19 13 35 6 14 36 7 15 37 8 16 38 31 17 39 8 16 40 7 15 41 32 18 42 8 16 43 31 17 44 29 19 45 30 20 46 31 17 47 7 15 48 29 19 49 31 17 50 9 21 51 10 22 52 11 23 53 9 21 54 20 24 55 10 22 56 10 22 57 20 24 58 21 25 59 11 23 60 10 22 61 24 26 62 27 27 63 11 23 64 24 26 65 14 28 66 15 29 67 16 30 68 16 30 69 15 29 70 17 31 71 15 29 72 13 32 73 17 31 74 15 29 75 28 33 76 13 32 77 33 34 78 34 35 79 35 36 80 33 34 81 35 36 82 37 37 83 38 38 84 33 34 85 37 37 86 37 37 87 36 39 88 38 38 89 36 39 90 37 37 91 35 36 92 34 35 93 36 39 94 35 36 95 36 39 96 34 35 97 38 38 98 33 34 99 38 38 100 34 35 101 39 40 102 40 41 103 41 42 104 39 40 105 41 42 106 52 43 107 41 42 108 51 44 109 52 43 110 41 42 111 62 45 112 51 44 113 61 46 114 62 45 115 41 42 116 62 45 117 61 46 118 65 47 119 61 46 120 64 48 121 65 47 122 41 42 123 64 48 124 61 46 125 41 42 126 40 41 127 64 48 128 42 49 129 43 50 130 44 51 131 43 50 132 58 52 133 44 51 134 43 50 135 57 53 136 58 52 137 45 54 138 46 55 139 47 56 140 69 57 141 47 56 142 46 55 143 71 58 144 69 57 145 46 55 146 68 59 147 69 57 148 70 60 149 47 56 150 69 57 151 68 59 152 48 61 153 49 62 154 50 63 155 48 61 156 50 63 157 60 64 158 50 63 159 59 65 160 60 64 161 49 62 162 63 66 163 50 63 164 66 67 165 63 66 166 49 62 167 53 68 168 54 69 169 55 70 170 54 69 171 56 71 172 55 70 173 55 70 174 56 71 175 51 72 176 55 70 177 51 72 178 67 73 179 72 74 180 73 75 181 74 76 182 72 74 183 76 77 184 73 75 185 77 78 186 76 77 187 72 74 188 76 77 189 77 78 190 75 79 191 75 79 192 73 75 193 76 77 194 74 76 195 73 75 196 75 79 197 75 79 198 77 78 199 74 76 200 72 74 201 74 76 202 77 78 203 78 80 204 79 81 205 80 82 206 81 83 207 79 81 208 78 80 209 81 83 210 82 84 211 79 81 212 81 83 213 89 85 214 82 84 215 81 83 216 216 86 217 89 85 218 216 86 219 222 87 220 89 85 221 216 86 222 223 88 223 222 87 224 223 88 225 224 89 226 222 87 227 83 90 228 84 91 229 85 92 230 83 90 231 85 92 232 80 82 233 83 90 234 80 82 235 91 93 236 91 93 237 90 94 238 83 90 239 91 93 240 79 81 241 90 94 242 79 81 243 91 93 244 80 82 245 79 81 246 82 84 247 90 94 248 89 85 249 90 94 250 82 84 251 86 95 252 87 96 253 88 97 254 218 98 255 88 97 256 87 96 257 217 99 258 218 98 259 87 96 260 92 100 261 93 101 262 94 102 263 92 100 264 98 103 265 93 101 266 214 104 267 98 103 268 92 100 269 214 104 270 92 100 271 215 105 272 215 105 273 92 100 274 240 106 275 97 107 276 215 105 277 240 106 278 99 108 279 215 105 280 97 107 281 99 108 282 97 107 283 96 109 284 95 110 285 96 109 286 97 107 287 97 107 288 247 111 289 95 110 290 240 106 291 247 111 292 97 107 293 94 102 294 247 111 295 240 106 296 92 100 297 94 102 298 240 106 299 228 112 300 229 113 301 94 102 302 213 114 303 229 113 304 228 112 305 211 115 306 213 114 307 228 112 308 211 115 309 212 116 310 213 114 311 243 117 312 212 116 313 211 115 314 242 118 315 243 117 316 211 115 317 242 118 318 211 115 319 241 119 320 211 115 321 228 112 322 241 119 323 241 119 324 228 112 325 93 101 326 228 112 327 94 102 328 93 101 329 94 102 330 233 120 331 247 111 332 233 120 333 94 102 334 229 113 335 100 121 336 233 120 337 229 113 338 102 122 339 233 120 340 100 121 341 100 121 342 101 123 343 102 122 344 213 114 345 101 123 346 100 121 347 213 114 348 212 116 349 101 123 350 212 116 351 238 124 352 101 123 353 238 124 354 231 125 355 101 123 356 230 126 357 101 123 358 231 125 359 232 127 360 230 126 361 231 125 362 209 128 363 230 126 364 232 127 365 210 129 366 209 128 367 232 127 368 123 130 369 209 128 370 210 129 371 123 130 372 210 129 373 116 131 374 116 131 375 118 132 376 123 130 377 116 131 378 117 133 379 118 132 380 118 132 381 117 133 382 207 134 383 118 132 384 207 134 385 208 135 386 118 132 387 208 135 388 239 136 389 123 130 390 118 132 391 239 136 392 123 130 393 239 136 394 248 137 395 123 130 396 248 137 397 234 138 398 234 138 399 209 128 400 123 130 401 234 138 402 237 139 403 209 128 404 234 138 405 236 140 406 237 139 407 234 138 408 235 141 409 236 140 410 234 138 411 248 137 412 235 141 413 248 137 414 122 142 415 235 141 416 248 137 417 119 143 418 122 142 419 239 136 420 119 143 421 248 137 422 119 143 423 239 136 424 208 135 425 119 143 426 208 135 427 99 144 428 119 143 429 99 144 430 120 145 431 119 143 432 120 145 433 122 142 434 103 146 435 104 147 436 105 148 437 103 146 438 115 149 439 104 147 440 103 146 441 121 150 442 115 149 443 121 150 444 103 146 445 105 148 446 121 150 447 105 148 448 219 151 449 121 150 450 219 151 451 225 152 452 106 153 453 107 154 454 108 155 455 109 156 456 107 154 457 106 153 458 109 156 459 111 157 460 107 154 461 104 147 462 111 157 463 109 156 464 104 147 465 109 156 466 110 158 467 105 148 468 104 147 469 110 158 470 104 147 471 115 149 472 111 157 473 107 154 474 111 157 475 115 149 476 112 159 477 113 160 478 114 161 479 221 162 480 114 161 481 113 160 482 220 163 483 221 162 484 113 160 485 124 164 486 125 165 487 126 166 488 130 167 489 124 164 490 126 166 491 130 167 492 131 168 493 124 164 494 128 169 495 131 168 496 130 167 497 130 167 498 134 170 499 128 169 500 146 171 501 128 169 502 134 170 503 129 172 504 128 169 505 146 171 506 127 173 507 128 169 508 129 172 509 129 172 510 163 174 511 127 173 512 129 172 513 159 175 514 163 174 515 159 175 516 129 172 517 150 176 518 150 176 519 162 177 520 159 175 521 162 177 522 150 176 523 151 178 524 162 177 525 151 178 526 161 179 527 151 178 528 160 180 529 161 179 530 151 178 531 147 181 532 160 180 533 149 182 534 147 181 535 151 178 536 149 182 537 148 183 538 147 181 539 147 181 540 148 183 541 125 165 542 125 165 543 145 184 544 147 181 545 125 165 546 124 164 547 145 184 548 124 164 549 142 185 550 145 184 551 131 168 552 142 185 553 124 164 554 131 168 555 141 186 556 142 185 557 131 168 558 143 187 559 141 186 560 143 187 561 131 168 562 128 169 563 143 187 564 128 169 565 127 173 566 127 173 567 163 174 568 164 188 569 164 188 570 163 174 571 159 175 572 132 189 573 133 190 574 134 170 575 134 170 576 206 191 577 132 189 578 133 190 579 146 171 580 134 170 581 133 190 582 153 192 583 146 171 584 152 193 585 153 192 586 133 190 587 203 194 588 153 192 589 152 193 590 146 171 591 153 192 592 150 176 593 129 172 594 146 171 595 150 176 596 150 176 597 149 182 598 151 178 599 149 182 600 150 176 601 153 192 602 126 166 603 135 195 604 136 196 605 125 165 606 135 195 607 126 166 608 125 165 609 148 183 610 135 195 611 148 183 612 154 197 613 135 195 614 154 197 615 148 183 616 204 198 617 137 199 618 138 200 619 139 201 620 137 199 621 139 201 622 158 202 623 158 202 624 139 201 625 140 203 626 138 200 627 140 203 628 139 201 629 144 204 630 142 185 631 141 186 632 144 204 633 145 184 634 142 185 635 144 204 636 157 205 637 145 184 638 155 206 639 157 205 640 144 204 641 155 206 642 156 207 643 157 205 644 157 205 645 156 207 646 145 184 647 145 184 648 156 207 649 160 180 650 147 181 651 145 184 652 160 180 653 156 207 654 161 179 655 160 180 656 165 208 657 166 209 658 167 210 659 165 208 660 174 211 661 166 209 662 174 211 663 165 208 664 180 212 665 174 211 666 180 212 667 183 213 668 183 213 669 180 212 670 181 214 671 169 215 672 181 214 673 180 212 674 180 212 675 165 208 676 169 215 677 169 215 678 165 208 679 176 216 680 171 217 681 169 215 682 176 216 683 172 218 684 171 217 685 176 216 686 171 217 687 172 218 688 173 219 689 171 217 690 173 219 691 179 220 692 170 221 693 171 217 694 179 220 695 169 215 696 171 217 697 170 221 698 168 222 699 169 215 700 170 221 701 170 221 702 175 223 703 168 222 704 179 220 705 175 223 706 170 221 707 177 224 708 173 219 709 172 218 710 166 209 711 178 225 712 167 210 713 176 216 714 165 208 715 167 210 716 168 222 717 182 226 718 169 215 719 182 226 720 181 214 721 169 215 722 184 227 723 185 228 724 186 229 725 184 227 726 186 229 727 193 230 728 184 227 729 193 230 730 198 231 731 193 230 732 186 229 733 195 232 734 186 229 735 189 233 736 195 232 737 199 234 738 189 233 739 186 229 740 185 228 741 199 234 742 186 229 743 185 228 744 202 235 745 199 234 746 202 235 747 200 236 748 199 234 749 189 233 750 199 234 751 200 236 752 201 237 753 189 233 754 200 236 755 187 238 756 189 233 757 201 237 758 187 238 759 188 239 760 189 233 761 188 239 762 187 238 763 194 240 764 192 241 765 188 239 766 194 240 767 188 239 768 192 241 769 191 242 770 189 233 771 188 239 772 191 242 773 191 242 774 195 232 775 189 233 776 197 243 777 195 232 778 191 242 779 190 244 780 197 243 781 191 242 782 190 244 783 191 242 784 192 241 785 196 245 786 197 243 787 190 244 788 136 196 789 205 246 790 126 166 791 106 153 792 108 155 793 226 247 794 108 155 795 227 248 796 226 247 797 237 139 798 236 140 799 101 123 800 230 126 801 237 139 802 101 123 803 209 128 804 237 139 805 230 126 806 244 249 807 232 127 808 245 250 809 210 129 810 232 127 811 244 249 812 246 251 813 210 129 814 244 249 815 210 129 816 246 251 817 116 131 818 232 127 819 231 125 820 245 250 821 213 114 822 100 121 823 229 113 824 233 120 825 102 122 826 249 252 827 233 120 828 249 252 829 95 110 830 247 111 831 233 120 832 95 110 833</p>
        </triangles>
      </mesh>
    </geometry>
    <geometry id="kart_body-mesh" name="kart_body">
      <mesh>
        <source id="kart_body-mesh-positions">
          <float_array id="kart_body-mesh-positions-array" count="1446">2.46069 -9.519121 -3.402421 -2.46069 -9.519121 -3.402421 3.28933 5.83298 -3.402421 -3.28933 5.83298 -3.402421 -3.03548 5.06839 -2.390468 -2.10015 -9.51913 -2.432903 3.03548 5.06839 -2.390468 2.10015 -9.51913 -2.432903 -3.28933 5.83298 -3.402421 -3.03548 5.06839 -2.390468 3.28933 5.83298 -3.402421 3.03548 5.06839 -2.390468 3.28933 5.83298 -3.402421 3.03548 5.06839 -2.390468 2.46069 -9.519121 -3.402421 2.10015 -9.51913 -2.432903 -2.10015 -9.51913 -2.432903 -3.03548 5.06839 -2.390468 -2.46069 -9.519121 -3.402421 -3.28933 5.83298 -3.402421 2.18766 4.14152 -0.7982299 3.1729 3.79397 0.1349899 2.3418 8.490221 2.21205 3.48076 9.134361 -0.1643199 3.12197 4.12839 -1.77766 2.18637 8.896591 0.71385 5.08601 8.5594 1.9539 4.03434 3.87166 -0.9198101 3.1729 3.79397 0.1349899 2.18766 4.14152 -0.7982299 2.71613 1.60206 -3.125726 3.12197 4.12839 -1.77766 3.12197 4.12839 -1.77766 4.03434 3.87166 -0.9198101 4.93058 8.965761 0.4556999 3.12197 4.12839 -1.77766 3.48076 9.134361 -0.1643199 3.79162 8.32163 2.83207 5.08601 8.5594 1.9539 2.3418 8.490221 2.21205 3.79162 8.32163 2.83207 2.18637 8.896591 0.71385 4.93058 8.965761 0.4556999 3.48076 9.134361 -0.1643199 2.08114 -3.99281 -2.926861 -2.08114 -3.99281 -2.926861 1.47904 -5.52486 0.3266299 -1.47904 -5.52486 0.3266299 -2.08114 -3.99281 -2.926861 -2.32694 -9.813321 -2.644843 -1.47904 -5.52486 0.3266299 2.08114 -3.99281 -2.926861 1.47904 -5.52486 0.3266299 2.32694 -9.813321 -2.644843 1.25674 3.85042 -2.631238 1.25674 5.69326 -2.614408 6.32121 4.77569 -1.9613 6.32121 4.77569 -1.9613 1.25674 4.81234 -1.37234 -2.13527 7.13232 -2.425979 -2.68429 8.19714 -1.47885 2.13527 7.13232 -2.425979 2.68429 8.19714 -1.47885 -2.79589 6.50416 -0.85288 2.79589 6.50416 -0.85288 -4.44059 6.60679 -2.614883 -3.40755 5.89131 -2.24826 -2.88641 7.59683 -0.5732601 -3.87797 7.30854 -3.533178 -2.89647 6.62191 -3.73266 -2.46672 1.73715 -3.450532 -4.10249 6.34432 -4.014071 -3.5548 1.7249 -3.621597 -3.76169 1.43947 -2.893355 2.88641 7.59683 -0.5732601 4.44059 6.60679 -2.614883 3.40755 5.89131 -2.24826 2.89647 6.62191 -3.73266 3.87797 7.30854 -3.533178 2.46672 1.73715 -3.450532 4.10249 6.34432 -4.014071 3.5548 1.7249 -3.621597 3.76169 1.43947 -2.893355 1.40866 -4.40652 2.00772 0 -4.45535 2.06744 1.53049 -5.20039 1.54718 0 -5.26441 1.59693 1.40866 -4.40652 2.00772 2.08149 -3.74853 0.9842601 0 -4.45535 2.06744 -1.40866 -4.40652 2.00772 -1.53049 -5.20039 1.54718 -1.40866 -4.40652 2.00772 0 -4.45535 2.06744 -2.08149 -3.74853 0.9842601 -2.08149 -3.74853 0.9842601 -2.08149 -3.74853 0.9842601 2.08149 -3.74853 0.9842601 -3.09488 -9.422731 -2.493391 3.09488 -9.42272 -2.493391 -3.09488 -9.422731 -2.493391 -2.89624 -10.6499 -1.25971 -2.26794 -10.0067 -1.17611 -3.36057 -10.4674 -3.370855 -2.50767 -11.0351 -2.11377 -3.76291 -10.0346 -2.606843 -1.92776 -10.4908 -2.09712 -2.76906 -9.86348 -3.426656 -2.02199 -11.1971 -1.67126 -2.20794 -10.7798 -0.80052 2.26794 -10.0067 -1.17611 2.20794 -10.7798 -0.80052 -3.09488 -9.422731 -2.493391 -4.77693 -6.78343 -2.508647 -5.85137 -6.81879 -2.602124 -5.94865 -6.8208 -3.557622 -3.7424 -10.1751 -3.576903 -3.23897 -9.357851 -3.844771 -4.94588 -6.78907 -3.81788 -5.85137 -6.81879 -2.602124 -4.77693 -6.78343 -2.508647 -5.94865 -6.8208 -3.557622 -4.94588 -6.78907 -3.81788 2.89624 -10.6499 -1.25971 3.76291 -10.0346 -2.606843 3.09488 -9.42272 -2.493391 2.50767 -11.0351 -2.11377 3.36057 -10.4674 -3.370855 1.92776 -10.4908 -2.09712 2.76906 -9.86348 -3.426656 2.02199 -11.1971 -1.67126 3.09488 -9.42272 -2.493391 4.77693 -6.78343 -2.508647 5.85137 -6.81879 -2.602124 5.94865 -6.8208 -3.557622 3.7424 -10.1751 -3.576903 3.23897 -9.357851 -3.844771 4.94588 -6.78907 -3.81788 5.85137 -6.81879 -2.602124 5.94865 -6.8208 -3.557622 4.77693 -6.78343 -2.508647 4.94588 -6.78907 -3.81788 4.77693 -6.78343 -2.508647 -3.09488 -9.422731 -2.493391 3.09488 -9.42272 -2.493391 -4.94588 -6.78907 -3.81788 -4.77693 -6.78343 -2.508647 0 -6.86904 -3.723394 2.76906 -9.86348 -3.426656 -2.76906 -9.86348 -3.426656 3.23897 -9.357851 -3.844771 -3.23897 -9.357851 -3.844771 1.92776 -10.4908 -2.09712 -1.92776 -10.4908 -2.09712 2.76906 -9.86348 -3.426656 -2.76906 -9.86348 -3.426656 3.23897 -9.357851 -3.844771 -3.23897 -9.357851 -3.844771 0 -6.86904 -3.723394 -2.26794 -10.0067 -1.17611 0 -10.2391 -1.30378 -1.53049 -5.20039 1.54718 0 -5.26441 1.59693 2.26794 -10.0067 -1.17611 1.53049 -5.20039 1.54718 2.67217 -9.91653 -1.8059 1.78497 -4.98855 1.13649 2.67217 -9.91653 -1.8059 3.09488 -9.42272 -2.493391 1.78497 -4.98855 1.13649 2.08149 -3.74853 0.9842601 -2.67217 -9.91653 -1.8059 -1.78497 -4.98854 1.13649 -2.08149 -3.74853 0.9842601 -3.09488 -9.422731 -2.493391 -1.78497 -4.98854 1.13649 -2.67217 -9.91653 -1.8059 1.78497 -4.98855 1.13649 2.08149 -3.74853 0.9842601 -2.08149 -3.74853 0.9842601 -1.78497 -4.98854 1.13649 -4.94588 -6.78907 -3.81788 3.23897 -9.357851 -3.844771 4.94588 -6.78907 -3.81788 4.77693 -6.78343 -2.508647 4.94588 -6.78907 -3.81788 -4.77693 -6.78343 -2.508647 -3.09488 -9.422731 -2.493391 4.77693 -6.78343 -2.508647 3.80241 -2.37923 -1.41039 5.49719 -2.50044 -2.674487 5.76992 -2.45538 -1.41039 4.00302 1.48598 -1.01139 3.80241 -2.37923 -1.41039 6.02608 1.55049 -1.01139 5.76992 -2.45538 -1.41039 3.48749 -2.37923 -1.64086 3.71223 1.48598 -1.26826 2.68527 -2.37923 -2.733006 2.8803 1.48598 -2.733006 6.02431 2.25839 -3.177932 5.61947 1.60542 -2.67178 6.56552 2.24923 -1.10097 6.02608 1.55049 -1.01139 6.12577 1.13903 -3.395406 6.4354 1.66467 -3.798877 7.17243 1.46924 -1.25997 6.66568 1.44339 -0.47438 6.42625 -2.51003 -0.9260202 5.76992 -2.45538 -1.41039 6.56242 1.15153 -1.7355 6.31691 -2.0072 -2.02772 6.90892 -2.43626 -1.6651 5.49719 -2.50044 -2.674487 5.91473 -3.10777 -3.182055 6.28128 -3.10082 -1.57738 6.33884 -2.51107 -3.766971 6.00927 -1.9898 -3.398023 -5.91473 -3.10777 -3.182055 -2.68527 -2.37923 -2.733006 -5.49719 -2.50044 -2.674487 6.33884 -2.51107 -3.766971 5.91473 -3.10777 -3.182055 -6.33884 -2.51107 -3.766971 6.00927 -1.9898 -3.398023 -6.00927 -1.9898 -3.398023 6.02431 2.25839 -3.177932 2.8803 1.48598 -2.733006 5.61947 1.60542 -2.67178 6.4354 1.66467 -3.798877 6.12577 1.13903 -3.395406 -6.4354 1.66467 -3.798877 -6.12577 1.13903 -3.395406 -6.02431 2.25839 -3.177932 6.12577 1.13903 -3.395406 6.56242 1.15153 -1.7355 6.00927 -1.9898 -3.398023 6.31691 -2.0072 -2.02772 6.12577 1.13903 -3.395406 6.00927 -1.9898 -3.398023 -6.12577 1.13903 -3.395406 -5.49719 -2.50044 -2.674487 -3.48749 -2.37923 -1.64086 -3.80241 -2.37923 -1.41039 -3.80241 -2.37923 -1.41039 -4.00302 1.48598 -1.01139 -5.76992 -2.45538 -1.41039 -6.02608 1.55049 -1.01139 -2.68527 -2.37923 -2.733006 -2.8803 1.48598 -2.733006 -3.48749 -2.37923 -1.64086 -3.71223 1.48598 -1.26826 -6.02431 2.25839 -3.177932 -6.56552 2.24923 -1.10097 -5.61947 1.60542 -2.67178 -6.02608 1.55049 -1.01139 -6.12577 1.13903 -3.395406 -7.17243 1.46924 -1.25997 -6.4354 1.66467 -3.798877 -6.66568 1.44339 -0.47438 -6.42625 -2.51003 -0.9260202 -5.76992 -2.45538 -1.41039 -6.56242 1.15153 -1.7355 -6.31691 -2.0072 -2.02772 -6.90892 -2.43626 -1.6651 -5.49719 -2.50044 -2.674487 -5.91473 -3.10777 -3.182055 -6.28128 -3.10082 -1.57738 -6.33884 -2.51107 -3.766971 -6.00927 -1.9898 -3.398023 -6.12577 1.13903 -3.395406 -6.00927 -1.9898 -3.398023 -6.56242 1.15153 -1.7355 -6.31691 -2.0072 -2.02772 -2.8803 1.48598 -2.733006 -5.61947 1.60542 -2.67178 2.68527 -2.37923 -2.733006 5.49719 -2.50044 -2.674487 -6.12577 1.13903 -3.395406 6.00927 -1.9898 -3.398023 -6.00927 -1.9898 -3.398023 3.71223 1.48598 -1.26826 5.61947 1.60542 -2.67178 2.8803 1.48598 -2.733006 -4.00302 1.48598 -1.01139 -5.61947 1.60542 -2.67178 -6.02608 1.55049 -1.01139 -3.71223 1.48598 -1.26826 -2.8803 1.48598 -2.733006 4.00302 1.48598 -1.01139 6.02608 1.55049 -1.01139 3.48749 -2.37923 -1.64086 2.68527 -2.37923 -2.733006 -5.76992 -2.45538 -1.41039 -2.68527 -2.37923 -2.733006 -1.25674 3.85042 -2.631238 -6.32121 4.77569 -1.9613 -1.25674 5.69326 -2.614408 -6.32121 4.77569 -1.9613 -1.25674 4.81234 -1.37234 2.37253 -5.77078 -3.191382 5.19615 -4.87386 -2.396484 1.779 -4.87902 -2.0314 2.37253 -3.94777 -3.191382 3.34955 -4.19455 -2.396622 3.34034 -4.87818 -1.79263 3.99537 -4.87818 -2.21907 3.34722 -5.54324 -2.396622 2.66662 -4.87818 -2.21688 -2.37253 -5.77078 -3.191382 -1.779 -4.87902 -2.0314 -5.19615 -4.87386 -2.396484 -2.37253 -3.94777 -3.191382 1.39256 -3.19606 1.71266 -1.38209 -3.19831 1.70099 -8.16913e-5 -2.2152 -0.56235 -1.38209 -3.11815 1.83042 1.39256 -3.1159 1.84209 -8.16913e-5 -2.13504 -0.43293 0.352429 -2.90455 1.18379 -0.352428 -2.90455 1.18379 0 -9.988031 -2.827055 0 -2.66181 0.6087201 0 -2.03379 -0.8069201 0 -2.51553 -0.42379 -2.06443 -2.38686 -0.03170013 -1.5435 -2.75212 0.12065 1.14536 -3.51525 1.98069 1.5435 -2.75212 0.12065 1.53074 -3.43037 2.40832 2.06443 -2.38686 -0.03170013 0 -3.69531 2.37018 1.14536 -3.51525 1.98069 0 -3.63317 2.9529 1.53074 -3.43037 2.40832 -1.5435 -2.75212 0.12065 -1.14536 -3.51525 1.98069 -2.06443 -2.38686 -0.03170013 -1.53074 -3.43037 2.40832 0 -2.00432 -0.18263 -1.54332 -2.24091 0.36181 1.14513 -3.00411 2.22146 1.54332 -2.24091 0.36181 0 -3.18417 2.61095 1.14513 -3.00411 2.22146 -1.54332 -2.24091 0.36181 -1.14513 -3.00411 2.22146 -1.5435 -2.75212 0.12065 0 -2.51553 -0.42379 1.14536 -3.51525 1.98069 1.5435 -2.75212 0.12065 0 -3.69531 2.37018 1.14536 -3.51525 1.98069 -1.5435 -2.75212 0.12065 -1.14536 -3.51525 1.98069 0.881155 -4.76868 -0.7508102 3.24104 -4.76868 -0.7508102 0.881155 -4.24701 -1.37409 3.24104 -4.24701 -1.37409 2.66477 -8.48271 -3.537644 2.06476 -5.20836 -1.55122 -2.18766 4.14152 -0.7982299 -2.3418 8.490221 2.21205 -3.1729 3.79397 0.1349899 -3.48076 9.134361 -0.1643199 -2.18637 8.896591 0.71385 -3.12197 4.12839 -1.77766 -5.08601 8.5594 1.9539 -4.03434 3.87166 -0.9198101 -3.1729 3.79397 0.1349899 -2.71613 1.60206 -3.125726 -2.18766 4.14152 -0.7982299 -3.12197 4.12839 -1.77766 -3.12197 4.12839 -1.77766 -4.03434 3.87166 -0.9198101 -4.93058 8.965761 0.4556999 -3.48076 9.134361 -0.1643199 -3.12197 4.12839 -1.77766 -3.79162 8.32163 2.83207 -5.08601 8.5594 1.9539 -3.79162 8.32163 2.83207 -2.3418 8.490221 2.21205 -2.18637 8.896591 0.71385 -4.93058 8.965761 0.4556999 -3.48076 9.134361 -0.1643199 1.61904 3.73781 -0.4119201 2.12558 4.43147 0.29722 -1.61904 3.73781 -0.4119201 -2.12558 4.43147 0.29722 1.63836 5.05605 -0.42992 -1.63836 5.05605 -0.42992 2.00221 2.53286 -2.481121 2.89191 3.31409 -2.4957 2.45258 4.1317 -2.541906 -2.00221 2.53286 -2.481121 -2.45258 4.1317 -2.541906 -2.89191 3.31409 -2.4957 -1.785 2.85952 -2.564459 1.785 2.85952 -2.564459 -1.785 2.85952 -0.4598901 1.785 2.85952 -0.4598901 -1.785 2.85952 -0.4598901 1.785 2.85952 -0.4598901 -1.785 5.86405 -0.4598901 1.785 5.86405 -0.4598901 -2.25968 6.83493 -1.63153 2.25968 6.83493 -1.63153 -1.785 5.73713 -3.367518 1.785 5.73713 -3.367518 2.25968 6.83493 -1.63153 1.785 2.85952 -0.4598901 1.785 2.85952 -2.564459 -1.785 2.85952 -0.4598901 -1.785 5.86405 -0.4598901 -2.25968 6.83493 -1.63153 1.785 5.73713 -3.367518 1.785 5.86405 -0.4598901 -1.785 2.85952 -2.564459 -1.785 5.73713 -3.367518 -1.785 5.86405 -0.4598901 1.785 5.86405 -0.4598901 -0.504625 3.41572 0.7848001 0.504625 3.41572 0.7848001 -0.504625 5.28719 0.7848001 0.504625 5.28719 0.7848001 -0.504625 5.28719 0.7848001 0.504625 5.28719 0.7848001 -0.820449 5.80646 -0.5578899 0.820449 5.80646 -0.5578899 0.820449 2.83302 -0.5578899 0.820449 5.80646 -0.5578899 0.504625 3.41572 0.7848001 0.504625 5.28719 0.7848001 -0.820449 5.80646 -0.5578899 -0.820449 2.83302 -0.5578899 -0.504625 5.28719 0.7848001 -0.504625 3.41572 0.7848001 -1.75724 -1.36047 -1.92651 1.74533 -1.36047 -1.92651 -2.86774 1.02169 -1.10775 2.84128 1.02169 -1.10775 -2.11705 1.63808 -2.442494 -2.86774 1.02169 -1.10775 -1.89063 2.94359 -2.442494 2.08155 3.63141 1.28199 -2.10801 3.63141 1.28199 -2.10801 3.63141 1.28199 2.08155 3.63141 1.28199 1.86418 2.94359 -2.442494 1.74533 -1.36047 -1.92651 -1.75724 -1.36047 -1.92651 1.59064 -1.11704 -2.442494 -1.6171 -1.11704 -2.442494 -2.86774 1.02169 -1.10775 -1.6171 -1.11704 -2.442494 -1.75724 -1.36047 -1.92651 2.15213 1.63808 -2.442494 2.84128 1.02169 -1.10775 1.59064 -1.11704 -2.442494 2.84128 1.02169 -1.10775 2.15213 1.63808 -2.442494 1.74533 -1.36047 -1.92651 -2.11705 1.63808 -2.442494 -3.34955 -4.19455 -2.396622 -3.99537 -4.87818 -2.21907 -3.34034 -4.87818 -1.79263 -3.34722 -5.54324 -2.396622 -2.66662 -4.87818 -2.21688 -0.881155 -4.76868 -0.7508102 -0.881155 -4.24701 -1.37409 -3.24104 -4.76868 -0.7508102 -3.24104 -4.24701 -1.37409 -2.66477 -8.48271 -3.537644 -2.06476 -5.20836 -1.55122 -1.53074 -3.43037 2.40832 -1.14513 -3.00411 2.22146 -1.14536 -3.51525 1.98069 -1.14536 -3.51525 1.98069 1.54332 -2.24091 0.36181 2.06443 -2.38686 -0.03170013 1.5435 -2.75212 0.12065 1.5435 -2.75212 0.12065</float_array>
          <technique_common>
            <accessor source="#kart_body-mesh-positions-array" count="482" stride="3">
              <param name="X" type="float"/>
              <param name="Y" type="float"/>
              <param name="Z" type="float"/>
            </accessor>
          </technique_common>
        </source>
        <source id="kart_body-mesh-normals">
          <float_array id="kart_body-mesh-normals-array" count="1374">0 0 -1 0 -0.002908945 0.9999958 0 -0.002908945 0.9999958 0 0.7978662 0.6028346 0 0.797866 0.602835 0.9596 -0.05692553 0.2755489 0.9595991 -0.05692571 0.2755524 0.9595804 -0.05693519 0.2756155 0.9595835 -0.05693006 0.2756058 -0.9595834 -0.05693173 0.2756057 -0.959599 -0.05692708 0.2755523 -0.9595804 -0.05693376 0.2756156 -0.9596001 -0.0569241 0.275549 -0.9951262 -0.0925346 -0.03407561 0.01069509 -0.6595934 0.7515467 -0.7717162 -0.3124132 0.5539424 -0.8467845 0.1773409 -0.5015041 -0.02775353 0.3291603 -0.9438662 -0.09662449 0.3116 -0.945288 0.8229399 -0.4060125 0.3973965 0.9511888 -0.26752 -0.1538606 0.7663729 0.07007074 -0.638563 -0.0278871 0.3291539 -0.9438645 -0.09661936 0.3115391 -0.9453086 0.01064902 -0.6596615 0.7514875 -0.9951249 -0.09256315 -0.03404009 -0.06147706 -0.8322122 -0.5510386 0.9511858 -0.2675274 -0.1538662 -0.02785861 0.3291321 -0.9438729 -0.02780944 0.3291323 -0.9438742 0.08775734 -0.5186213 0.8504885 2.92436e-4 0.9651368 0.2617464 2.92864e-4 0.9651352 0.2617523 2.95613e-4 0.9651369 0.2617455 2.9634e-4 0.9651349 0.261753 0 0.904712 0.4260236 0 0.9047122 0.4260234 -0.9774218 0.05120915 0.2049986 0.9774218 0.05120915 0.2049986 0.06510722 -0.9969432 0.04318827 0.06589579 0.9975824 0.02206861 0.07788604 -0.8685032 -0.4895262 0.07796847 -0.868503 -0.4895136 0.06518065 0.0116766 0.9978052 0.06513267 -0.9969423 0.04317218 0.06588447 0.997583 0.02207756 0.5356484 0.1499549 -0.8310201 -0.2732267 0.9561293 -0.1056604 -0.5356292 0.1499716 -0.8310295 -0.01616799 -0.8984027 0.438875 0.01616001 -0.8983963 0.4388884 0.819047 -0.05218321 -0.5713485 -0.1754547 0.7922053 -0.5844883 -0.9268951 0.1164514 0.3567977 -0.4841902 0.3291842 0.8106773 0.4842019 0.3291745 0.8106742 0.3481632 -0.4388666 0.8283589 -0.5027875 -0.2084304 0.8389049 0.9246901 -0.08576929 -0.3709337 -0.3667855 0.1483557 -0.9184002 -0.5423877 -0.1270161 -0.8304713 0.2732375 0.9561216 -0.1057011 0.9268951 0.1164513 0.3567977 0.175453 0.7922117 -0.5844801 0.3667855 0.1483521 -0.9184009 0.542338 -0.1270265 -0.8305022 -0.9247025 -0.08571988 -0.3709144 -0.8190503 -0.05218017 -0.571344 -0.3481907 -0.438877 0.8283419 0.5027847 -0.2084336 0.8389059 0.5265581 -0.3691032 0.7658325 -1.84251e-5 -0.4993631 0.8663929 0.5265982 -0.3690891 0.7658118 0.8688583 -0.1463788 0.4729254 0.8688119 -0.1463238 0.4730279 -4.66764e-7 -0.4993395 0.8664065 -0.5265557 -0.3690091 0.7658795 -0.5265726 -0.3690953 0.7658263 -0.8688159 -0.146322 0.4730212 -0.8688178 -0.1463173 0.4730192 -0.006424546 0.8430579 0.5377845 -0.006428182 0.8430585 0.5377835 -0.006428062 0.8430586 0.5377835 -0.006428122 0.8430586 0.5377835 0.006424546 0.8430579 0.5377845 0 0.5225528 -0.852607 -8.99525e-7 0.5225533 -0.8526065 -0.5960696 0.5192163 0.6124668 -0.74287 -0.2619761 0.6160461 -0.3757404 0.4552909 0.8071739 -0.7463263 -0.5163112 0.4200237 -0.1926091 -0.9428067 -0.2720612 -0.06467103 -0.7976309 -0.5996688 0.3550693 -0.5480079 -0.7573726 -0.09515666 -0.9810992 -0.1684921 0.09517234 -0.9810979 -0.1684907 -0.3550589 -0.5480093 -0.7573765 0.192612 -0.9428048 -0.2720659 0.06467097 -0.7976309 -0.5996688 0.7463259 -0.516312 0.4200235 0.5229793 -0.6332952 -0.5704646 0.6923706 -0.4490864 -0.5647516 0.6041721 -0.3933196 0.6930194 0.09573322 -0.05986768 0.9936051 0.09575772 -0.05987459 0.9936023 0.7428684 -0.2619779 0.6160472 0.5960723 0.5192137 0.6124663 0.3066349 -0.3483531 0.8857907 0.3757739 0.4552727 0.8071684 -0.3066268 -0.348349 0.8857952 0.4416143 -0.4946056 -0.7485601 0.0893048 -0.3326674 -0.9388062 -0.5229768 -0.633303 -0.5704584 -0.6923744 -0.4490806 -0.5647516 -0.6041574 -0.393342 0.6930195 -0.09573334 -0.05986732 0.9936051 -0.09575873 -0.05987513 0.9936022 -0.2473821 -0.1559798 -0.9562805 -0.03223562 0.9994802 3.99797e-4 -0.03230828 0.9994778 4.82787e-4 -0.03224849 0.9994798 4.15907e-4 -0.03229033 0.9994784 4.6099e-4 -0.4416493 -0.4945676 -0.7485645 -0.08930402 -0.3326688 -0.9388058 0.2473818 -0.1559802 -0.9562806 0.03223568 0.9994802 3.99748e-4 0.03224849 0.9994798 4.15707e-4 0.03230828 0.9994778 4.82602e-4 0.03225833 0.9994795 4.24981e-4 2.52156e-7 -0.002896547 0.9999959 5.77833e-7 -0.002896547 0.9999959 6.12345e-7 -0.002896547 0.9999959 0.01628893 0.9998468 -0.006409049 0.008146107 0.9992296 -0.03839141 -1.72498e-6 0.9996148 -0.02775508 -0.008145272 0.9992296 -0.03839123 -0.01628893 0.9998468 -0.006409108 0 -0.6372618 -0.7706475 0 -0.6372642 -0.7706454 0 -0.9043835 -0.4267207 0 -0.9043845 -0.4267185 -0.009733557 0.03606814 -0.999302 0.009747147 0.03605037 -0.9993025 -0.009742081 0.03606086 -0.9993022 0.01947361 0.02340328 -0.9995365 -0.009742677 0.03605556 -0.9993023 -0.009743869 0.03605651 -0.9993023 -0.01947361 0.02340328 -0.9995365 -0.5015941 -0.3692342 0.7823487 5.18653e-6 -0.4993388 0.8664068 -0.5015519 -0.3692658 0.7823607 -0.8544591 -0.147352 0.4981839 -0.8544483 -0.1473586 0.4982004 -2.1095e-5 -0.4993321 0.8664107 0.5015982 -0.3692405 0.7823432 0.5015445 -0.3692447 0.7823756 0.8544664 -0.1473453 0.4981732 0.8544584 -0.1473514 0.4981852 0.8704302 -0.1312713 0.4744671 0.8704317 -0.1312671 0.4744655 0.870417 -0.1312901 0.4744861 0.8704159 -0.1312937 0.4744871 -0.8704146 -0.1312925 0.4744901 -0.870431 -0.1312674 0.4744669 -0.8704164 -0.1312914 0.4744871 -0.8704295 -0.1312716 0.4744685 4.4331e-7 -0.002896606 0.9999958 -2.71713e-7 -0.002896606 0.9999958 1.48843e-7 -0.002896606 0.9999958 -0.03693705 -0.9982495 0.04619151 -0.03700476 -0.9982515 0.04609537 -0.03697031 -0.9982504 0.04614615 -0.03699541 -0.9982511 0.0461108 -0.04371041 -0.9985283 0.03210705 -0.3321619 -0.07641249 0.9401221 -0.3321974 -0.07639223 0.9401113 -2.60888e-4 -0.1008685 0.9948998 -0.7445248 -0.01187551 0.6674892 -0.7444873 -0.01189136 0.6675308 -0.842439 0.01978933 0.5384282 -0.8424557 0.0198037 0.5384016 -3.17652e-4 -0.1008368 0.994903 -0.01921367 0.9540084 0.2991635 -0.451696 0.702107 0.5504693 0.07977968 0.8736137 0.4800357 0.9912647 -0.09890979 -0.08724278 0.6070512 0.05447465 -0.7927934 0.469435 -0.7656949 -0.439707 0.6679975 -0.475584 -0.5723629 0.6967005 0.4624875 -0.5483739 0.995206 0.007839322 -0.09748601 0.1631676 0.2994799 0.9400469 -0.6878841 0.3855122 0.6149764 0.1438259 -0.4891405 0.860265 0.05412429 -0.9221755 0.3829659 -0.6787747 -0.4563262 0.5753532 -0.4409331 -0.7311496 0.520575 -0.02219814 -0.9626021 0.2700085 0.6028591 -0.07251137 -0.7945458 0.5152134 0.7363175 -0.438625 0.02221065 -0.9625913 0.2700458 0.02208602 -0.5937046 0.8043801 0.4408925 -0.731146 0.5206145 -0.0220828 -0.5936745 0.8044022 -0.0222221 -0.9625836 0.2700726 -0.6029168 -0.07245928 -0.7945069 0.6029009 -0.07248568 -0.7945165 -0.5152181 0.7363409 -0.43858 0.5152289 0.736328 -0.4385889 -0.01923865 0.9540063 0.2991685 -0.02245885 0.5660768 0.8240466 -0.4516739 0.7021067 0.5504879 0.01920276 0.9540087 0.2991634 0.02247029 0.5661118 0.8240222 0.4516801 0.7020965 0.5504959 0.6071042 0.05441778 -0.7927568 -0.607089 0.05444341 -0.7927667 0.4693979 -0.7657306 -0.4396843 -0.4694112 -0.7657158 -0.4396959 0.9701426 -0.04466718 -0.2383872 0.970146 -0.04467719 -0.2383711 0.9701501 -0.04468762 -0.2383522 0.9701484 -0.04468309 -0.2383603 0 6.93633e-5 -1 0 6.93633e-5 -1 0 6.93633e-5 -1 0.03934508 -0.9983692 0.04136323 0.03922402 -0.9983697 0.0414676 0.03923946 -0.9983705 0.0414341 0.03923135 -0.9983701 0.04145252 0.03923445 -0.9983703 0.04144299 0.3321601 -0.07639336 0.9401243 0.3321461 -0.07636862 0.9401314 -2.94655e-4 -0.1008498 0.9949017 0.7445142 -0.01188182 0.667501 0.7445068 -0.01188343 0.6675091 0.8424407 0.01979768 0.5384254 0.842438 0.01979458 0.5384296 -2.95431e-4 -0.1008493 0.9949018 0.01922613 0.9540119 0.2991518 -0.07975858 0.8736162 0.4800348 0.4517027 0.7020963 0.5504776 -0.9912651 -0.09891414 -0.087233 -0.6070515 0.05444806 -0.7927951 -0.4694311 -0.7657026 -0.4396976 -0.6679955 -0.4755856 -0.5723639 -0.6966996 0.4624875 -0.5483749 -0.9952054 0.007836997 -0.09749323 -0.515219 0.7363083 -0.4386336 -0.6028579 -0.0724554 -0.7945517 -0.05412423 -0.9221755 0.382966 0.02218586 -0.9625989 0.2700209 0.6787742 -0.4563262 0.5753538 0.4409411 -0.731138 0.5205845 -0.1438147 -0.4891402 0.8602669 0.6878841 0.3855111 0.614977 -0.1631675 0.2994799 0.9400469 -0.9701423 -0.04466825 -0.2383877 -0.9701502 -0.04468756 -0.2383522 -0.970146 -0.04467689 -0.238371 -0.9701486 -0.0446822 -0.2383599 -0.4409008 -0.7311337 0.5206247 0 6.93633e-5 -1 0 6.93633e-5 -1 0 6.93633e-5 -1 -0.03928327 0.998728 0.03161007 -0.03912037 0.9987272 0.03183716 -0.03911077 0.9987272 0.03185003 -0.03910958 0.9987273 0.03185063 -0.03910762 0.9987273 0.0318523 0.0331282 0.9986668 0.03959 0.03298956 0.998666 0.03972387 0.03291147 0.9986655 0.03980219 0.03297442 0.9986656 0.03974503 0.04410827 0.9987127 0.02505218 -0.0651201 -0.9969424 0.04318994 -0.07785296 -0.8685038 -0.4895306 -0.06588119 0.9975835 0.02206677 -0.07784354 -0.8685222 -0.4894993 -0.06513404 -0.9969423 0.04317218 -0.06518119 0.01167339 0.9978052 -0.0658847 0.997583 0.02207756 0.3738046 -0.8520721 -0.3663923 0.7929329 -0.02517426 0.6087888 0.1062437 -0.01004356 0.9942895 0.3801755 0.8537423 -0.3557958 0.008144915 0.6620222 0.74944 0.01065737 -0.007884263 0.9999122 0.5455832 -0.007151305 0.8380262 -0.5328549 -0.006052851 0.8461851 0.007695436 -0.6722454 0.7402884 -0.3738111 -0.85207 -0.3663905 -0.1062441 -0.01004356 0.9942894 -0.7929325 -0.02510839 0.6087919 -0.3801715 0.8537436 -0.3557969 0.002414524 -0.9177461 -0.3971604 -0.002414584 0.917747 0.3971585 0.8645827 -0.3042313 0.3999254 -0.8645831 -0.3042288 0.399926 -6.51926e-7 -0.8614597 -0.5078259 -3.2722e-6 0.4627863 -0.8864699 -8.36561e-7 0.404928 -0.9143486 -5.17368e-5 -0.9976484 0.06853944 -0.8909168 0.1636608 -0.4236538 0.3308184 0.7605187 0.5587223 1.02054e-5 0.602093 0.798426 4.53684e-5 -0.997648 0.06854563 0.3480613 -0.9191365 -0.1845037 -0.3308159 0.7605183 0.5587245 0.8909019 0.1636327 -0.4236958 -0.34803 -0.9191487 -0.1845017 0.3480037 -0.9191588 -0.1845011 -0.3522374 -0.6993011 -0.6220184 -0.3480244 -0.9191529 -0.1844915 0.7661296 -0.2886716 0.5742077 0.8908718 0.1637122 -0.4237285 -0.311367 0.9444646 0.1050586 -0.3308174 0.760555 0.5586734 -0.3522914 -0.6993463 -0.621937 -0.348038 -0.9191528 -0.1844663 0 -0.6049157 -0.7962895 -0.3522744 -0.6993018 -0.6219966 1.10092e-5 -0.4263688 0.9045494 -0.766103 -0.2887063 0.5742253 0.3522257 -0.699278 -0.622051 0.3113206 0.9444818 0.1050415 1.78069e-6 0.9987271 -0.05044174 0.766133 -0.2886427 0.5742174 -0.3113465 0.9444738 0.1050366 -0.3522023 -0.6992704 -0.6220728 4.3188e-5 -0.604859 -0.7963326 0.3521994 -0.6992707 -0.6220741 0.3480202 -0.9191468 -0.1845295 0.3522337 -0.6992746 -0.6220504 -0.8908651 0.1636742 -0.4237572 -0.7661372 -0.2886165 0.574225 0.3308581 0.7605273 0.5586871 0.3113616 0.9444691 0.1050333 0.3480342 -0.9191436 -0.1845192 0.3522835 -0.6993002 -0.6219933 -3.32536e-4 -0.1008612 0.9949005 0.3189594 -0.3553284 0.8786391 2.4346e-4 0.9407877 -0.3389963 -0.5239473 -0.6817691 -0.5105587 0.881883 -0.3474134 -0.318726 0.3739449 0.6691336 -0.6422036 0.9951275 -0.09252303 -0.03407239 0.7717167 -0.3124127 0.553942 -0.01068609 -0.659592 0.7515478 0.8468232 0.1759627 -0.5019242 0.02775365 0.3291673 -0.9438636 0.09662359 0.3116131 -0.9452837 -0.8229395 -0.4060149 0.3973945 -0.9511896 -0.2675177 -0.153859 -0.7663726 0.07006734 -0.6385639 0.0278933 0.3291273 -0.9438735 0.09661781 0.3115602 -0.9453018 -0.01065564 -0.6596632 0.7514858 0.06147712 -0.8322122 -0.5510386 0.9951242 -0.09256726 -0.03404581 -0.9511789 -0.26754 -0.153887 0.02785998 0.3292151 -0.943844 0.02780544 0.3291436 -0.9438704 -0.08775746 -0.5186202 0.8504891 1.8673e-4 0.9651364 0.2617475 1.86947e-4 0.9651366 0.261747 2.82489e-4 0.9651365 0.2617472 1.865e-4 0.9651362 0.261748 3.99588e-5 0.9651367 0.2617464 3.99589e-5 0.9651367 0.2617464 3.99588e-5 0.9651367 0.2617463 1.83018e-4 0.9651362 0.2617482 1.83018e-4 0.9651362 0.2617482 1.83018e-4 0.9651362 0.2617482 0.1755778 -0.7635259 0.6214504 0.7347577 -0.08652174 0.6727892 -0.17558 -0.7635264 0.6214492 0.4764486 -0.7356157 0.481525 0.9424734 -0.12676 0.3093152 0.8306678 0.5555362 0.03702157 0.4485791 0.8041024 0.3901232 -0.7347419 -0.0865578 0.6728018 -0.4764485 -0.7356156 0.4815253 -0.9424735 -0.1267604 0.3093144 -0.8306682 0.5555359 0.03701967 -0.4485798 0.8041037 0.3901197 -0.8528689 -0.5128417 -0.09802103 0.852869 -0.5128418 -0.09802097 -0.7346573 -0.4280872 0.526327 0.7346574 -0.4280872 0.526327 -0.7346386 -0.4280815 0.5263578 0.7346385 -0.4280815 0.5263578 -0.3950062 0.3281041 0.8580897 0.3949591 0.328161 0.8580897 -0.8932065 0.4428086 0.07811945 0.8931993 0.4428007 0.0782479 -0.6653352 0.5352867 -0.5203819 0.394954 0.328101 0.8581149 -0.3949986 0.3281256 0.8580849 0.6653339 0.5352835 -0.5203868 0.8932151 0.4427784 0.0781942 0.7346411 -0.4280706 0.526363 0.8528655 -0.5128425 -0.09804648 0.6652777 0.5353104 -0.5204311 0.3949228 0.3281736 0.8581015 -0.734641 -0.4280748 0.5263598 -0.39492 0.3281586 0.8581085 -0.8932156 0.44278 0.07817775 -0.8528662 -0.5128439 -0.09803426 -0.6652938 0.5353475 -0.5203724 1.40356e-7 -0.002924203 0.9999958 -1.39694e-7 -0.002924203 0.9999958 0 -0.002924203 0.9999958 0 -0.002924203 0.9999958 0 0.9326809 0.3607026 0 0.9326804 0.3607038 0.9734339 0 0.2289685 0.9734338 0 0.2289686 -0.9734339 0 0.2289686 -0.9734339 0 0.2289685 -0.6094701 -0.727159 0.3158891 0.606224 -0.7252452 0.3263616 -0.7838334 -0.4434269 0.4347159 0.7764042 -0.4412053 0.4500383 0.5324554 0.5031026 0.6807196 -0.5324569 0.5031017 0.680719 -0.7655367 0.1413848 -0.6276655 -0.7838299 -0.4434678 0.4346804 -0.4133555 0.679832 -0.6057769 -0.5324679 0.5031049 0.6807081 0.5324885 0.5030619 0.6807237 0.4113925 0.6859428 -0.6001989 0.776389 -0.4411829 0.4500866 0.7813706 0.144041 -0.607217 0.6061815 -0.7252419 0.326448 -0.6094737 -0.7271499 0.3159034 0.5905827 -0.745779 -0.3082625 -0.5885682 -0.7415921 -0.3219141 -0.783823 -0.4434808 0.4346795 -0.5885422 -0.7416198 -0.321898 -0.6094875 -0.7271458 0.3158861 -0.7655452 0.1413291 -0.6276676 0.7813804 0.1439716 -0.6072208 0.7763946 -0.4412015 0.4500585 0.5905289 -0.7458015 -0.3083112 0.6062423 -0.7252254 0.3263716 -0.008144915 0.6620223 0.74944 -0.545583 -0.007151305 0.8380263 -0.01065725 -0.007884442 0.9999122 0.532855 -0.006052851 0.846185 -0.007695436 -0.6722449 0.7402889 -2.77236e-4 -0.1008612 0.9949005 -2.33632e-5 0.9407877 -0.3389965 -0.3189513 -0.3553216 0.8786448 0.5239474 -0.6817693 -0.5105584 -0.8818908 -0.347456 -0.3186583 -0.3739672 0.669116 -0.6422091 -0.3479503 -0.9191834 -0.1844789</float_array>
          <technique_common>
            <accessor source="#kart_body-mesh-normals-array" count="458" stride="3">
              <param name="X" type="float"/>
              <param name="Y" type="float"/>
              <param name="Z" type="float"/>
            </accessor>
          </technique_common>
        </source>
        <source id="kart_body-mesh-map-0">
          <float_array id="kart_body-mesh-map-0-array" count="2352">0.585029 -0.101474 0.585029 0.09857541 0.916702 -0.138138 0.585029 0.09857541 0.916702 0.135239 0.916702 -0.138138 0.690471 0.270979 0.917114 0.248619 0.690471 0.135411 0.917114 0.248619 0.917114 0.1577699 0.690471 0.135411 0.628622 0.203397 0.569798 0.2027429 0.628622 0.1874849 0.569798 0.2027429 0.569798 0.188138 0.628622 0.1874849 0.628622 0.165582 0.569798 0.1667699 0.628621 0.1857389 0.569798 0.1667699 0.569798 0.1857389 0.628621 0.1857389 0.569798 0.1857389 0.569798 0.1667699 0.628621 0.1857389 0.569798 0.1667699 0.628622 0.165582 0.628621 0.1857389 0.04745906 0.517872 0.04745906 0.5176 0.940612 0.517807 0.04745906 0.517872 0.940612 0.517807 0.940612 0.517888 0.940612 0.517888 0.001045227 0.518042 0.04745906 0.517872 0.940612 0.518042 0.001045227 0.518042 0.940612 0.517888 0.940612 0.517353 0.04745906 0.5176 0.01953816 0.517308 0.01953816 0.517308 0.940612 0.517262 0.940612 0.517353 0.01953816 0.517308 0.001045227 0.517044 0.940612 0.517262 0.940612 0.517262 0.001045227 0.517044 0.940612 0.517055 0.770802 0.489869 0.689345 0.492753 -0.237029 0.489893 0.689345 0.486782 0.770802 0.489869 -0.237029 0.489893 0.64088 0.483976 0.689345 0.486782 -0.237029 0.489893 0.689345 0.492753 0.64088 0.494559 -0.237029 0.489893 0.940612 0.517602 0.04745906 0.5176 0.940612 0.517353 0.940612 0.517807 0.04745906 0.5176 0.940612 0.517602 0.996661 0.442912 0.778701 0.444591 0.885833 0.500147 0.778701 0.444591 0.996661 0.442912 0.778701 0.3318 0.996661 0.442912 0.996661 0.330121 0.778701 0.3318 0.888297 0.274565 0.778701 0.3318 0.996661 0.330121 0.654127 0.157624 0.654127 -0.1634409 0.499729 0.09149003 0.654127 -0.1634409 0.499729 -0.0973072 0.499729 0.09149003 0.704362 0.264459 0.622348 0.1004239 0.499597 0.264459 0.704362 0.264459 0.499597 0.264459 0.622348 0.1004239 0.883089 0.269429 0.883089 0.269429 0.884806 0.252339 0.884806 0.252339 0.990774 0.270574 0.883089 0.269429 0.884806 0.252339 0.883089 0.269429 0.990774 0.270574 0.37044 0.625916 0.268574 0.627928 0.37044 0.625916 0.37044 0.625916 0.37044 0.625916 0.0515933 0.625916 0.0515933 0.625916 0.37044 0.625916 0.0515933 0.625916 0.37044 0.625916 0.0515933 0.625916 0.37044 0.61553 0.37044 0.625916 0.37044 0.61553 0.268574 0.619891 0.268574 0.627928 0.37044 0.625916 0.268574 0.619891 0.140467 0.619891 0.268574 0.627928 0.268574 0.619891 0.268574 0.627928 0.140467 0.619891 0.140468 0.627642 0.140468 0.627642 0.140468 0.627642 0.268574 0.627928 0.0515933 0.625916 0.140468 0.627642 0.140468 0.627642 0.0515933 0.625916 0.0515933 0.625916 0.140468 0.627642 0.140468 0.627642 0.140467 0.619891 0.0515933 0.625916 0.140467 0.619891 0.05158829 0.617513 0.0515933 0.625916 0.05158829 0.617513 0.140467 0.619891 0.0515933 0.609211 0.05158829 0.617513 0.0515933 0.609211 0.37044 0.609211 0.05158829 0.617513 0.37044 0.609211 0.37044 0.61553 0.37044 0.61553 0.0515933 0.625916 0.05158829 0.617513 0.37044 0.609211 0.268572 0.614904 0.37044 0.61553 0.37044 0.609211 0.268575 0.609211 0.268572 0.614904 0.268572 0.614904 0.268575 0.609211 0.140467 0.619891 0.140467 0.619891 0.268574 0.619891 0.268572 0.614904 0.268572 0.614904 0.268574 0.619891 0.37044 0.61553 0.268574 0.627928 0.268574 0.627928 0.37044 0.625916 0.140468 0.627642 0.268574 0.627928 0.268574 0.627928 0.268574 0.627928 0.140468 0.627642 0.140467 0.619891 0.140467 0.619891 0.268574 0.619891 0.268574 0.627928 0.140467 0.619891 0.268572 0.614904 0.268574 0.619891 0.268572 0.614904 0.140467 0.619891 0.268575 0.609211 0.37044 0.609211 0.268572 0.614904 0.268575 0.609211 0.37044 0.609211 0.37044 0.61553 0.268572 0.614904 0.05158829 0.617513 0.37044 0.61553 0.37044 0.609211 0.37044 0.61553 0.05158829 0.617513 0.0515933 0.625916 0.37044 0.625916 0.37044 0.61553 0.0515933 0.625916 0.37044 0.61553 0.37044 0.625916 0.268574 0.619891 0.268572 0.614904 0.37044 0.61553 0.268574 0.619891 0.268574 0.619891 0.37044 0.625916 0.268574 0.627928 0.268575 0.609211 0.0515933 0.609211 0.140467 0.619891 0.140467 0.619891 0.0515933 0.625916 0.05158829 0.617513 0.140468 0.627642 0.0515933 0.625916 0.140467 0.619891 0.140467 0.619891 0.0515933 0.609211 0.268575 0.609211 0.05158829 0.617513 0.0515933 0.609211 0.140467 0.619891 0.05158829 0.617513 0.37044 0.609211 0.0515933 0.609211 0.114884 0.605669 0.114884 0.60817 0.01132655 0.605669 0.126829 0.604474 0.114884 0.605669 0.01132655 0.605669 0.01132655 0.604474 0.126829 0.604474 0.01132655 0.605669 0.114884 0.60817 0.01132655 0.60817 0.01132655 0.605669 0.114884 0.60817 0.114884 0.610671 0.01132655 0.60817 0.114884 0.610671 0.01132655 0.610671 0.01132655 0.60817 0.01132655 0.611865 0.01132655 0.610671 0.114884 0.610671 0.126829 0.611865 0.01132655 0.611865 0.114884 0.610671 1.00529 -0.1427429 0.928501 -0.1663199 1.00529 0.001666307 0.928501 0.1696519 1.00529 0.001666307 0.928501 -0.1663199 1.00529 0.146075 1.00529 0.001666307 0.928501 0.1696519 1.0599 0.163437 1.0599 -0.1629879 1.05675 0.163437 1.0599 -0.1629879 1.05675 -0.1629879 1.05675 0.163437 0.336664 0.618107 0.211372 0.62569 0.336664 0.62788 0.336664 0.618107 0.211372 0.616487 0.211372 0.62569 0.211372 0.616487 0.1286129 0.622295 0.211372 0.62569 0.128614 0.618838 0.1286129 0.622295 0.211372 0.616487 0.1286129 0.622295 0.128614 0.618838 0.05565875 0.62788 0.05565875 0.62788 0.1286129 0.62569 0.1286129 0.622295 0.1286129 0.62569 0.1286129 0.62569 0.05565875 0.62788 0.05565875 0.62788 0.1286129 0.62569 0.05565875 0.62788 0.05565875 0.62788 0.1286129 0.622295 0.1286129 0.62569 0.1286129 0.622295 0.05565875 0.62788 0.128614 0.618838 0.211372 0.616487 0.1286129 0.622295 0.128614 0.618838 0.128614 0.614877 0.211372 0.616487 0.128614 0.618838 0.211372 0.616487 0.128614 0.614877 0.1286129 0.608433 0.211371 0.608433 0.211372 0.616487 0.1286129 0.608433 0.211372 0.616487 0.211371 0.608433 0.336665 0.608433 0.336664 0.618107 0.211372 0.616487 0.336665 0.608433 0.211372 0.62569 0.211372 0.616487 0.336664 0.618107 0.211372 0.62569 0.1286129 0.622295 0.211372 0.616487 0.1286129 0.622295 0.211372 0.62569 0.1286129 0.62569 0.211372 0.62569 0.211372 0.62788 0.1286129 0.62569 0.336664 0.62788 0.211372 0.62788 0.211372 0.62569 0.211372 0.62788 0.211372 0.62788 0.336664 0.62788 0.336664 0.62788 0.211372 0.62788 0.336664 0.62788 0.336664 0.62788 0.211372 0.62569 0.211372 0.62788 0.211372 0.62569 0.1286129 0.62569 0.211372 0.62788 0.1286129 0.622295 0.1286129 0.62569 0.211372 0.62569 0.211372 0.62788 0.1286129 0.62569 0.211372 0.62788 0.1286129 0.62569 0.1286129 0.62569 0.211372 0.62788 0.128614 0.618838 0.05565875 0.619915 0.05565875 0.62788 0.05565875 0.613331 0.05565875 0.619915 0.128614 0.618838 0.05565875 0.613331 0.128614 0.618838 0.128614 0.614877 0.128614 0.614877 0.1286129 0.608433 0.05565875 0.613331 0.1286129 0.608433 0.128614 0.614877 0.211372 0.616487 0.211371 0.608433 0.1286129 0.608433 0.211372 0.616487 0.336665 0.608433 0.211371 0.608433 0.211372 0.616487 0.336664 0.618107 0.336665 0.608433 0.211372 0.616487 0.128614 0.614877 0.128614 0.618838 0.211372 0.616487 0.1286129 0.608433 0.05565786 0.608433 0.05565875 0.613331 0.05368447 0.62491 0.131051 0.626045 0.05276298 0.613303 0.131051 0.626045 0.130443 0.608699 0.05276298 0.613303 0.05565875 0.62788 0.05565875 0.619915 0.128614 0.618838 0.05565875 0.613331 0.128614 0.618838 0.05565875 0.619915 0.05565875 0.613331 0.128614 0.614877 0.128614 0.618838 0.128614 0.614877 0.05565875 0.613331 0.1286129 0.608433 0.05565875 0.613331 0.05565786 0.608433 0.1286129 0.608433 0.370432 0.62491 0.371353 0.613303 0.293066 0.626045 0.371353 0.613303 0.293674 0.608699 0.293066 0.626045 0.211372 0.62569 0.336664 0.618107 0.336664 0.62788 0.503117 0.771708 0.184176 0.757501 0.503117 0.757501 0.03932756 0.954676 0.03932756 0.954676 0.03932756 0.954676 0.03932756 0.954676 0.03932756 0.954676 0.03932756 0.954676 0.03932756 0.954676 0.03932756 0.954676 0.03932756 0.954676 0.355191 0.913456 0.02851837 0.913456 0.380741 0.876809 0.02851837 0.913456 0.002967774 0.876809 0.380741 0.876809 0.305941 0.96339 0.07776737 0.96339 0.355191 0.913456 0.07776737 0.96339 0.02851837 0.913456 0.355191 0.913456 0.380741 0.876809 0.002967774 0.876809 0.191854 0.639442 0.191854 0.639442 0.002967774 0.876809 -0.110998 0.639209 0.002967774 0.876809 0.191854 0.639442 -0.110998 0.639209 0.648955 0.726396 0.648955 0.726396 0.648955 0.726396 0.648955 0.726396 0.648955 0.726396 0.648955 0.726396 0.648955 0.726396 0.648955 0.726396 0.648955 0.726396 0.648955 0.726396 0.648955 0.726396 0.648955 0.726396 0.648955 0.726396 0.648955 0.726396 0.648955 0.726396 0.648955 0.726396 0.648955 0.726396 0.648955 0.726396 0.648955 0.726396 0.648955 0.726396 0.648955 0.726396 0.648955 0.726396 0.648955 0.726396 0.648955 0.726396 0.01132655 0.623963 0.126829 0.623963 0.01132655 0.624519 0.126829 0.623963 0.126829 0.624519 0.01132655 0.624519 0.126829 0.626934 0.126829 0.62749 0.01132655 0.626934 0.126829 0.62749 0.01132655 0.62749 0.01132655 0.626934 0.503117 0.757501 0.503117 0.771708 0.134635 0.757501 0.423928 0.733257 0.617865 0.547872 0.617865 0.733257 0.405487 0.716556 0.617865 0.547872 0.423928 0.733257 0.402499 0.547872 0.617865 0.547872 0.405487 0.716556 0.801465 0.744081 0.813377 0.552252 0.644362 0.744081 0.813377 0.552252 0.801465 0.744081 0.826975 0.744081 0.841155 0.552252 0.813377 0.552252 0.826975 0.744081 0.841155 0.552252 0.826975 0.744081 0.970996 0.552252 0.826975 0.744081 0.952601 0.744081 0.970996 0.552252 0.813377 0.552252 0.66002 0.552252 0.644362 0.744081 0.1647959 0.628641 0.05266898 0.628123 0.164784 0.624872 0.1647959 0.628641 0.164784 0.624872 0.288293 0.624384 0.288286 0.629121 0.1647959 0.628641 0.288293 0.624384 0.37248 0.628649 0.288286 0.629121 0.288293 0.624384 0.37248 0.628649 0.288293 0.624384 0.37248 0.624213 0.37248 0.624213 0.288293 0.624384 0.372478 0.621815 0.288293 0.624384 0.288293 0.621561 0.372478 0.621815 0.288293 0.624384 0.164795 0.624357 0.288293 0.621561 0.164784 0.624872 0.164795 0.624357 0.288293 0.624384 0.05266898 0.624411 0.164795 0.624357 0.164784 0.624872 0.05266898 0.628123 0.05266898 0.624411 0.164784 0.624872 0.164795 0.624357 0.05266898 0.624411 0.1647959 0.62153 0.164795 0.624357 0.1647959 0.62153 0.288293 0.621561 0.1647959 0.62153 0.16479 0.621154 0.288293 0.621561 0.05266898 0.621582 0.16479 0.621154 0.1647959 0.62153 0.05266898 0.624411 0.05266898 0.621582 0.1647959 0.62153 0.05266898 0.619648 0.164793 0.61913 0.05266898 0.621582 0.164793 0.61913 0.16479 0.621154 0.05266898 0.621582 0.164793 0.61913 0.288288 0.618687 0.16479 0.621154 0.288288 0.618687 0.288293 0.621561 0.16479 0.621154 0.288288 0.618687 0.37248 0.619121 0.288293 0.621561 0.288293 0.621561 0.37248 0.619121 0.372478 0.621815 0.164793 0.607604 0.05266898 0.610142 0.05266898 0.607812 0.05266898 0.613423 0.05266898 0.610142 0.164793 0.607604 0.164793 0.61596 0.05266898 0.613423 0.164793 0.607604 0.164793 0.61596 0.164793 0.607604 0.288288 0.607388 0.288288 0.616177 0.164793 0.61596 0.288288 0.607388 0.288288 0.616177 0.288288 0.607388 0.356921 0.60761 0.356923 0.615955 0.288288 0.616177 0.356921 0.60761 0.164793 0.616036 0.05266898 0.61364 0.05266898 0.615839 0.05266898 0.61364 0.164793 0.616036 0.164793 0.607528 0.05266898 0.609925 0.05266898 0.61364 0.164793 0.607528 0.05266898 0.609925 0.164793 0.607528 0.05266898 0.607725 0.164793 0.616036 0.288288 0.616246 0.164793 0.607528 0.288288 0.616246 0.288288 0.607318 0.164793 0.607528 0.288288 0.616246 0.356923 0.616038 0.288288 0.607318 0.356923 0.616038 0.356923 0.607527 0.288288 0.607318 0.526617 0.983536 0.334247 0.983839 0.526617 0.77589 0.334247 0.983839 0.366111 0.775689 0.526617 0.77589 0.526617 0.983536 0.526617 0.77589 0.993625 0.983536 0.617865 0.547872 0.405487 0.716556 0.423928 0.733257 0.617865 0.547872 0.423928 0.733257 0.617865 0.733257 0.402499 0.547872 0.405487 0.716556 0.617865 0.547872 0.813377 0.552252 0.801465 0.744081 0.66002 0.552252 0.813377 0.552252 0.841155 0.552252 0.801465 0.744081 0.841155 0.552252 0.826975 0.744081 0.801465 0.744081 0.952601 0.744081 0.826975 0.744081 0.841155 0.552252 0.970996 0.552252 0.952601 0.744081 0.841155 0.552252 0.801465 0.744081 0.644362 0.744081 0.66002 0.552252 0.1647959 0.628641 0.164784 0.624872 0.05266898 0.628123 0.288293 0.624384 0.164784 0.624872 0.1647959 0.628641 0.288286 0.629121 0.288293 0.624384 0.1647959 0.628641 0.37248 0.628649 0.288293 0.624384 0.288286 0.629121 0.37248 0.628649 0.37248 0.624213 0.288293 0.624384 0.37248 0.624213 0.372478 0.621815 0.288293 0.624384 0.372478 0.621815 0.288293 0.621561 0.288293 0.624384 0.288293 0.621561 0.372478 0.621815 0.37248 0.619121 0.288288 0.618687 0.288293 0.621561 0.37248 0.619121 0.16479 0.621154 0.288293 0.621561 0.288288 0.618687 0.164793 0.61913 0.16479 0.621154 0.288288 0.618687 0.05266898 0.621582 0.16479 0.621154 0.164793 0.61913 0.05266898 0.619648 0.05266898 0.621582 0.164793 0.61913 0.1647959 0.62153 0.05266898 0.621582 0.05266898 0.624411 0.164795 0.624357 0.1647959 0.62153 0.05266898 0.624411 0.288293 0.621561 0.1647959 0.62153 0.164795 0.624357 0.288293 0.624384 0.288293 0.621561 0.164795 0.624357 0.164784 0.624872 0.288293 0.624384 0.164795 0.624357 0.05266898 0.624411 0.164784 0.624872 0.164795 0.624357 0.164784 0.624872 0.05266898 0.624411 0.05266898 0.628123 0.1647959 0.62153 0.288293 0.621561 0.16479 0.621154 0.05266898 0.621582 0.1647959 0.62153 0.16479 0.621154 0.526617 0.983536 0.526617 0.77589 0.334247 0.983839 0.526617 0.77589 0.366111 0.775689 0.334247 0.983839 0.164793 0.61596 0.05266898 0.615753 0.05266898 0.613423 0.526617 0.983536 0.993625 0.77589 0.526617 0.77589 0.405664 0.718456 0.617865 0.547872 0.402499 0.547872 0.405664 0.718456 0.423492 0.733257 0.617865 0.547872 0.617865 0.547872 0.423492 0.733257 0.617865 0.733257 0.423492 0.733257 0.617865 0.547872 0.617865 0.733257 0.423492 0.733257 0.405664 0.718456 0.617865 0.547872 0.617865 0.547872 0.405664 0.718456 0.402499 0.547872 0.883089 0.269429 0.884806 0.252339 0.883089 0.269429 0.884806 0.252339 0.883089 0.269429 0.990774 0.270574 0.884806 0.252339 0.990774 0.270574 0.883089 0.269429 0.891673 0.267752 0.891673 0.25379 0.991159 0.270911 0.891673 0.267752 0.891673 0.25379 0.891673 0.267752 0.991159 0.270911 0.891673 0.25379 0.891673 0.267752 0.924068 0.2480459 0.961583 0.2104809 0.998903 0.2480459 0.924068 0.2480459 0.924068 0.172966 0.961583 0.2104809 0.998903 0.172966 0.961583 0.2104809 0.924068 0.172966 0.998903 0.2480459 0.961583 0.2104809 0.998903 0.172966 0.891673 0.267752 0.991159 0.270911 0.891673 0.25379 0.891673 0.267752 0.891673 0.267752 0.891673 0.25379 0.991159 0.270911 0.891673 0.267752 0.891673 0.25379 0.310152 0.638171 0.251583 0.638171 0.280744 0.689843 0.251583 0.638171 0.310152 0.638171 0.280744 0.689843 0.713734 0.484373 0.713734 0.487781 0.009544968 0.489311 0.713734 0.493498 0.713734 0.484373 0.009544968 0.489311 0.713734 0.487781 0.713734 0.493498 0.009544968 0.489311 0.184273 0.574565 0.184273 0.593354 0.04003477 0.574565 0.184273 0.574565 0.04003477 0.574565 0.07561606 0.556745 0.184273 0.556745 0.184273 0.574565 0.07561606 0.556745 0.184273 0.553962 0.184273 0.556745 0.07561606 0.556745 0.07561606 0.553962 0.184273 0.553962 0.07561606 0.556745 0.184273 0.556745 0.184273 0.553962 0.29293 0.556745 0.29293 0.556745 0.328511 0.574565 0.184273 0.556745 0.328511 0.574565 0.184273 0.574565 0.184273 0.556745 0.328511 0.574565 0.29293 0.593354 0.184273 0.574565 0.29293 0.593354 0.184273 0.593354 0.184273 0.574565 0.184273 0.593354 0.07561606 0.593354 0.04003477 0.574565 0.29293 0.593354 0.07561606 0.593354 0.328511 0.574565 0.07561606 0.593354 0.04003477 0.574565 0.328511 0.574565 0.328511 0.574565 0.04003477 0.574565 0.29293 0.556745 0.04003477 0.574565 0.07561606 0.556745 0.29293 0.556745 0.29293 0.556745 0.07561606 0.556745 0.29293 0.553962 0.07561606 0.556745 0.07561606 0.553962 0.29293 0.553962 0.184273 0.593354 0.07561606 0.593354 0.184273 0.574565 0.184273 0.593354 0.184273 0.574565 0.328511 0.574565 0.29293 0.593354 0.184273 0.593354 0.328511 0.574565 0.328511 0.574565 0.184273 0.574565 0.29293 0.556745 0.184273 0.574565 0.184273 0.556745 0.29293 0.556745 0.184273 0.574565 0.04003477 0.574565 0.184273 0.556745 0.07561606 0.593354 0.04003477 0.574565 0.184273 0.574565 0.04003477 0.574565 0.07561606 0.556745 0.184273 0.556745 0.184273 0.556745 0.07561606 0.556745 0.07561606 0.553962 0.184273 0.553962 0.184273 0.556745 0.07561606 0.553962 0.184273 0.556745 0.184273 0.553962 0.29293 0.553962 0.29293 0.556745 0.184273 0.556745 0.29293 0.553962 0.29293 0.593354 0.07561606 0.593354 0.328511 0.574565 0.07561606 0.593354 0.04003477 0.574565 0.328511 0.574565 0.328511 0.574565 0.04003477 0.574565 0.29293 0.556745 0.04003477 0.574565 0.07561606 0.556745 0.29293 0.556745 0.29293 0.556745 0.07561606 0.556745 0.29293 0.553962 0.07561606 0.556745 0.07561606 0.553962 0.29293 0.553962 -0.02356868 0.431663 0.191956 0.431663 -0.02356868 0.465596 0.123046 0.428014 0.191956 0.431663 -0.02356868 0.431663 0.201661 0.322822 0.191956 0.431663 0.123046 0.428014 0.191956 0.465596 0.191956 0.431663 0.201661 0.322822 0.191956 0.431663 0.191956 0.465596 -0.02356868 0.465596 -0.02356868 0.465596 0.191956 0.465596 0.123046 0.428014 0.123046 0.428014 0.191956 0.465596 0.201661 0.322822 0.04745906 0.517872 0.940612 0.517807 0.04745906 0.5176 0.04745906 0.517872 0.940612 0.517888 0.940612 0.517807 0.940612 0.517888 0.04745906 0.517872 0.001045227 0.518042 0.940612 0.518042 0.940612 0.517888 0.001045227 0.518042 0.940612 0.517353 0.01953816 0.517308 0.04745906 0.5176 0.01953816 0.517308 0.940612 0.517353 0.940612 0.517262 0.01953816 0.517308 0.940612 0.517262 0.001045227 0.517044 0.940612 0.517262 0.940612 0.517055 0.001045227 0.517044 0.770802 0.489869 -0.237029 0.489893 0.689345 0.492753 0.689345 0.486782 -0.237029 0.489893 0.770802 0.489869 0.64088 0.483976 -0.237029 0.489893 0.689345 0.486782 0.689345 0.492753 -0.237029 0.489893 0.64088 0.494559 0.940612 0.517602 0.940612 0.517353 0.04745906 0.5176 0.940612 0.517807 0.940612 0.517602 0.04745906 0.5176 0.996661 0.442912 0.885833 0.500147 0.778701 0.444591 0.778701 0.444591 0.778701 0.3318 0.996661 0.442912 0.778701 0.3318 0.996661 0.330121 0.996661 0.442912 0.888297 0.274565 0.996661 0.330121 0.778701 0.3318 0.369581 0.622877 0.213985 0.623821 0.369581 0.613808 0.213985 0.623821 0.369581 0.622877 0.369581 0.625663 0.213985 0.623821 0.369581 0.625663 0.213985 0.626001 0.213985 0.623821 0.213985 0.626001 0.05360645 0.625892 0.213985 0.623821 0.05360645 0.625892 0.05360645 0.622938 0.213985 0.623821 0.05360645 0.622938 0.213985 0.612864 0.213985 0.623821 0.213985 0.612864 0.369581 0.613808 0.369578 0.611022 0.369581 0.613808 0.213985 0.612864 0.369578 0.611022 0.213985 0.612864 0.213985 0.610684 0.05360645 0.610792 0.213985 0.610684 0.213985 0.612864 0.05360645 0.610792 0.213985 0.612864 0.05360645 0.613747 0.05360645 0.622938 0.05360645 0.613747 0.213985 0.612864 -0.026286 0.327644 0.0283792 0.327644 -0.026286 0.3626551 0.0283792 0.327644 0.0283792 0.3626551 -0.026286 0.3626551 -0.176949 0.470129 0.1822299 0.470129 -0.176949 0.460364 0.1822299 0.470129 0.1822299 0.460364 -0.176949 0.460364 -0.230733 0.271405 0.236014 0.271405 -0.176949 0.01186698 0.1822299 0.443148 0.236014 0.271405 -0.230733 0.271405 -0.176949 0.443148 0.1822299 0.443148 -0.230733 0.271405 0.236014 0.271405 0.1822299 0.01186698 -0.176949 0.01186698 0.511316 0.350309 0.250164 0.471822 0.250164 0.260625 0.250164 0.260625 0.511316 0.20209 0.511316 0.350309 0.511316 0.471822 0.250164 0.471822 0.511316 0.350309 0.250164 0.471822 0.511316 0.471822 0.511316 0.350309 0.250164 0.471822 0.511316 0.350309 0.250164 0.260625 0.511316 0.20209 0.250164 0.260625 0.511316 0.350309 0.732072 0.381466 0.732071 0.454915 0.573464 0.381466 0.732071 0.454915 0.573464 0.454915 0.573464 0.381466 0.573464 0.381466 0.573464 0.454915 0.518774 0.3639701 0.573464 0.454915 0.518774 0.468849 0.518774 0.3639701 0.77122 0.281882 0.531459 0.281882 0.732072 0.381466 0.531459 0.281882 0.573464 0.381466 0.732072 0.381466 0.531459 0.281882 0.77122 0.281882 0.573464 0.381466 0.77122 0.281882 0.732072 0.381466 0.573464 0.381466 0.493578 -0.1080559 0.493578 0.1114339 0.396015 -0.193299 0.493578 0.1114339 0.396015 0.195685 0.396015 -0.193299 0.396015 0.195685 0.260414 0.1253039 0.396015 -0.193299 0.260414 0.1253039 0.260414 -0.122918 0.396015 -0.193299 0.371097 0.01347279 0.256731 0.017596 0.371097 0.009999513 0.371097 0.009999513 0.256731 0.017596 0.256731 0.01237368 0.256731 0.01237368 0.256731 -0.006406068 0.371097 0.009999513 0.256731 -0.006406068 0.371097 -0.004031658 0.371097 0.009999513 0.256731 -0.006406068 0.256731 -0.01162815 0.371097 -0.004031658 0.371097 -0.004031658 0.256731 -0.01162815 0.371098 -0.007812023 0.278115 0.1984109 0.244318 0.1984109 0.276622 0.149302 0.244318 0.1984109 0.24567 0.149302 0.276622 0.149302 0.511069 0.1908379 0.486287 0.148796 0.484001 0.1908379 0.511069 0.1908379 0.512162 0.148796 0.486287 0.148796 0.512162 0.148796 0.511069 0.1908379 0.486287 0.148796 0.486287 0.148796 0.511069 0.1908379 0.484001 0.1908379 0.924068 0.2480459 0.998903 0.2480459 0.961583 0.2104809 0.924068 0.2480459 0.961583 0.2104809 0.924068 0.172966 0.998903 0.172966 0.924068 0.172966 0.961583 0.2104809 0.998903 0.2480459 0.998903 0.172966 0.961583 0.2104809 -0.02356868 0.431663 -0.02356868 0.465596 0.191956 0.431663 0.123046 0.428014 -0.02356868 0.431663 0.191956 0.431663 0.201661 0.322822 0.123046 0.428014 0.191956 0.431663 0.191956 0.465596 0.201661 0.322822 0.191956 0.431663 -0.02356868 0.465596 0.191956 0.465596 0.191956 0.431663 -0.02356868 0.465596 0.123046 0.428014 0.191956 0.465596 0.123046 0.428014 0.201661 0.322822 0.191956 0.465596 0.184273 0.553962 0.29293 0.553962 0.29293 0.556745</float_array>
          <technique_common>
            <accessor source="#kart_body-mesh-map-0-array" count="1176" stride="2">
              <param name="S" type="float"/>
              <param name="T" type="float"/>
            </accessor>
          </technique_common>
        </source>
        <vertices id="kart_body-mesh-vertices">
          <input semantic="POSITION" source="#kart_body-mesh-positions"/>
        </vertices>
        <triangles material="mat_body-material" count="392">
          <input semantic="VERTEX" source="#kart_body-mesh-vertices" offset="0"/>
          <input semantic="NORMAL" source="#kart_body-mesh-normals" offset="1"/>
          <input semantic="TEXCOORD" source="#kart_body-mesh-map-0" offset="2" set="0"/>
          <p>0 0 0 1 0 1 2 0 2 1 0 3 3 0 4 2 0 5 4 1 6 5 1 7 6 1 8 5 2 9 7 2 10 6 2 11 8 3 12 9 3 13 10 3 14 9 4 15 11 4 16 10 4 17 12 5 18 13 6 19 14 7 20 13 6 21 15 8 22 14 7 23 16 9 24 17 10 25 18 11 26 17 10 27 19 12 28 18 11 29 20 13 30 21 14 31 22 15 32 20 13 33 22 15 34 25 16 35 25 16 36 24 17 37 20 13 38 23 18 39 24 17 40 25 16 41 26 19 42 21 14 43 27 20 44 27 20 45 34 21 46 26 19 47 27 20 48 35 22 49 34 21 50 34 21 51 35 22 52 36 23 53 28 24 54 29 25 55 30 26 56 33 27 57 28 24 58 30 26 59 32 28 60 33 27 61 30 26 62 29 25 63 31 29 64 30 26 65 37 30 66 21 14 67 26 19 68 22 15 69 21 14 70 37 30 71 38 31 72 39 31 73 40 31 74 39 32 75 38 32 76 41 32 77 38 33 78 42 33 79 41 33 80 43 34 81 41 34 82 42 34 83 44 35 84 45 35 85 46 35 86 45 36 87 47 36 88 46 36 89 48 37 90 49 37 91 50 37 92 51 38 93 52 38 94 53 38 95 54 39 96 55 40 97 56 41 98 57 42 99 58 43 100 54 44 101 57 42 102 55 45 103 58 43 104 59 46 105 60 47 106 61 48 107 59 46 108 61 48 109 64 49 110 63 50 111 59 46 112 64 49 113 59 46 114 63 50 115 69 51 116 59 46 117 69 51 118 68 52 119 60 47 120 59 46 121 68 52 122 65 53 123 60 47 124 68 52 125 60 47 126 65 53 127 67 54 128 67 54 129 74 55 130 60 47 131 64 49 132 74 55 133 67 54 134 63 50 135 64 49 136 67 54 137 67 54 138 65 53 139 63 50 140 65 53 141 66 56 142 63 50 143 66 56 144 65 53 145 73 57 146 66 56 147 73 57 148 70 58 149 66 56 150 70 58 151 69 51 152 69 51 153 63 50 154 66 56 155 70 58 156 71 59 157 69 51 158 70 58 159 72 60 160 71 59 161 71 59 162 72 60 163 65 53 164 65 53 165 68 52 166 71 59 167 71 59 168 68 52 169 69 51 170 60 47 171 62 61 172 61 48 173 74 55 174 62 61 175 60 47 176 62 61 177 74 55 178 75 62 179 75 62 180 78 63 181 62 61 182 75 62 183 80 64 184 78 63 185 80 64 186 75 62 187 81 65 188 79 66 189 80 64 190 81 65 191 79 66 192 77 67 193 80 64 194 76 68 195 77 67 196 79 66 197 77 67 198 76 68 199 64 49 200 61 48 201 77 67 202 64 49 203 77 67 204 61 48 205 78 63 206 80 64 207 77 67 208 78 63 209 78 63 210 61 48 211 62 61 212 72 60 213 73 57 214 65 53 215 75 62 216 64 49 217 76 68 218 74 55 219 64 49 220 75 62 221 75 62 222 82 69 223 81 65 224 76 68 225 82 69 226 75 62 227 76 68 228 79 66 229 82 69 230 83 70 231 84 71 232 85 72 233 178 73 234 83 70 235 85 72 236 177 74 237 178 73 238 85 72 239 84 71 240 86 75 241 85 72 242 84 71 243 90 76 244 86 75 245 90 76 246 91 77 247 86 75 248 180 78 249 91 77 250 90 76 251 179 79 252 180 78 253 90 76 254 87 80 255 88 80 256 89 80 257 95 81 258 89 82 259 88 83 260 92 84 261 93 84 262 94 84 263 96 85 264 97 85 265 98 85 266 97 86 267 99 86 268 98 86 269 100 87 270 101 88 271 102 89 272 100 87 273 105 90 274 101 88 275 105 90 276 104 91 277 101 88 278 103 92 279 104 91 280 105 90 281 104 91 282 103 92 283 106 93 284 106 93 285 108 94 286 104 91 287 130 95 288 108 94 289 106 93 290 128 96 291 130 95 292 106 93 293 128 96 294 126 97 295 130 95 296 126 97 297 128 96 298 127 98 299 124 99 300 126 97 301 127 98 302 135 100 303 124 99 304 127 98 305 124 99 306 135 100 307 134 101 308 133 102 309 124 99 310 134 101 311 124 99 312 133 102 313 132 103 314 131 104 315 124 99 316 132 103 317 123 105 318 124 99 319 125 106 320 123 105 321 126 97 322 124 99 323 126 97 324 123 105 325 130 95 326 123 105 327 111 107 328 130 95 329 110 108 330 111 107 331 123 105 332 109 109 333 111 107 334 110 108 335 102 89 336 109 109 337 110 108 338 102 89 339 101 88 340 109 109 341 101 88 342 108 94 343 109 109 344 104 91 345 108 94 346 101 88 347 109 109 348 108 94 349 111 107 350 108 94 351 130 95 352 111 107 353 103 92 354 107 110 355 106 93 356 117 111 357 107 110 358 103 92 359 117 111 360 103 92 361 116 112 362 116 112 363 115 113 364 117 111 365 115 113 366 116 112 367 105 90 368 114 114 369 115 113 370 105 90 371 113 115 372 114 114 373 105 90 374 112 116 375 113 115 376 105 90 377 116 112 378 103 92 379 105 90 380 115 113 381 118 117 382 117 111 383 119 118 384 120 119 385 121 120 386 120 119 387 122 121 388 121 120 389 128 96 390 129 122 391 127 98 392 136 123 393 127 98 394 129 122 395 136 123 396 135 100 397 127 98 398 135 100 399 136 123 400 134 101 401 136 123 402 137 124 403 134 101 404 138 125 405 139 126 406 140 127 407 139 126 408 141 128 409 140 127 410 123 105 411 125 106 412 110 108 413 142 129 414 143 130 415 144 131 416 145 132 417 146 133 418 147 134 419 147 134 420 146 133 421 184 135 422 147 134 423 184 135 424 185 136 425 148 137 426 149 137 427 150 137 428 149 138 429 151 138 430 150 138 431 152 139 432 153 139 433 154 139 434 153 140 435 155 140 436 154 140 437 156 141 438 157 142 439 158 143 440 158 143 441 157 142 442 181 144 443 182 145 444 158 146 445 183 147 446 159 148 447 160 149 448 161 150 449 159 148 450 161 150 451 172 151 452 171 152 453 159 148 454 172 151 455 160 149 456 162 153 457 161 150 458 160 149 459 163 154 460 162 153 461 163 154 462 164 155 463 162 153 464 163 154 465 165 156 466 164 155 467 165 156 468 166 157 469 164 155 470 167 158 471 168 159 472 169 160 473 168 159 474 170 161 475 169 160 476 173 162 477 174 163 478 175 164 479 174 163 480 176 165 481 175 164 482 186 166 483 187 167 484 188 168 485 189 169 486 190 170 487 191 171 488 291 172 489 190 170 490 189 169 491 292 173 492 190 170 493 291 172 494 192 174 495 193 175 496 194 176 497 193 175 498 192 174 499 197 177 500 196 178 501 193 175 502 197 177 503 196 178 504 197 177 505 198 179 506 197 177 507 199 180 508 198 179 509 193 175 510 195 181 511 194 176 512 200 182 513 201 183 514 202 184 515 200 182 516 202 184 517 206 185 518 205 186 519 200 182 520 206 185 521 204 187 522 205 186 523 206 185 524 204 187 525 206 185 526 210 188 527 210 188 528 206 185 529 211 189 530 206 185 531 212 190 532 211 189 533 206 185 534 207 191 535 212 190 536 202 184 537 207 191 538 206 185 539 203 192 540 207 191 541 202 184 542 201 183 543 203 192 544 202 184 545 207 191 546 203 192 547 208 193 548 207 191 549 208 193 550 212 190 551 208 193 552 215 194 553 212 190 554 209 195 555 215 194 556 208 193 557 203 192 558 209 195 559 208 193 560 213 196 561 214 197 562 209 195 563 214 197 564 215 194 565 209 195 566 214 197 567 216 198 568 215 194 569 216 198 570 212 190 571 215 194 572 216 198 573 217 199 574 212 190 575 212 190 576 217 199 577 211 189 578 218 200 579 219 201 580 220 202 581 276 203 582 219 201 583 218 200 584 222 204 585 276 203 586 218 200 587 222 204 588 218 200 589 223 205 590 221 206 591 222 204 592 223 205 593 221 206 594 223 205 595 225 207 596 224 208 597 221 206 598 225 207 599 226 209 600 227 210 601 228 211 602 227 210 603 226 209 604 233 212 605 274 213 606 227 210 607 233 212 608 274 213 609 233 212 610 275 214 611 226 209 612 229 215 613 233 212 614 229 215 615 231 216 616 233 212 617 229 215 618 230 217 619 231 216 620 230 217 621 232 218 622 231 216 623 234 219 624 235 220 625 236 221 626 235 220 627 237 222 628 236 221 629 238 223 630 239 224 631 240 225 632 241 226 633 242 227 634 243 228 635 241 226 636 243 228 637 293 229 638 294 230 639 242 227 640 241 226 641 244 231 642 245 232 643 246 233 644 244 231 645 250 234 646 245 232 647 250 234 648 251 235 649 245 232 650 249 236 651 251 235 652 250 234 653 248 237 654 249 236 655 250 234 656 245 232 657 247 238 658 246 233 659 252 239 660 253 240 661 254 241 662 257 242 663 253 240 664 252 239 665 258 243 666 257 242 667 252 239 668 256 244 669 257 242 670 258 243 671 256 244 672 262 245 673 257 242 674 262 245 675 263 246 676 257 242 677 263 246 678 264 247 679 257 242 680 264 247 681 263 246 682 269 248 683 268 249 684 264 247 685 269 248 686 267 250 687 264 247 688 268 249 689 266 251 690 267 250 691 268 249 692 261 252 693 267 250 694 266 251 695 265 253 696 261 252 697 266 251 698 260 254 699 261 252 700 255 255 701 259 256 702 260 254 703 255 255 704 264 247 705 260 254 706 259 256 707 257 242 708 264 247 709 259 256 710 253 240 711 257 242 712 259 256 713 255 255 714 253 240 715 259 256 716 253 240 717 255 255 718 254 241 719 260 254 720 264 247 721 267 250 722 261 252 723 260 254 724 267 250 725 270 257 726 271 258 727 272 259 728 271 258 729 273 260 730 272 259 731 222 204 732 277 261 733 276 203 734 278 262 735 279 263 736 280 264 737 281 265 738 282 266 739 283 267 740 281 265 741 289 268 742 282 266 743 282 266 744 289 268 745 290 269 746 284 270 747 285 271 748 286 272 749 284 270 750 287 273 751 285 271 752 285 271 753 287 273 754 288 274 755 295 275 756 296 276 757 297 277 758 298 278 759 295 279 760 299 280 761 298 278 762 299 280 763 297 281 764 300 282 765 301 283 766 302 284 767 303 285 768 301 283 769 300 282 770 302 284 771 301 283 772 303 285 773 304 286 774 305 287 775 306 288 776 304 286 777 308 289 778 305 287 779 307 290 780 305 287 781 308 289 782 306 288 783 305 287 784 307 290 785 309 291 786 310 292 787 311 293 788 312 294 789 309 291 790 311 293 791 310 292 792 312 294 793 311 293 794 313 295 795 314 295 796 315 295 797 316 296 798 317 296 799 318 296 800 319 297 801 320 298 802 321 299 803 322 300 804 319 297 805 321 299 806 320 298 807 322 300 808 321 299 809 323 301 810 324 302 811 325 303 812 323 301 813 325 303 814 340 304 815 339 305 816 323 301 817 340 304 818 348 306 819 339 305 820 340 304 821 347 307 822 348 306 823 340 304 824 339 305 825 348 306 826 478 308 827 478 308 828 479 309 829 339 305 830 479 309 831 323 301 832 339 305 833 479 309 834 480 310 835 323 301 836 480 310 837 324 302 838 323 301 839 324 302 840 326 311 841 325 303 842 327 312 843 328 313 844 329 314 845 328 313 846 330 315 847 329 314 848 329 314 849 330 315 850 341 316 851 330 315 852 342 317 853 341 316 854 341 316 855 342 317 856 349 318 857 342 317 858 350 319 859 349 318 860 331 320 861 332 321 862 333 322 863 331 320 864 333 322 865 474 323 866 476 324 867 331 320 868 474 323 869 474 323 870 333 322 871 475 325 872 333 322 873 343 326 874 475 325 875 333 322 876 334 327 877 343 326 878 332 321 879 334 327 880 333 322 881 334 327 882 344 328 883 343 326 884 343 326 885 344 328 886 352 329 887 351 330 888 343 326 889 352 329 890 343 326 891 351 330 892 477 331 893 475 325 894 343 326 895 477 331 896 335 332 897 336 333 898 337 334 899 336 333 900 338 335 901 337 334 902 337 334 903 338 335 904 345 336 905 338 335 906 346 337 907 345 336 908 345 336 909 346 337 910 353 338 911 346 337 912 354 339 913 353 338 914 355 340 915 356 341 916 357 342 917 360 343 918 356 341 919 355 340 920 359 344 921 356 341 922 360 343 923 358 345 924 356 341 925 359 344 926 356 341 927 358 345 928 357 342 929 357 342 930 358 345 931 360 343 932 360 343 933 358 345 934 359 344 935 361 346 936 362 347 937 363 348 938 361 346 939 365 349 940 362 347 941 365 349 942 361 346 943 366 350 944 364 351 945 365 349 946 366 350 947 367 352 948 368 353 949 363 348 950 368 353 951 367 352 952 375 354 953 368 353 954 375 354 955 377 355 956 375 354 957 376 356 958 377 355 959 369 357 960 370 358 961 371 359 962 374 360 963 370 358 964 369 357 965 373 361 966 370 358 967 374 360 968 371 359 969 370 358 970 372 362 971 378 363 972 367 352 973 363 348 974 362 347 975 378 363 976 363 348 977 379 364 978 380 365 979 381 366 980 381 366 981 382 367 982 379 364 983 382 368 984 383 369 985 379 370 986 384 371 987 383 372 988 382 373 989 385 374 990 386 375 991 387 376 992 386 375 993 385 374 994 391 377 995 386 375 996 391 377 997 392 378 998 386 375 999 392 378 1000 393 379 1001 386 375 1002 393 379 1003 389 380 1004 386 375 1005 389 380 1006 388 381 1007 386 375 1008 388 381 1009 387 376 1010 394 382 1011 387 376 1012 388 381 1013 394 382 1014 388 381 1015 396 383 1016 395 384 1017 396 383 1018 388 381 1019 395 384 1020 388 381 1021 390 385 1022 389 380 1023 390 385 1024 388 381 1025 397 386 1026 398 387 1027 399 388 1028 398 387 1029 400 389 1030 399 388 1031 401 390 1032 402 391 1033 403 392 1034 402 391 1035 404 393 1036 403 392 1037 405 394 1038 406 395 1039 407 396 1040 420 397 1041 406 395 1042 405 394 1043 419 398 1044 420 397 1045 405 394 1046 406 395 1047 408 399 1048 407 396 1049 409 400 1050 410 401 1051 411 402 1052 411 402 1053 415 403 1054 409 400 1055 416 404 1056 410 401 1057 409 400 1058 412 405 1059 413 406 1060 414 407 1061 412 405 1062 414 407 1063 417 408 1064 418 409 1065 417 408 1066 414 407 1067 421 410 1068 422 411 1069 423 412 1070 422 411 1071 424 413 1072 423 412 1073 425 414 1074 426 414 1075 427 414 1076 426 415 1077 428 415 1078 427 415 1079 429 416 1080 430 416 1081 431 416 1082 430 417 1083 432 417 1084 431 417 1085 433 418 1086 434 418 1087 435 418 1088 434 419 1089 436 419 1090 435 419 1091 437 420 1092 438 421 1093 439 422 1094 438 421 1095 440 423 1096 439 422 1097 440 423 1098 444 424 1099 439 422 1100 444 424 1101 445 425 1102 439 422 1103 441 426 1104 442 427 1105 443 428 1106 443 428 1107 442 427 1108 446 429 1109 446 429 1110 447 430 1111 443 428 1112 447 430 1113 448 431 1114 443 428 1115 447 430 1116 459 432 1117 448 431 1118 448 431 1119 459 432 1120 460 433 1121 449 434 1122 450 435 1123 451 436 1124 450 435 1125 452 437 1126 451 436 1127 453 438 1128 454 439 1129 455 440 1130 453 438 1131 462 441 1132 454 439 1133 456 442 1134 457 443 1135 458 444 1136 458 444 1137 457 443 1138 461 445 1139 463 446 1140 464 447 1141 465 448 1142 463 446 1143 465 448 1144 467 449 1145 466 450 1146 467 449 1147 465 448 1148 464 447 1149 466 450 1150 465 448 1151 468 451 1152 469 452 1153 470 453 1154 473 454 1155 468 451 1156 470 453 1157 472 455 1158 473 454 1159 470 453 1160 471 456 1161 472 455 1162 470 453 1163 469 452 1164 471 456 1165 470 453 1166 469 452 1167 473 454 1168 471 456 1169 473 454 1170 472 455 1171 471 456 1172 348 306 1173 481 457 1174 478 308 1175</p>
        </triangles>
      </mesh>
    </geometry>
  </library_geometries>
  <library_controllers>
    <controller id="Armature_kart_body__ALT-skin" name="Armature">
      <skin source="#kart_body__ALT-mesh">
        <bind_shape_matrix>1 0 0 0 0 1 0 0 0 0 1 0 0 0 0 1</bind_shape_matrix>
        <source id="Armature_kart_body__ALT-skin-joints">
          <Name_array id="Armature_kart_body__ALT-skin-joints-array" count="6">COMMON kart_body mario mario_head tire_front tire_rear</Name_array>
          <technique_common>
            <accessor source="#Armature_kart_body__ALT-skin-joints-array" count="6" stride="1">
              <param name="JOINT" type="name"/>
            </accessor>
          </technique_common>
        </source>
        <source id="Armature_kart_body__ALT-skin-bind_poses">
          <float_array id="Armature_kart_body__ALT-skin-bind_poses-array" count="96">1 0 0 0 0 0 1 0 0 -1 0 0 0 0 0 1 1 0 0 0 0 0 1 3.34026 0 -1 0 0 0 0 0 1 1 0 0 0 0 0 1 1.53323 0 -1 0 0.4380669 0 0 0 1 1 0 0 0 0 0 1 -2.6284 0 -1 0 1.47848 0 0 0 1 1 0 0 0.007747113 0 0 1 2.677959 0 -1 0 -4.871379 0 0 0 1 1 0 0 0.001633405 0 0 1 2.16959 0 -1 0 4.769159 0 0 0 1</float_array>
          <technique_common>
            <accessor source="#Armature_kart_body__ALT-skin-bind_poses-array" count="6" stride="16">
              <param name="TRANSFORM" type="float4x4"/>
            </accessor>
          </technique_common>
        </source>
        <source id="Armature_kart_body__ALT-skin-weights">
          <float_array id="Armature_kart_body__ALT-skin-weights-array" count="482">1 1 1 1 1 1 1 1 1 1 1 1 1 1 1 1 1 1 1 1 1 1 1 1 1 1 1 1 1 1 1 1 1 1 1 1 1 1 1 1 1 1 1 1 1 1 1 1 1 1 1 1 1 1 1 1 1 1 1 1 1 1 1 1 1 1 1 1 1 1 1 1 1 1 1 1 1 1 1 1 1 1 1 1 1 1 1 1 1 1 1 1 1 1 1 1 1 1 1 1 1 1 1 1 1 1 1 1 1 1 1 1 1 1 1 1 1 1 1 1 1 1 1 1 1 1 1 1 1 1 1 1 1 1 1 1 1 1 1 1 1 1 1 1 1 1 1 1 1 1 1 1 1 1 1 1 1 1 1 1 1 1 1 1 1 1 1 1 1 1 1 1 1 1 1 1 1 1 1 1 1 1 1 1 1 1 1 1 1 1 1 1 1 1 1 1 1 1 1 1 1 1 1 1 1 1 1 1 1 1 1 1 1 1 1 1 1 1 1 1 1 1 1 1 1 1 1 1 1 1 1 1 1 1 1 1 1 1 1 1 1 1 1 1 1 1 1 1 1 1 1 1 1 1 1 1 1 1 1 1 1 1 1 1 1 1 1 1 1 1 1 1 1 1 1 1 1 1 1 1 1 1 1 1 1 1 1 1 1 1 1 1 1 1 1 1 1 1 1 1 1 1 1 1 1 1 1 1 1 1 1 1 1 1 1 1 1 1 1 1 1 1 1 1 1 1 1 1 1 1 1 1 1 1 1 1 1 1 1 1 1 1 1 1 1 1 1 1 1 1 1 1 1 1 1 1 1 1 1 1 1 1 1 1 1 1 1 1 1 1 1 1 1 1 1 1 1 1 1 1 1 1 1 1 1 1 1 1 1 1 1 1 1 1 1 1 1 1 1 1 1 1 1 1 1 1 1 1 1 1 1 1 1 1 1 1 1 1 1 1 1 1 1 1 1 1 1 1 1 1 1 1 1 1 1 1 1 1 1 1 1 1 1 1 1 1 1 1 1 1 1 1 1 1 1 1 1 1 1 1 1 1 1 1 1 1 1 1 1 1 1 1 1 1 1 1 1 1 1 1 1 1</float_array>
          <technique_common>
            <accessor source="#Armature_kart_body__ALT-skin-weights-array" count="482" stride="1">
              <param name="WEIGHT" type="float"/>
            </accessor>
          </technique_common>
        </source>
        <joints>
          <input semantic="JOINT" source="#Armature_kart_body__ALT-skin-joints"/>
          <input semantic="INV_BIND_MATRIX" source="#Armature_kart_body__ALT-skin-bind_poses"/>
        </joints>
        <vertex_weights count="482">
          <input semantic="JOINT" source="#Armature_kart_body__ALT-skin-joints" offset="0"/>
          <input semantic="WEIGHT" source="#Armature_kart_body__ALT-skin-weights" offset="1"/>
          <vcount>1 1 1 1 1 1 1 1 1 1 1 1 1 1 1 1 1 1 1 1 1 1 1 1 1 1 1 1 1 1 1 1 1 1 1 1 1 1 1 1 1 1 1 1 1 1 1 1 1 1 1 1 1 1 1 1 1 1 1 1 1 1 1 1 1 1 1 1 1 1 1 1 1 1 1 1 1 1 1 1 1 1 1 1 1 1 1 1 1 1 1 1 1 1 1 1 1 1 1 1 1 1 1 1 1 1 1 1 1 1 1 1 1 1 1 1 1 1 1 1 1 1 1 1 1 1 1 1 1 1 1 1 1 1 1 1 1 1 1 1 1 1 1 1 1 1 1 1 1 1 1 1 1 1 1 1 1 1 1 1 1 1 1 1 1 1 1 1 1 1 1 1 1 1 1 1 1 1 1 1 1 1 1 1 1 1 1 1 1 1 1 1 1 1 1 1 1 1 1 1 1 1 1 1 1 1 1 1 1 1 1 1 1 1 1 1 1 1 1 1 1 1 1 1 1 1 1 1 1 1 1 1 1 1 1 1 1 1 1 1 1 1 1 1 1 1 1 1 1 1 1 1 1 1 1 1 1 1 1 1 1 1 1 1 1 1 1 1 1 1 1 1 1 1 1 1 1 1 1 1 1 1 1 1 1 1 1 1 1 1 1 1 1 1 1 1 1 1 1 1 1 1 1 1 1 1 1 1 1 1 1 1 1 1 1 1 1 1 1 1 1 1 1 1 1 1 1 1 1 1 1 1 1 1 1 1 1 1 1 1 1 1 1 1 1 1 1 1 1 1 1 1 1 1 1 1 1 1 1 1 1 1 1 1 1 1 1 1 1 1 1 1 1 1 1 1 1 1 1 1 1 1 1 1 1 1 1 1 1 1 1 1 1 1 1 1 1 1 1 1 1 1 1 1 1 1 1 1 1 1 1 1 1 1 1 1 1 1 1 1 1 1 1 1 1 1 1 1 1 1 1 1 1 1 1 1 1 1 1 1 1 1 1 1 1 1 1 1 1 1 1 1 1 1 1 1 1 1 1 1 1 1 1 1 1 1 1 1 1 1 1 1 1 1 1 1 1 1 1 1 1 1 </vcount>
          <v>1 0 1 1 1 2 1 3 1 4 1 5 1 6 1 7 1 8 1 9 1 10 1 11 1 12 1 13 1 14 1 15 1 16 1 17 1 18 1 19 1 20 1 21 1 22 1 23 1 24 1 25 1 26 1 27 1 28 1 29 1 30 1 31 1 32 1 33 1 34 1 35 1 36 1 37 1 38 1 39 1 40 1 41 1 42 1 43 1 44 1 45 1 46 1 47 1 48 1 49 1 50 1 51 1 52 1 53 1 54 1 55 1 56 1 57 1 58 1 59 1 60 1 61 1 62 1 63 1 64 1 65 1 66 1 67 1 68 1 69 1 70 1 71 1 72 1 73 1 74 1 75 1 76 1 77 1 78 1 79 1 80 1 81 1 82 1 83 1 84 1 85 1 86 1 87 1 88 1 89 1 90 1 91 1 92 1 93 1 94 1 95 1 96 1 97 1 98 1 99 1 100 1 101 1 102 1 103 1 104 1 105 1 106 1 107 1 108 1 109 1 110 1 111 1 112 1 113 1 114 1 115 1 116 1 117 1 118 1 119 1 120 1 121 1 122 1 123 1 124 1 125 1 126 1 127 1 128 1 129 1 130 1 131 1 132 1 133 1 134 1 135 1 136 1 137 1 138 1 139 1 140 1 141 1 142 1 143 1 144 1 145 1 146 1 147 1 148 1 149 1 150 1 151 1 152 1 153 1 154 1 155 1 156 1 157 1 158 1 159 1 160 1 161 1 162 1 163 1 164 1 165 1 166 1 167 1 168 1 169 1 170 1 171 1 172 1 173 1 174 1 175 1 176 1 177 1 178 1 179 1 180 1 181 1 182 1 183 1 184 1 185 1 186 1 187 1 188 1 189 1 190 1 191 1 192 1 193 1 194 1 195 1 196 1 197 1 198 1 199 1 200 1 201 1 202 1 203 1 204 1 205 1 206 1 207 1 208 1 209 1 210 1 211 1 212 1 213 1 214 1 215 1 216 1 217 1 218 1 219 1 220 1 221 1 222 1 223 1 224 1 225 1 226 1 227 1 228 1 229 1 230 1 231 1 232 1 233 1 234 1 235 1 236 1 237 1 238 1 239 1 240 1 241 1 242 1 243 1 244 1 245 1 246 1 247 1 248 1 249 1 250 1 251 1 252 1 253 1 254 1 255 1 256 1 257 1 258 1 259 1 260 1 261 1 262 1 263 1 264 1 265 1 266 1 267 1 268 1 269 1 270 1 271 1 272 1 273 1 274 1 275 1 276 1 277 1 278 1 279 1 280 1 281 1 282 1 283 1 284 1 285 1 286 1 287 1 288 1 289 1 290 1 291 1 292 1 293 1 294 1 295 1 296 1 297 1 298 1 299 1 300 1 301 1 302 1 303 1 304 1 305 1 306 1 307 1 308 1 309 1 310 1 311 1 312 1 313 1 314 1 315 1 316 1 317 1 318 1 319 1 320 1 321 1 322 1 323 1 324 1 325 1 326 1 327 1 328 1 329 1 330 1 331 1 332 1 333 1 334 1 335 1 336 1 337 1 338 1 339 1 340 1 341 1 342 1 343 1 344 1 345 1 346 1 347 1 348 1 349 1 350 1 351 1 352 1 353 1 354 1 355 1 356 1 357 1 358 1 359 1 360 1 361 1 362 1 363 1 364 1 365 1 366 1 367 1 368 1 369 1 370 1 371 1 372 1 373 1 374 1 375 1 376 1 377 1 378 1 379 1 380 1 381 1 382 1 383 1 384 1 385 1 386 1 387 1 388 1 389 1 390 1 391 1 392 1 393 1 394 1 395 1 396 1 397 1 398 1 399 1 400 1 401 1 402 1 403 1 404 1 405 1 406 1 407 1 408 1 409 1 410 1 411 1 412 1 413 1 414 1 415 1 416 1 417 1 418 1 419 1 420 1 421 1 422 1 423 1 424 1 425 1 426 1 427 1 428 1 429 1 430 1 431 1 432 1 433 1 434 1 435 1 436 1 437 1 438 1 439 1 440 1 441 1 442 1 443 1 444 1 445 1 446 1 447 1 448 1 449 1 450 1 451 1 452 1 453 1 454 1 455 1 456 1 457 1 458 1 459 1 460 1 461 1 462 1 463 1 464 1 465 1 466 1 467 1 468 1 469 1 470 1 471 1 472 1 473 1 474 1 475 1 476 1 477 1 478 1 479 1 480 1 481</v>
        </vertex_weights>
      </skin>
    </controller>
    <controller id="Armature_tire_rear-skin" name="Armature">
      <skin source="#tire_rear-mesh">
        <bind_shape_matrix>1 0 0 0 0 1 0 0 0 0 1 0 0 0 0 1</bind_shape_matrix>
        <source id="Armature_tire_rear-skin-joints">
          <Name_array id="Armature_tire_rear-skin-joints-array" count="6">COMMON kart_body mario mario_head tire_front tire_rear</Name_array>
          <technique_common>
            <accessor source="#Armature_tire_rear-skin-joints-array" count="6" stride="1">
              <param name="JOINT" type="name"/>
            </accessor>
          </technique_common>
        </source>
        <source id="Armature_tire_rear-skin-bind_poses">
          <float_array id="Armature_tire_rear-skin-bind_poses-array" count="96">1 0 0 0 0 0 1 0 0 -1 0 0 0 0 0 1 1 0 0 0 0 0 1 3.34026 0 -1 0 0 0 0 0 1 1 0 0 0 0 0 1 1.53323 0 -1 0 0.4380669 0 0 0 1 1 0 0 0 0 0 1 -2.6284 0 -1 0 1.47848 0 0 0 1 1 0 0 0.007747113 0 0 1 2.677959 0 -1 0 -4.871379 0 0 0 1 1 0 0 0.001633405 0 0 1 2.16959 0 -1 0 4.769159 0 0 0 1</float_array>
          <technique_common>
            <accessor source="#Armature_tire_rear-skin-bind_poses-array" count="6" stride="16">
              <param name="TRANSFORM" type="float4x4"/>
            </accessor>
          </technique_common>
        </source>
        <source id="Armature_tire_rear-skin-weights">
          <float_array id="Armature_tire_rear-skin-weights-array" count="96">1 1 1 1 1 1 1 1 1 1 1 1 1 1 1 1 1 1 1 1 1 1 1 1 1 1 1 1 1 1 1 1 1 1 1 1 1 1 1 1 1 1 1 1 1 1 1 1 1 1 1 1 1 1 1 1 1 1 1 1 1 1 1 1 1 1 1 1 1 1 1 1 1 1 1 1 1 1 1 1 1 1 1 1 1 1 1 1 1 1 1 1 1 1 1 1</float_array>
          <technique_common>
            <accessor source="#Armature_tire_rear-skin-weights-array" count="96" stride="1">
              <param name="WEIGHT" type="float"/>
            </accessor>
          </technique_common>
        </source>
        <joints>
          <input semantic="JOINT" source="#Armature_tire_rear-skin-joints"/>
          <input semantic="INV_BIND_MATRIX" source="#Armature_tire_rear-skin-bind_poses"/>
        </joints>
        <vertex_weights count="96">
          <input semantic="JOINT" source="#Armature_tire_rear-skin-joints" offset="0"/>
          <input semantic="WEIGHT" source="#Armature_tire_rear-skin-weights" offset="1"/>
          <vcount>1 1 1 1 1 1 1 1 1 1 1 1 1 1 1 1 1 1 1 1 1 1 1 1 1 1 1 1 1 1 1 1 1 1 1 1 1 1 1 1 1 1 1 1 1 1 1 1 1 1 1 1 1 1 1 1 1 1 1 1 1 1 1 1 1 1 1 1 1 1 1 1 1 1 1 1 1 1 1 1 1 1 1 1 1 1 1 1 1 1 1 1 1 1 1 1 </vcount>
          <v>5 0 5 1 5 2 5 3 5 4 5 5 5 6 5 7 5 8 5 9 5 10 5 11 5 12 5 13 5 14 5 15 5 16 5 17 5 18 5 19 5 20 5 21 5 22 5 23 5 24 5 25 5 26 5 27 5 28 5 29 5 30 5 31 5 32 5 33 5 34 5 35 5 36 5 37 5 38 5 39 5 40 5 41 5 42 5 43 5 44 5 45 5 46 5 47 5 48 5 49 5 50 5 51 5 52 5 53 5 54 5 55 5 56 5 57 5 58 5 59 5 60 5 61 5 62 5 63 5 64 5 65 5 66 5 67 5 68 5 69 5 70 5 71 5 72 5 73 5 74 5 75 5 76 5 77 5 78 5 79 5 80 5 81 5 82 5 83 5 84 5 85 5 86 5 87 5 88 5 89 5 90 5 91 5 92 5 93 5 94 5 95</v>
        </vertex_weights>
      </skin>
    </controller>
    <controller id="Armature_tire_front-skin" name="Armature">
      <skin source="#tire_front-mesh">
        <bind_shape_matrix>1 0 0 0 0 1 0 0 0 0 1 0 0 0 0 1</bind_shape_matrix>
        <source id="Armature_tire_front-skin-joints">
          <Name_array id="Armature_tire_front-skin-joints-array" count="6">COMMON kart_body mario mario_head tire_front tire_rear</Name_array>
          <technique_common>
            <accessor source="#Armature_tire_front-skin-joints-array" count="6" stride="1">
              <param name="JOINT" type="name"/>
            </accessor>
          </technique_common>
        </source>
        <source id="Armature_tire_front-skin-bind_poses">
          <float_array id="Armature_tire_front-skin-bind_poses-array" count="96">1 0 0 0 0 0 1 0 0 -1 0 0 0 0 0 1 1 0 0 0 0 0 1 3.34026 0 -1 0 0 0 0 0 1 1 0 0 0 0 0 1 1.53323 0 -1 0 0.4380669 0 0 0 1 1 0 0 0 0 0 1 -2.6284 0 -1 0 1.47848 0 0 0 1 1 0 0 0.007747113 0 0 1 2.677959 0 -1 0 -4.871379 0 0 0 1 1 0 0 0.001633405 0 0 1 2.16959 0 -1 0 4.769159 0 0 0 1</float_array>
          <technique_common>
            <accessor source="#Armature_tire_front-skin-bind_poses-array" count="6" stride="16">
              <param name="TRANSFORM" type="float4x4"/>
            </accessor>
          </technique_common>
        </source>
        <source id="Armature_tire_front-skin-weights">
          <float_array id="Armature_tire_front-skin-weights-array" count="96">1 1 1 1 1 1 1 1 1 1 1 1 1 1 1 1 1 1 1 1 1 1 1 1 1 1 1 1 1 1 1 1 1 1 1 1 1 1 1 1 1 1 1 1 1 1 1 1 1 1 1 1 1 1 1 1 1 1 1 1 1 1 1 1 1 1 1 1 1 1 1 1 1 1 1 1 1 1 1 1 1 1 1 1 1 1 1 1 1 1 1 1 1 1 1 1</float_array>
          <technique_common>
            <accessor source="#Armature_tire_front-skin-weights-array" count="96" stride="1">
              <param name="WEIGHT" type="float"/>
            </accessor>
          </technique_common>
        </source>
        <joints>
          <input semantic="JOINT" source="#Armature_tire_front-skin-joints"/>
          <input semantic="INV_BIND_MATRIX" source="#Armature_tire_front-skin-bind_poses"/>
        </joints>
        <vertex_weights count="96">
          <input semantic="JOINT" source="#Armature_tire_front-skin-joints" offset="0"/>
          <input semantic="WEIGHT" source="#Armature_tire_front-skin-weights" offset="1"/>
          <vcount>1 1 1 1 1 1 1 1 1 1 1 1 1 1 1 1 1 1 1 1 1 1 1 1 1 1 1 1 1 1 1 1 1 1 1 1 1 1 1 1 1 1 1 1 1 1 1 1 1 1 1 1 1 1 1 1 1 1 1 1 1 1 1 1 1 1 1 1 1 1 1 1 1 1 1 1 1 1 1 1 1 1 1 1 1 1 1 1 1 1 1 1 1 1 1 1 </vcount>
          <v>4 0 4 1 4 2 4 3 4 4 4 5 4 6 4 7 4 8 4 9 4 10 4 11 4 12 4 13 4 14 4 15 4 16 4 17 4 18 4 19 4 20 4 21 4 22 4 23 4 24 4 25 4 26 4 27 4 28 4 29 4 30 4 31 4 32 4 33 4 34 4 35 4 36 4 37 4 38 4 39 4 40 4 41 4 42 4 43 4 44 4 45 4 46 4 47 4 48 4 49 4 50 4 51 4 52 4 53 4 54 4 55 4 56 4 57 4 58 4 59 4 60 4 61 4 62 4 63 4 64 4 65 4 66 4 67 4 68 4 69 4 70 4 71 4 72 4 73 4 74 4 75 4 76 4 77 4 78 4 79 4 80 4 81 4 82 4 83 4 84 4 85 4 86 4 87 4 88 4 89 4 90 4 91 4 92 4 93 4 94 4 95</v>
        </vertex_weights>
      </skin>
    </controller>
    <controller id="Armature_mario_head__mat_mario_eye-skin" name="Armature">
      <skin source="#mario_head__mat_mario_eye-mesh">
        <bind_shape_matrix>1 0 0 0 0 1 0 0 0 0 1 0 0 0 0 1</bind_shape_matrix>
        <source id="Armature_mario_head__mat_mario_eye-skin-joints">
          <Name_array id="Armature_mario_head__mat_mario_eye-skin-joints-array" count="6">COMMON kart_body mario mario_head tire_front tire_rear</Name_array>
          <technique_common>
            <accessor source="#Armature_mario_head__mat_mario_eye-skin-joints-array" count="6" stride="1">
              <param name="JOINT" type="name"/>
            </accessor>
          </technique_common>
        </source>
        <source id="Armature_mario_head__mat_mario_eye-skin-bind_poses">
          <float_array id="Armature_mario_head__mat_mario_eye-skin-bind_poses-array" count="96">1 0 0 0 0 0 1 0 0 -1 0 0 0 0 0 1 1 0 0 0 0 0 1 3.34026 0 -1 0 0 0 0 0 1 1 0 0 0 0 0 1 1.53323 0 -1 0 0.4380669 0 0 0 1 1 0 0 0 0 0 1 -2.6284 0 -1 0 1.47848 0 0 0 1 1 0 0 0.007747113 0 0 1 2.677959 0 -1 0 -4.871379 0 0 0 1 1 0 0 0.001633405 0 0 1 2.16959 0 -1 0 4.769159 0 0 0 1</float_array>
          <technique_common>
            <accessor source="#Armature_mario_head__mat_mario_eye-skin-bind_poses-array" count="6" stride="16">
              <param name="TRANSFORM" type="float4x4"/>
            </accessor>
          </technique_common>
        </source>
        <source id="Armature_mario_head__mat_mario_eye-skin-weights">
          <float_array id="Armature_mario_head__mat_mario_eye-skin-weights-array" count="15">1 1 1 1 1 1 1 1 1 1 1 1 1 1 1</float_array>
          <technique_common>
            <accessor source="#Armature_mario_head__mat_mario_eye-skin-weights-array" count="15" stride="1">
              <param name="WEIGHT" type="float"/>
            </accessor>
          </technique_common>
        </source>
        <joints>
          <input semantic="JOINT" source="#Armature_mario_head__mat_mario_eye-skin-joints"/>
          <input semantic="INV_BIND_MATRIX" source="#Armature_mario_head__mat_mario_eye-skin-bind_poses"/>
        </joints>
        <vertex_weights count="15">
          <input semantic="JOINT" source="#Armature_mario_head__mat_mario_eye-skin-joints" offset="0"/>
          <input semantic="WEIGHT" source="#Armature_mario_head__mat_mario_eye-skin-weights" offset="1"/>
          <vcount>1 1 1 1 1 1 1 1 1 1 1 1 1 1 1 </vcount>
          <v>3 0 3 1 3 2 3 3 3 4 3 5 3 6 3 7 3 8 3 9 3 10 3 11 3 12 3 13 3 14</v>
        </vertex_weights>
      </skin>
    </controller>
    <controller id="Armature_mario_head__mat_mario_body-skin" name="Armature">
      <skin source="#mario_head__mat_mario_body-mesh">
        <bind_shape_matrix>1 0 0 0 0 1 0 0 0 0 1 0 0 0 0 1</bind_shape_matrix>
        <source id="Armature_mario_head__mat_mario_body-skin-joints">
          <Name_array id="Armature_mario_head__mat_mario_body-skin-joints-array" count="6">COMMON kart_body mario mario_head tire_front tire_rear</Name_array>
          <technique_common>
            <accessor source="#Armature_mario_head__mat_mario_body-skin-joints-array" count="6" stride="1">
              <param name="JOINT" type="name"/>
            </accessor>
          </technique_common>
        </source>
        <source id="Armature_mario_head__mat_mario_body-skin-bind_poses">
          <float_array id="Armature_mario_head__mat_mario_body-skin-bind_poses-array" count="96">1 0 0 0 0 0 1 0 0 -1 0 0 0 0 0 1 1 0 0 0 0 0 1 3.34026 0 -1 0 0 0 0 0 1 1 0 0 0 0 0 1 1.53323 0 -1 0 0.4380669 0 0 0 1 1 0 0 0 0 0 1 -2.6284 0 -1 0 1.47848 0 0 0 1 1 0 0 0.007747113 0 0 1 2.677959 0 -1 0 -4.871379 0 0 0 1 1 0 0 0.001633405 0 0 1 2.16959 0 -1 0 4.769159 0 0 0 1</float_array>
          <technique_common>
            <accessor source="#Armature_mario_head__mat_mario_body-skin-bind_poses-array" count="6" stride="16">
              <param name="TRANSFORM" type="float4x4"/>
            </accessor>
          </technique_common>
        </source>
        <source id="Armature_mario_head__mat_mario_body-skin-weights">
          <float_array id="Armature_mario_head__mat_mario_body-skin-weights-array" count="167">1 1 1 1 1 1 1 1 1 1 1 1 1 1 1 1 1 1 1 1 1 1 1 1 1 1 1 1 1 1 1 1 1 1 1 1 1 1 1 1 1 1 1 1 1 1 1 1 1 1 1 1 1 1 1 1 1 1 1 1 1 1 1 1 1 1 1 1 1 1 1 1 1 1 1 1 1 1 1 1 1 1 1 1 1 1 1 1 1 1 1 1 1 1 1 1 1 1 1 1 1 1 1 1 1 1 1 1 1 1 1 1 1 1 1 1 1 1 1 1 1 1 1 1 1 1 1 1 1 1 1 1 1 1 1 1 1 1 1 1 1 1 1 1 1 1 1 1 1 1 1 1 1 1 1 1 1 1 1 1 1 1 1 1 1 1 1</float_array>
          <technique_common>
            <accessor source="#Armature_mario_head__mat_mario_body-skin-weights-array" count="167" stride="1">
              <param name="WEIGHT" type="float"/>
            </accessor>
          </technique_common>
        </source>
        <joints>
          <input semantic="JOINT" source="#Armature_mario_head__mat_mario_body-skin-joints"/>
          <input semantic="INV_BIND_MATRIX" source="#Armature_mario_head__mat_mario_body-skin-bind_poses"/>
        </joints>
        <vertex_weights count="167">
          <input semantic="JOINT" source="#Armature_mario_head__mat_mario_body-skin-joints" offset="0"/>
          <input semantic="WEIGHT" source="#Armature_mario_head__mat_mario_body-skin-weights" offset="1"/>
          <vcount>1 1 1 1 1 1 1 1 1 1 1 1 1 1 1 1 1 1 1 1 1 1 1 1 1 1 1 1 1 1 1 1 1 1 1 1 1 1 1 1 1 1 1 1 1 1 1 1 1 1 1 1 1 1 1 1 1 1 1 1 1 1 1 1 1 1 1 1 1 1 1 1 1 1 1 1 1 1 1 1 1 1 1 1 1 1 1 1 1 1 1 1 1 1 1 1 1 1 1 1 1 1 1 1 1 1 1 1 1 1 1 1 1 1 1 1 1 1 1 1 1 1 1 1 1 1 1 1 1 1 1 1 1 1 1 1 1 1 1 1 1 1 1 1 1 1 1 1 1 1 1 1 1 1 1 1 1 1 1 1 1 1 1 1 1 1 1 </vcount>
          <v>3 0 3 1 3 2 3 3 3 4 3 5 3 6 3 7 3 8 3 9 3 10 3 11 3 12 3 13 3 14 3 15 3 16 3 17 3 18 3 19 3 20 3 21 3 22 3 23 3 24 3 25 3 26 3 27 3 28 3 29 3 30 3 31 3 32 3 33 3 34 3 35 3 36 3 37 3 38 3 39 3 40 3 41 3 42 3 43 3 44 3 45 3 46 3 47 3 48 3 49 3 50 3 51 3 52 3 53 3 54 3 55 3 56 3 57 3 58 3 59 3 60 3 61 3 62 3 63 3 64 3 65 3 66 3 67 3 68 3 69 3 70 3 71 3 72 3 73 3 74 3 75 3 76 3 77 3 78 3 79 3 80 3 81 3 82 3 83 3 84 3 85 3 86 3 87 3 88 3 89 3 90 3 91 3 92 3 93 3 94 3 95 3 96 3 97 3 98 3 99 3 100 3 101 3 102 3 103 3 104 3 105 3 106 3 107 3 108 3 109 3 110 3 111 3 112 3 113 3 114 3 115 3 116 3 117 3 118 3 119 3 120 3 121 3 122 3 123 3 124 3 125 3 126 3 127 3 128 3 129 3 130 3 131 3 132 3 133 3 134 3 135 3 136 3 137 3 138 3 139 3 140 3 141 3 142 3 143 3 144 3 145 3 146 3 147 3 148 3 149 3 150 3 151 3 152 3 153 3 154 3 155 3 156 3 157 3 158 3 159 3 160 3 161 3 162 3 163 3 164 3 165 3 166</v>
        </vertex_weights>
      </skin>
    </controller>
    <controller id="Armature_mario-skin" name="Armature">
      <skin source="#mario-mesh">
        <bind_shape_matrix>1 0 0 0 0 1 0 0 0 0 1 0 0 0 0 1</bind_shape_matrix>
        <source id="Armature_mario-skin-joints">
          <Name_array id="Armature_mario-skin-joints-array" count="6">COMMON kart_body mario mario_head tire_front tire_rear</Name_array>
          <technique_common>
            <accessor source="#Armature_mario-skin-joints-array" count="6" stride="1">
              <param name="JOINT" type="name"/>
            </accessor>
          </technique_common>
        </source>
        <source id="Armature_mario-skin-bind_poses">
          <float_array id="Armature_mario-skin-bind_poses-array" count="96">1 0 0 0 0 0 1 0 0 -1 0 0 0 0 0 1 1 0 0 0 0 0 1 3.34026 0 -1 0 0 0 0 0 1 1 0 0 0 0 0 1 1.53323 0 -1 0 0.4380669 0 0 0 1 1 0 0 0 0 0 1 -2.6284 0 -1 0 1.47848 0 0 0 1 1 0 0 0.007747113 0 0 1 2.677959 0 -1 0 -4.871379 0 0 0 1 1 0 0 0.001633405 0 0 1 2.16959 0 -1 0 4.769159 0 0 0 1</float_array>
          <technique_common>
            <accessor source="#Armature_mario-skin-bind_poses-array" count="6" stride="16">
              <param name="TRANSFORM" type="float4x4"/>
            </accessor>
          </technique_common>
        </source>
        <source id="Armature_mario-skin-weights">
          <float_array id="Armature_mario-skin-weights-array" count="250">1 1 1 1 1 1 1 1 1 1 1 1 1 1 1 1 1 1 1 1 1 1 1 1 1 1 1 1 1 1 1 1 1 1 1 1 1 1 1 1 1 1 1 1 1 1 1 1 1 1 1 1 1 1 1 1 1 1 1 1 1 1 1 1 1 1 1 1 1 1 1 1 1 1 1 1 1 1 1 1 1 1 1 1 1 1 1 1 1 1 1 1 1 1 1 1 1 1 1 1 1 1 1 1 1 1 1 1 1 1 1 1 1 1 1 1 1 1 1 1 1 1 1 1 1 1 1 1 1 1 1 1 1 1 1 1 1 1 1 1 1 1 1 1 1 1 1 1 1 1 1 1 1 1 1 1 1 1 1 1 1 1 1 1 1 1 1 1 1 1 1 1 1 1 1 1 1 1 1 1 1 1 1 1 1 1 1 1 1 1 1 1 1 1 1 1 1 1 1 1 1 1 1 1 1 1 1 1 1 1 1 1 1 1 1 1 1 1 1 1 1 1 1 1 1 1 1 1 1 1 1 1 1 1 1 1 1 1 1 1 1 1 1 1 1 1 1 1 1 1</float_array>
          <technique_common>
            <accessor source="#Armature_mario-skin-weights-array" count="250" stride="1">
              <param name="WEIGHT" type="float"/>
            </accessor>
          </technique_common>
        </source>
        <joints>
          <input semantic="JOINT" source="#Armature_mario-skin-joints"/>
          <input semantic="INV_BIND_MATRIX" source="#Armature_mario-skin-bind_poses"/>
        </joints>
        <vertex_weights count="250">
          <input semantic="JOINT" source="#Armature_mario-skin-joints" offset="0"/>
          <input semantic="WEIGHT" source="#Armature_mario-skin-weights" offset="1"/>
          <vcount>1 1 1 1 1 1 1 1 1 1 1 1 1 1 1 1 1 1 1 1 1 1 1 1 1 1 1 1 1 1 1 1 1 1 1 1 1 1 1 1 1 1 1 1 1 1 1 1 1 1 1 1 1 1 1 1 1 1 1 1 1 1 1 1 1 1 1 1 1 1 1 1 1 1 1 1 1 1 1 1 1 1 1 1 1 1 1 1 1 1 1 1 1 1 1 1 1 1 1 1 1 1 1 1 1 1 1 1 1 1 1 1 1 1 1 1 1 1 1 1 1 1 1 1 1 1 1 1 1 1 1 1 1 1 1 1 1 1 1 1 1 1 1 1 1 1 1 1 1 1 1 1 1 1 1 1 1 1 1 1 1 1 1 1 1 1 1 1 1 1 1 1 1 1 1 1 1 1 1 1 1 1 1 1 1 1 1 1 1 1 1 1 1 1 1 1 1 1 1 1 1 1 1 1 1 1 1 1 1 1 1 1 1 1 1 1 1 1 1 1 1 1 1 1 1 1 1 1 1 1 1 1 1 1 1 1 1 1 1 1 1 1 1 1 1 1 1 1 1 1 </vcount>
          <v>2 0 2 1 2 2 2 3 2 4 2 5 2 6 2 7 2 8 2 9 2 10 2 11 2 12 2 13 2 14 2 15 2 16 2 17 2 18 2 19 2 20 2 21 2 22 2 23 2 24 2 25 2 26 2 27 2 28 2 29 2 30 2 31 2 32 2 33 2 34 2 35 2 36 2 37 2 38 2 39 2 40 2 41 2 42 2 43 2 44 2 45 2 46 2 47 2 48 2 49 2 50 2 51 2 52 2 53 2 54 2 55 2 56 2 57 2 58 2 59 2 60 2 61 2 62 2 63 2 64 2 65 2 66 2 67 2 68 2 69 2 70 2 71 2 72 2 73 2 74 2 75 2 76 2 77 2 78 2 79 2 80 2 81 2 82 2 83 2 84 2 85 2 86 2 87 2 88 2 89 2 90 2 91 2 92 2 93 2 94 2 95 2 96 2 97 2 98 2 99 2 100 2 101 2 102 2 103 2 104 2 105 2 106 2 107 2 108 2 109 2 110 2 111 2 112 2 113 2 114 2 115 2 116 2 117 2 118 2 119 2 120 2 121 2 122 2 123 2 124 2 125 2 126 2 127 2 128 2 129 2 130 2 131 2 132 2 133 2 134 2 135 2 136 2 137 2 138 2 139 2 140 2 141 2 142 2 143 2 144 2 145 2 146 2 147 2 148 2 149 2 150 2 151 2 152 2 153 2 154 2 155 2 156 2 157 2 158 2 159 2 160 2 161 2 162 2 163 2 164 2 165 2 166 2 167 2 168 2 169 2 170 2 171 2 172 2 173 2 174 2 175 2 176 2 177 2 178 2 179 2 180 2 181 2 182 2 183 2 184 2 185 2 186 2 187 2 188 2 189 2 190 2 191 2 192 2 193 2 194 2 195 2 196 2 197 2 198 2 199 2 200 2 201 2 202 2 203 2 204 2 205 2 206 2 207 2 208 2 209 2 210 2 211 2 212 2 213 2 214 2 215 2 216 2 217 2 218 2 219 2 220 2 221 2 222 2 223 2 224 2 225 2 226 2 227 2 228 2 229 2 230 2 231 2 232 2 233 2 234 2 235 2 236 2 237 2 238 2 239 2 240 2 241 2 242 2 243 2 244 2 245 2 246 2 247 2 248 2 249</v>
        </vertex_weights>
      </skin>
    </controller>
    <controller id="Armature_kart_body-skin" name="Armature">
      <skin source="#kart_body-mesh">
        <bind_shape_matrix>1 0 0 0 0 1 0 0 0 0 1 0 0 0 0 1</bind_shape_matrix>
        <source id="Armature_kart_body-skin-joints">
          <Name_array id="Armature_kart_body-skin-joints-array" count="6">COMMON kart_body mario mario_head tire_front tire_rear</Name_array>
          <technique_common>
            <accessor source="#Armature_kart_body-skin-joints-array" count="6" stride="1">
              <param name="JOINT" type="name"/>
            </accessor>
          </technique_common>
        </source>
        <source id="Armature_kart_body-skin-bind_poses">
          <float_array id="Armature_kart_body-skin-bind_poses-array" count="96">1 0 0 0 0 0 1 0 0 -1 0 0 0 0 0 1 1 0 0 0 0 0 1 3.34026 0 -1 0 0 0 0 0 1 1 0 0 0 0 0 1 1.53323 0 -1 0 0.4380669 0 0 0 1 1 0 0 0 0 0 1 -2.6284 0 -1 0 1.47848 0 0 0 1 1 0 0 0.007747113 0 0 1 2.677959 0 -1 0 -4.871379 0 0 0 1 1 0 0 0.001633405 0 0 1 2.16959 0 -1 0 4.769159 0 0 0 1</float_array>
          <technique_common>
            <accessor source="#Armature_kart_body-skin-bind_poses-array" count="6" stride="16">
              <param name="TRANSFORM" type="float4x4"/>
            </accessor>
          </technique_common>
        </source>
        <source id="Armature_kart_body-skin-weights">
          <float_array id="Armature_kart_body-skin-weights-array" count="482">1 1 1 1 1 1 1 1 1 1 1 1 1 1 1 1 1 1 1 1 1 1 1 1 1 1 1 1 1 1 1 1 1 1 1 1 1 1 1 1 1 1 1 1 1 1 1 1 1 1 1 1 1 1 1 1 1 1 1 1 1 1 1 1 1 1 1 1 1 1 1 1 1 1 1 1 1 1 1 1 1 1 1 1 1 1 1 1 1 1 1 1 1 1 1 1 1 1 1 1 1 1 1 1 1 1 1 1 1 1 1 1 1 1 1 1 1 1 1 1 1 1 1 1 1 1 1 1 1 1 1 1 1 1 1 1 1 1 1 1 1 1 1 1 1 1 1 1 1 1 1 1 1 1 1 1 1 1 1 1 1 1 1 1 1 1 1 1 1 1 1 1 1 1 1 1 1 1 1 1 1 1 1 1 1 1 1 1 1 1 1 1 1 1 1 1 1 1 1 1 1 1 1 1 1 1 1 1 1 1 1 1 1 1 1 1 1 1 1 1 1 1 1 1 1 1 1 1 1 1 1 1 1 1 1 1 1 1 1 1 1 1 1 1 1 1 1 1 1 1 1 1 1 1 1 1 1 1 1 1 1 1 1 1 1 1 1 1 1 1 1 1 1 1 1 1 1 1 1 1 1 1 1 1 1 1 1 1 1 1 1 1 1 1 1 1 1 1 1 1 1 1 1 1 1 1 1 1 1 1 1 1 1 1 1 1 1 1 1 1 1 1 1 1 1 1 1 1 1 1 1 1 1 1 1 1 1 1 1 1 1 1 1 1 1 1 1 1 1 1 1 1 1 1 1 1 1 1 1 1 1 1 1 1 1 1 1 1 1 1 1 1 1 1 1 1 1 1 1 1 1 1 1 1 1 1 1 1 1 1 1 1 1 1 1 1 1 1 1 1 1 1 1 1 1 1 1 1 1 1 1 1 1 1 1 1 1 1 1 1 1 1 1 1 1 1 1 1 1 1 1 1 1 1 1 1 1 1 1 1 1 1 1 1 1 1 1 1 1 1 1 1 1 1 1 1 1 1 1 1 1 1 1 1 1 1 1 1 1 1 1 1 1 1 1 1 1 1 1 1 1 1</float_array>
          <technique_common>
            <accessor source="#Armature_kart_body-skin-weights-array" count="482" stride="1">
              <param name="WEIGHT" type="float"/>
            </accessor>
          </technique_common>
        </source>
        <joints>
          <input semantic="JOINT" source="#Armature_kart_body-skin-joints"/>
          <input semantic="INV_BIND_MATRIX" source="#Armature_kart_body-skin-bind_poses"/>
        </joints>
        <vertex_weights count="482">
          <input semantic="JOINT" source="#Armature_kart_body-skin-joints" offset="0"/>
          <input semantic="WEIGHT" source="#Armature_kart_body-skin-weights" offset="1"/>
          <vcount>1 1 1 1 1 1 1 1 1 1 1 1 1 1 1 1 1 1 1 1 1 1 1 1 1 1 1 1 1 1 1 1 1 1 1 1 1 1 1 1 1 1 1 1 1 1 1 1 1 1 1 1 1 1 1 1 1 1 1 1 1 1 1 1 1 1 1 1 1 1 1 1 1 1 1 1 1 1 1 1 1 1 1 1 1 1 1 1 1 1 1 1 1 1 1 1 1 1 1 1 1 1 1 1 1 1 1 1 1 1 1 1 1 1 1 1 1 1 1 1 1 1 1 1 1 1 1 1 1 1 1 1 1 1 1 1 1 1 1 1 1 1 1 1 1 1 1 1 1 1 1 1 1 1 1 1 1 1 1 1 1 1 1 1 1 1 1 1 1 1 1 1 1 1 1 1 1 1 1 1 1 1 1 1 1 1 1 1 1 1 1 1 1 1 1 1 1 1 1 1 1 1 1 1 1 1 1 1 1 1 1 1 1 1 1 1 1 1 1 1 1 1 1 1 1 1 1 1 1 1 1 1 1 1 1 1 1 1 1 1 1 1 1 1 1 1 1 1 1 1 1 1 1 1 1 1 1 1 1 1 1 1 1 1 1 1 1 1 1 1 1 1 1 1 1 1 1 1 1 1 1 1 1 1 1 1 1 1 1 1 1 1 1 1 1 1 1 1 1 1 1 1 1 1 1 1 1 1 1 1 1 1 1 1 1 1 1 1 1 1 1 1 1 1 1 1 1 1 1 1 1 1 1 1 1 1 1 1 1 1 1 1 1 1 1 1 1 1 1 1 1 1 1 1 1 1 1 1 1 1 1 1 1 1 1 1 1 1 1 1 1 1 1 1 1 1 1 1 1 1 1 1 1 1 1 1 1 1 1 1 1 1 1 1 1 1 1 1 1 1 1 1 1 1 1 1 1 1 1 1 1 1 1 1 1 1 1 1 1 1 1 1 1 1 1 1 1 1 1 1 1 1 1 1 1 1 1 1 1 1 1 1 1 1 1 1 1 1 1 1 1 1 1 1 1 1 1 1 1 1 1 1 1 1 1 1 1 1 1 1 1 1 1 1 1 1 1 1 1 1 1 1 </vcount>
          <v>1 0 1 1 1 2 1 3 1 4 1 5 1 6 1 7 1 8 1 9 1 10 1 11 1 12 1 13 1 14 1 15 1 16 1 17 1 18 1 19 1 20 1 21 1 22 1 23 1 24 1 25 1 26 1 27 1 28 1 29 1 30 1 31 1 32 1 33 1 34 1 35 1 36 1 37 1 38 1 39 1 40 1 41 1 42 1 43 1 44 1 45 1 46 1 47 1 48 1 49 1 50 1 51 1 52 1 53 1 54 1 55 1 56 1 57 1 58 1 59 1 60 1 61 1 62 1 63 1 64 1 65 1 66 1 67 1 68 1 69 1 70 1 71 1 72 1 73 1 74 1 75 1 76 1 77 1 78 1 79 1 80 1 81 1 82 1 83 1 84 1 85 1 86 1 87 1 88 1 89 1 90 1 91 1 92 1 93 1 94 1 95 1 96 1 97 1 98 1 99 1 100 1 101 1 102 1 103 1 104 1 105 1 106 1 107 1 108 1 109 1 110 1 111 1 112 1 113 1 114 1 115 1 116 1 117 1 118 1 119 1 120 1 121 1 122 1 123 1 124 1 125 1 126 1 127 1 128 1 129 1 130 1 131 1 132 1 133 1 134 1 135 1 136 1 137 1 138 1 139 1 140 1 141 1 142 1 143 1 144 1 145 1 146 1 147 1 148 1 149 1 150 1 151 1 152 1 153 1 154 1 155 1 156 1 157 1 158 1 159 1 160 1 161 1 162 1 163 1 164 1 165 1 166 1 167 1 168 1 169 1 170 1 171 1 172 1 173 1 174 1 175 1 176 1 177 1 178 1 179 1 180 1 181 1 182 1 183 1 184 1 185 1 186 1 187 1 188 1 189 1 190 1 191 1 192 1 193 1 194 1 195 1 196 1 197 1 198 1 199 1 200 1 201 1 202 1 203 1 204 1 205 1 206 1 207 1 208 1 209 1 210 1 211 1 212 1 213 1 214 1 215 1 216 1 217 1 218 1 219 1 220 1 221 1 222 1 223 1 224 1 225 1 226 1 227 1 228 1 229 1 230 1 231 1 232 1 233 1 234 1 235 1 236 1 237 1 238 1 239 1 240 1 241 1 242 1 243 1 244 1 245 1 246 1 247 1 248 1 249 1 250 1 251 1 252 1 253 1 254 1 255 1 256 1 257 1 258 1 259 1 260 1 261 1 262 1 263 1 264 1 265 1 266 1 267 1 268 1 269 1 270 1 271 1 272 1 273 1 274 1 275 1 276 1 277 1 278 1 279 1 280 1 281 1 282 1 283 1 284 1 285 1 286 1 287 1 288 1 289 1 290 1 291 1 292 1 293 1 294 1 295 1 296 1 297 1 298 1 299 1 300 1 301 1 302 1 303 1 304 1 305 1 306 1 307 1 308 1 309 1 310 1 311 1 312 1 313 1 314 1 315 1 316 1 317 1 318 1 319 1 320 1 321 1 322 1 323 1 324 1 325 1 326 1 327 1 328 1 329 1 330 1 331 1 332 1 333 1 334 1 335 1 336 1 337 1 338 1 339 1 340 1 341 1 342 1 343 1 344 1 345 1 346 1 347 1 348 1 349 1 350 1 351 1 352 1 353 1 354 1 355 1 356 1 357 1 358 1 359 1 360 1 361 1 362 1 363 1 364 1 365 1 366 1 367 1 368 1 369 1 370 1 371 1 372 1 373 1 374 1 375 1 376 1 377 1 378 1 379 1 380 1 381 1 382 1 383 1 384 1 385 1 386 1 387 1 388 1 389 1 390 1 391 1 392 1 393 1 394 1 395 1 396 1 397 1 398 1 399 1 400 1 401 1 402 1 403 1 404 1 405 1 406 1 407 1 408 1 409 1 410 1 411 1 412 1 413 1 414 1 415 1 416 1 417 1 418 1 419 1 420 1 421 1 422 1 423 1 424 1 425 1 426 1 427 1 428 1 429 1 430 1 431 1 432 1 433 1 434 1 435 1 436 1 437 1 438 1 439 1 440 1 441 1 442 1 443 1 444 1 445 1 446 1 447 1 448 1 449 1 450 1 451 1 452 1 453 1 454 1 455 1 456 1 457 1 458 1 459 1 460 1 461 1 462 1 463 1 464 1 465 1 466 1 467 1 468 1 469 1 470 1 471 1 472 1 473 1 474 1 475 1 476 1 477 1 478 1 479 1 480 1 481</v>
        </vertex_weights>
      </skin>
    </controller>
  </library_controllers>
  <library_visual_scenes>
    <visual_scene id="Scene" name="Scene">
      <node id="Armature" name="Armature" type="NODE">
        <matrix sid="transform">1 0 0 0 0 1 0 0 0 0 1 0 0 0 0 1</matrix>
        <node id="Armature_COMMON" name="COMMON" sid="COMMON" type="JOINT">
          <matrix sid="transform">1 0 3.42285e-8 0 3.42285e-8 3.42285e-8 -1 0 -1.17159e-15 1 0 0 0 0 0 1</matrix>
          <node id="Armature_kart_body" name="kart_body" sid="kart_body" type="JOINT">
            <matrix sid="transform">1 0 -3.55271e-15 0 0 1 4.45598e-15 -3.34026 3.55271e-15 -3.55271e-15 1 1.42109e-14 0 0 0 1</matrix>
            <extra>
              <technique profile="blender">
                <roll sid="roll" type="float">0</roll>
                <tip_x sid="tip_x" type="float">0</tip_x>
                <tip_y sid="tip_y" type="float">0</tip_y>
                <tip_z sid="tip_z" type="float">1.594583</tip_z>
              </technique>
            </extra>
          </node>
          <node id="Armature_mario" name="mario" sid="mario" type="JOINT">
            <matrix sid="transform">1 0 3.1509e-9 1.49944e-8 0 1 0 -1.53323 -3.1509e-9 0 1 -0.4380669 0 0 0 1</matrix>
            <extra>
              <technique profile="blender">
                <roll sid="roll" type="float">0</roll>
                <tip_x sid="tip_x" type="float">0</tip_x>
                <tip_y sid="tip_y" type="float">0</tip_y>
                <tip_z sid="tip_z" type="float">1.594583</tip_z>
              </technique>
            </extra>
          </node>
          <node id="Armature_mario_head" name="mario_head" sid="mario_head" type="JOINT">
            <matrix sid="transform">1 -2.22799e-15 -3.42285e-8 5.06062e-8 -3.309e-16 1 -7.47589e-8 2.6284 3.42285e-8 7.47589e-8 1 -1.47848 0 0 0 1</matrix>
            <extra>
              <technique profile="blender">
                <tip_x sid="tip_x" type="float">0</tip_x>
                <tip_y sid="tip_y" type="float">0</tip_y>
                <tip_z sid="tip_z" type="float">1.594584</tip_z>
              </technique>
            </extra>
          </node>
          <node id="Armature_tire_front" name="tire_front" sid="tire_front" type="JOINT">
            <matrix sid="transform">1 0 -3.42285e-8 -0.007747336 0 1 0 -2.677959 3.42285e-8 0 1 4.871379 0 0 0 1</matrix>
            <extra>
              <technique profile="blender">
                <tip_x sid="tip_x" type="float">0</tip_x>
                <tip_y sid="tip_y" type="float">0</tip_y>
                <tip_z sid="tip_z" type="float">1.594583</tip_z>
              </technique>
            </extra>
          </node>
          <node id="Armature_tire_rear" name="tire_rear" sid="tire_rear" type="JOINT">
            <matrix sid="transform">1 0 -3.42285e-8 -0.001633247 0 1 0 -2.16959 3.42285e-8 0 1 -4.769159 0 0 0 1</matrix>
            <extra>
              <technique profile="blender">
                <tip_x sid="tip_x" type="float">0</tip_x>
                <tip_y sid="tip_y" type="float">0</tip_y>
                <tip_z sid="tip_z" type="float">1.594583</tip_z>
              </technique>
            </extra>
          </node>
          <extra>
            <technique profile="blender">
              <roll sid="roll" type="float">0</roll>
              <tip_x sid="tip_x" type="float">0</tip_x>
              <tip_y sid="tip_y" type="float">0</tip_y>
              <tip_z sid="tip_z" type="float">1.594583</tip_z>
            </technique>
          </extra>
        </node>
        <node id="kart_body" name="kart_body" type="NODE">
          <matrix sid="transform">1 0 0 0 0 1 0 0 0 0 1 0 0 0 0 1</matrix>
          <instance_controller url="#Armature_kart_body-skin">
            <skeleton>#Armature_COMMON</skeleton>
            <bind_material>
              <technique_common>
                <instance_material symbol="mat_body-material" target="#mat_body-material">
                  <bind_vertex_input semantic="UVMap.001" input_semantic="TEXCOORD" input_set="0"/>
                </instance_material>
              </technique_common>
            </bind_material>
          </instance_controller>
        </node>
        <node id="mario" name="mario" type="NODE">
          <matrix sid="transform">1 0 0 0 0 1 0 0 0 0 1 0 0 0 0 1</matrix>
          <instance_controller url="#Armature_mario-skin">
            <skeleton>#Armature_COMMON</skeleton>
            <bind_material>
              <technique_common>
                <instance_material symbol="mat_mario_body-material" target="#mat_mario_body-material">
                  <bind_vertex_input semantic="UVMap" input_semantic="TEXCOORD" input_set="0"/>
                </instance_material>
              </technique_common>
            </bind_material>
          </instance_controller>
        </node>
        <node id="mario_head__mat_mario_body" name="mario_head__mat_mario_body" type="NODE">
          <matrix sid="transform">1 0 0 0 0 1 0 0 0 0 1 0 0 0 0 1</matrix>
          <instance_controller url="#Armature_mario_head__mat_mario_body-skin">
            <skeleton>#Armature_COMMON</skeleton>
            <bind_material>
              <technique_common>
                <instance_material symbol="mat_mario_body-material" target="#mat_mario_body-material">
                  <bind_vertex_input semantic="UVMap" input_semantic="TEXCOORD" input_set="0"/>
                </instance_material>
              </technique_common>
            </bind_material>
          </instance_controller>
        </node>
        <node id="mario_head__mat_mario_eye" name="mario_head__mat_mario_eye" type="NODE">
          <matrix sid="transform">1 0 0 0 0 1 0 0 0 0 1 0 0 0 0 1</matrix>
          <instance_controller url="#Armature_mario_head__mat_mario_eye-skin">
            <skeleton>#Armature_COMMON</skeleton>
            <bind_material>
              <technique_common>
                <instance_material symbol="mat_mario_eye-material" target="#mat_mario_eye-material">
                  <bind_vertex_input semantic="UVMap" input_semantic="TEXCOORD" input_set="0"/>
                </instance_material>
              </technique_common>
            </bind_material>
          </instance_controller>
        </node>
        <node id="tire_front" name="tire_front" type="NODE">
          <matrix sid="transform">1 0 0 0 0 1 0 0 0 0 1 0 0 0 0 1</matrix>
          <instance_controller url="#Armature_tire_front-skin">
            <skeleton>#Armature_COMMON</skeleton>
            <bind_material>
              <technique_common>
                <instance_material symbol="mat_tire-material" target="#mat_tire-material">
                  <bind_vertex_input semantic="UVMap" input_semantic="TEXCOORD" input_set="0"/>
                </instance_material>
              </technique_common>
            </bind_material>
          </instance_controller>
        </node>
        <node id="tire_rear" name="tire_rear" type="NODE">
          <matrix sid="transform">1 0 0 0 0 1 0 0 0 0 1 0 0 0 0 1</matrix>
          <instance_controller url="#Armature_tire_rear-skin">
            <skeleton>#Armature_COMMON</skeleton>
            <bind_material>
              <technique_common>
                <instance_material symbol="mat_tire-material" target="#mat_tire-material">
                  <bind_vertex_input semantic="UVMap" input_semantic="TEXCOORD" input_set="0"/>
                </instance_material>
              </technique_common>
            </bind_material>
          </instance_controller>
        </node>
        <node id="kart_body__ALT" name="kart_body__ALT" type="NODE">
          <matrix sid="transform">1 0 0 0 0 1 0 0 0 0 1 0 0 0 0 1</matrix>
          <instance_controller url="#Armature_kart_body__ALT-skin">
            <skeleton>#Armature_COMMON</skeleton>
            <bind_material>
              <technique_common>
                <instance_material symbol="mat_body__ALT-material" target="#mat_body__ALT-material">
                  <bind_vertex_input semantic="UVMap" input_semantic="TEXCOORD" input_set="0"/>
                </instance_material>
              </technique_common>
            </bind_material>
          </instance_controller>
        </node>
      </node>
    </visual_scene>
  </library_visual_scenes>
  <scene>
    <instance_visual_scene url="#Scene"/>
  </scene>
</COLLADA>