mtllib model.mtl
v -0.230538 0.614181 0.55134
vt 0.1284188 1.79688
vn -0.358323 0.032075 0.933047
v -0.297644 0.614448 0.518467
vt 0.007812549 1.79688
vn -0.478133 0.034093 0.877625
v -0.295122 0.693611 0.512074
vt 0.007812549 1.882818
vn -0.478212 0.171424 0.861352
v -0.228921 0.695093 0.544376
vt 0.1284188 1.882818
vn -0.357284 0.166908 0.918961
v -0.290024 0.769159 0.494824
vt 0.007812549 1.9961
vn -0.477582 0.289949 0.829364
v -0.225552 0.773091 0.526068
vt 0.1274422 1.9961
vn -0.360439 0.288138 0.887164
v 0 0.699046 0.591559
vt 0.5000032 1.882818
vn 0 0.171195 0.985237
v 0 0.613992 0.59944
vt 0.5000032 1.79688
vn 0 0.030173 0.999545
v -0.081805 0.614075 0.593009
vt 0.3725609 1.79688
vn -0.125129 0.030313 0.991677
v -0.081262 0.698527 0.58529
vt 0.3725609 1.882818
vn -0.123469 0.169972 0.977683
v -0.080549 0.779941 0.565837
vt 0.3720727 1.9961
vn -0.121004 0.28795 0.94997
v 0 0.780982 0.571864
vt 0.5000032 1.9961
vn 0 0.290003 0.957026
v -0.155542 0.776917 0.550153
vt 0.249025 1.9961
vn -0.239799 0.285935 0.92776
v -0.157419 0.697027 0.569135
vt 0.2500016 1.882818
vn -0.240135 0.167314 0.956212
v -0.158413 0.614048 0.57655
vt 0.2495133 1.79688
vn -0.242596 0.030954 0.969634
v 0 0.563844 0.598557
vt 0.5000032 1.753423
vn 0 -0.083032 0.996547
v -0.081682 0.563844 0.592149
vt 0.3720727 1.753423
vn -0.124345 -0.082118 0.988835
v -0.158566 0.563844 0.575643
vt 0.2485367 1.753423
vn -0.240976 -0.079288 0.967287
v -0.230778 0.563844 0.550316
vt 0.1269539 1.753423
vn -0.356457 -0.074785 0.931314
v -0.29805 0.563844 0.517257
vt 0.007812549 1.753423
vn -0.476941 -0.071824 0.875996
v 0.295122 0.693611 0.512074
vt 0.9921938 1.88233
vn 0.47821 0.171415 0.861355
v 0.297644 0.614448 0.518467
vt 0.9921938 1.79688
vn 0.478132 0.034092 0.877626
v 0.230538 0.614181 0.55134
vt 0.8710992 1.79688
vn 0.358321 0.032075 0.933047
v 0.228921 0.695093 0.544376
vt 0.8710992 1.882818
vn 0.357278 0.166904 0.918964
v 0.225552 0.773091 0.526068
vt 0.8720758 1.9961
vn 0.360428 0.288141 0.887168
v 0.290024 0.769159 0.494824
vt 0.9921938 1.9961
vn 0.47758 0.289952 0.829364
v 0.081805 0.614075 0.593009
vt 0.6274454 1.79688
vn 0.125129 0.030313 0.991677
v 0.081262 0.698527 0.585289
vt 0.6269571 1.882818
vn 0.123469 0.169972 0.977683
v 0.080549 0.779941 0.565837
vt 0.6274454 1.9961
vn 0.121004 0.28795 0.94997
v 0.157419 0.697027 0.569135
vt 0.7495164 1.882818
vn 0.240134 0.167314 0.956212
v 0.155542 0.776917 0.550153
vt 0.750493 1.9961
vn 0.239798 0.285936 0.927759
v 0.158413 0.614048 0.57655
vt 0.7500048 1.79688
vn 0.242595 0.030954 0.969634
v 0.081682 0.563844 0.592149
vt 0.6274454 1.753423
vn 0.124345 -0.082118 0.988835
v 0.230778 0.563844 0.550316
vt 0.8725641 1.753423
vn 0.356456 -0.074785 0.931314
v 0.158566 0.563844 0.575643
vt 0.7509813 1.753423
vn 0.240974 -0.079288 0.967287
v 0.29805 0.563844 0.517257
vt 0.9921938 1.753423
vn 0.476941 -0.071823 0.875996
o Object_0
g polygon_0
usemtl Eye
f 3/3/3 2/2/2 1/1/1
f 4/4/4 3/3/3 1/1/1
f 3/3/3 4/4/4 5/5/5
f 4/4/4 6/6/6 5/5/5
f 6/6/6 4/4/4 13/13/13
f 4/4/4 14/14/14 13/13/13
f 4/4/4 1/1/1 14/14/14
f 14/14/14 10/10/10 13/13/13
f 10/10/10 11/11/11 13/13/13
f 10/10/10 7/7/7 11/11/11
f 10/10/10 9/9/9 7/7/7
f 9/9/9 8/8/8 7/7/7
f 7/7/7 12/12/12 11/11/11
f 1/1/1 15/15/15 14/14/14
f 10/10/10 14/14/14 15/15/15
f 9/9/9 10/10/10 15/15/15
f 8/8/8 9/9/9 16/16/16
f 9/9/9 17/17/17 16/16/16
f 15/15/15 1/1/1 18/18/18
f 9/9/9 15/15/15 18/18/18
f 17/17/17 9/9/9 18/18/18
f 1/1/1 19/19/19 18/18/18
f 1/1/1 2/2/2 20/20/20
f 19/19/19 1/1/1 20/20/20
f 7/7/7 8/8/8 27/27/27
f 8/8/8 16/16/16 27/27/27
f 28/28/28 7/7/7 27/27/27
f 29/29/29 12/12/12 7/7/7
f 28/28/28 29/29/29 7/7/7
f 31/31/31 29/29/29 28/28/28
f 30/30/30 31/31/31 28/28/28
f 31/31/31 30/30/30 24/24/24
f 25/25/25 31/31/31 24/24/24
f 26/26/26 25/25/25 24/24/24
f 21/21/21 26/26/26 24/24/24
f 24/24/24 23/23/23 21/21/21
f 24/24/24 30/30/30 23/23/23
f 23/23/23 22/22/22 21/21/21
f 30/30/30 32/32/32 23/23/23
f 32/32/32 30/30/30 28/28/28
f 27/27/27 32/32/32 28/28/28
f 16/16/16 33/33/33 27/27/27
f 32/32/32 35/35/35 23/23/23
f 35/35/35 32/32/32 27/27/27
f 33/33/33 35/35/35 27/27/27
f 35/35/35 34/34/34 23/23/23
f 36/36/36 22/22/22 23/23/23
f 34/34/34 36/36/36 23/23/23
v -0.357573 0.970781 -0.304536
vt 0.2880878 0.8115222
vn -0.596613 0.627849 -0.499858
v -0.362442 0.999137 -0.262353
vt 0.2944354 0.7988269
vn -0.597841 0.679451 -0.425361
v -0.395182 0.97009 -0.255076
vt 0.2705095 0.7983385
vn -0.672151 0.613634 -0.414326
v -0.384289 0.957576 -0.289235
vt 0.2714861 0.8081043
vn -0.655255 0.592725 -0.468314
v -0.319454 0.989857 -0.325084
vt 0.3129902 0.8159168
vn -0.515491 0.667048 -0.537882
v -0.320948 1.024938 -0.274355
vt 0.3208028 0.8002917
vn -0.518207 0.727332 -0.449945
v -0.271913 1.049324 -0.288447
vt 0.3505881 0.8022448
vn -0.435293 0.764246 -0.475867
v -0.27051 1.008291 -0.344546
vt 0.3427756 0.8198231
vn -0.432001 0.698401 -0.570623
v -0.21391 1.026073 -0.362683
vt 0.3769555 0.8227528
vn -0.346744 0.722711 -0.597877
v -0.215254 1.070931 -0.301914
vt 0.3837915 0.804198
vn -0.350304 0.793421 -0.497765
v -0.275684 1.082462 -0.224314
vt 0.355471 0.7851549
vn -0.44367 0.812024 -0.379175
v -0.218149 1.107165 -0.233362
vt 0.3872095 0.7861314
vn -0.355111 0.848414 -0.392544
v -0.32646 1.054076 -0.215222
vt 0.3251974 0.7841783
vn -0.528636 0.767157 -0.363337
v -0.370923 1.02225 -0.20775
vt 0.2968769 0.78369
vn -0.609999 0.711196 -0.349429
v -0.410147 0.986715 -0.204431
vt 0.2690447 0.7846666
vn -0.689729 0.637181 -0.343911
v -0.079121 1.050681 -0.386681
vt 0.455081 0.8266591
vn -0.13913 0.753546 -0.642505
v 0 1.055135 -0.390868
vt 0.5000032 0.8271474
vn 0 0.760097 -0.64981
v 0 1.105164 -0.323106
vt 0.5000032 0.8071277
vn 0 0.849711 -0.527249
v -0.080137 1.100109 -0.319782
vt 0.4575224 0.8066394
vn -0.13971 0.840211 -0.523952
v 0 1.145804 -0.248096
vt 0.5000032 0.7871081
vn 0 0.917377 -0.39802
v -0.081994 1.140605 -0.245919
vt 0.458499 0.7871081
vn -0.134982 0.907032 -0.39884
v -0.151139 1.088625 -0.312756
vt 0.418948 0.8056629
vn -0.259152 0.817936 -0.513636
v -0.153485 1.126783 -0.240759
vt 0.4218777 0.7866198
vn -0.256483 0.880484 -0.398704
v -0.149625 1.040378 -0.377018
vt 0.4145534 0.8251942
vn -0.254052 0.740088 -0.622678
v -0.088498 1.193247 0
vt 0.4575224 0.7304671
vn -0.130049 0.991508 0
v -0.086781 1.187286 -0.083582
vt 0.458499 0.7490219
vn -0.128488 0.980891 -0.146096
v 0 1.193795 -0.083874
vt 0.5000032 0.7490219
vn 0 0.989213 -0.146487
v 0 1.199996 0
vt 0.5000032 0.7299788
vn 0 1 0
v -0.084205 1.169926 -0.167259
vt 0.4589873 0.768065
vn -0.129272 0.953537 -0.272131
v 0 1.175485 -0.168204
vt 0.5000032 0.768065
vn 0 0.962695 -0.270589
v -0.22592 1.155689 0
vt 0.3891626 0.7314436
vn -0.342923 0.939364 0
v -0.224685 1.149839 -0.081078
vt 0.3896509 0.7499985
vn -0.347928 0.923967 -0.158844
v -0.159484 1.172179 -0.083054
vt 0.4228542 0.7495102
vn -0.238515 0.959532 -0.149699
v -0.160747 1.177589 0
vt 0.422366 0.7309554
vn -0.235228 0.97194 0
v -0.156731 1.155231 -0.163954
vt 0.4228542 0.768065
vn -0.247651 0.928218 -0.277632
v -0.22196 1.134089 -0.159272
vt 0.3891626 0.7675766
vn -0.355204 0.891368 -0.281591
v -0.431396 1.016549 0
vt 0.2675798 0.7353499
vn -0.728392 0.68516 0
v -0.430074 1.011148 -0.07219
vt 0.2670915 0.7519516
vn -0.72009 0.675487 -0.15871
v -0.385044 1.053305 -0.073816
vt 0.2978534 0.750975
vn -0.634397 0.755667 -0.162814
v -0.386223 1.05896 0
vt 0.2983417 0.7343733
vn -0.641443 0.767171 -1E-06
v -0.336731 1.096061 0
vt 0.3286154 0.7329085
vn -0.548988 0.83583 -1E-06
v -0.336239 1.089971 -0.076377
vt 0.3281271 0.7504867
vn -0.544269 0.822143 -0.166892
v -0.379255 1.040468 -0.14397
vt 0.2973652 0.768065
vn -0.623202 0.735858 -0.264826
v -0.422382 1.00084 -0.141924
vt 0.2675798 0.7685533
vn -0.706183 0.658397 -0.260422
v -0.332234 1.075801 -0.148402
vt 0.3271505 0.7675766
vn -0.537733 0.79792 -0.272337
v -0.279988 1.107147 -0.153921
vt 0.3574241 0.7675766
vn -0.449734 0.848494 -0.278923
v -0.283654 1.128298 0
vt 0.3584007 0.7324202
vn -0.449575 0.893242 -1E-06
v -0.282987 1.122226 -0.078907
vt 0.3584007 0.7499985
vn -0.449915 0.877447 -0.166326
v -0.39748 0.928372 -0.304649
vt 0.2548844 0.8144519
vn -0.684902 0.533523 -0.496249
v -0.364205 0.934102 -0.337733
vt 0.2734392 0.8237293
vn -0.614656 0.550925 -0.564517
v -0.415437 0.884046 -0.324199
vt 0.2294936 0.8232411
vn -0.714538 0.456969 -0.529731
v -0.376645 0.887028 -0.367055
vt 0.2495133 0.836913
vn -0.640679 0.464803 -0.611138
v -0.330124 0.893734 -0.403263
vt 0.2773455 0.8481436
vn -0.551617 0.485733 -0.678073
v -0.32249 0.945806 -0.366971
vt 0.29883 0.8315419
vn -0.528958 0.581976 -0.617663
v -0.391052 0.830077 -0.39247
vt 0.2177748 0.8515615
vn -0.662837 0.377529 -0.646622
v -0.434063 0.828463 -0.343333
vt 0.195802 0.8339833
vn -0.738453 0.375495 -0.560081
v -0.340159 0.833708 -0.433742
vt 0.2475602 0.8662101
vn -0.571784 0.388443 -0.722616
v -0.277182 0.903205 -0.435034
vt 0.3115254 0.8569327
vn -0.453437 0.508917 -0.73171
v -0.283649 0.839458 -0.468998
vt 0.2856463 0.8779289
vn -0.468521 0.402811 -0.786277
v -0.221451 0.846117 -0.498211
vt 0.3315451 0.8857415
vn -0.361115 0.413264 -0.835948
v -0.217663 0.913466 -0.461889
vt 0.352053 0.8632804
vn -0.355191 0.527438 -0.771783
v -0.272745 0.959898 -0.393748
vt 0.3300802 0.8374013
vn -0.438935 0.610814 -0.65897
v -0.214868 0.973623 -0.416564
vt 0.3667015 0.8422841
vn -0.348414 0.632523 -0.691753
v -0.416948 0.615703 -0.429704
vt 0.05566441 0.9057611
vn -0.70049 0.040738 -0.712498
v -0.412375 0.691807 -0.425053
vt 0.1230476 0.8862298
vn -0.692551 0.182927 -0.69779
v -0.461389 0.692183 -0.369762
vt 0.1044929 0.8569327
vn -0.77509 0.187028 -0.603536
v -0.466637 0.616598 -0.373651
vt 0.04638701 0.8666984
vn -0.787332 0.043497 -0.614994
v -0.359807 0.614976 -0.478544
vt 0.07714892 0.9526364
vn -0.597668 0.037343 -0.800874
v -0.356474 0.69239 -0.472706
vt 0.1538096 0.9145502
vn -0.594404 0.177727 -0.784281
v -0.295122 0.693611 -0.512074
vt 0.2036146 0.9311519
vn -0.47821 0.171414 -0.861355
v -0.297644 0.614448 -0.518468
vt 0.1357431 0.9677733
vn -0.478132 0.034091 -0.877626
v -0.230538 0.61418 -0.55134
vt 0.2250991 0.9741209
vn -0.358323 0.032074 -0.933047
v -0.228921 0.695093 -0.544376
vt 0.2695329 0.9404293
vn -0.357279 0.166903 -0.918964
v -0.290024 0.769159 -0.494824
vt 0.2509781 0.9018549
vn -0.47758 0.289951 -0.829365
v -0.225552 0.773091 -0.526068
vt 0.3046894 0.9111323
vn -0.360428 0.28814 -0.887168
v -0.349194 0.765999 -0.457058
vt 0.2075208 0.8876946
vn -0.586766 0.286875 -0.757237
v -0.449709 0.76352 -0.358871
vt 0.1542978 0.8457022
vn -0.75954 0.283161 -0.585592
v -0.403059 0.763954 -0.411809
vt 0.1757824 0.8681632
vn -0.680883 0.282864 -0.675564
v -0.081805 0.614075 -0.593009
vt 0.4101588 0.9780272
vn -0.125129 0.030313 -0.991677
v 0 0.613992 -0.59944
vt 0.5000032 0.9785155
vn 0 0.030173 -0.999545
v 0 0.699046 -0.591559
vt 0.5000032 0.9492185
vn 0 0.171195 -0.985237
v -0.081262 0.698527 -0.58529
vt 0.4204128 0.9482418
vn -0.123469 0.169972 -0.977683
v -0.080549 0.779941 -0.565837
vt 0.4306668 0.9199214
vn -0.121004 0.28795 -0.94997
v 0 0.780982 -0.571865
vt 0.5000032 0.920898
vn 0 0.290003 -0.957026
v 0 0.858681 -0.540917
vt 0.5000032 0.8950189
vn 0 0.417156 -0.908835
v -0.079689 0.856875 -0.535487
vt 0.4394559 0.8940423
vn -0.121072 0.416791 -0.900903
v -0.155542 0.776917 -0.550153
vt 0.365725 0.9169917
vn -0.239798 0.285935 -0.92776
v -0.153192 0.852336 -0.520802
vt 0.3833032 0.8911126
vn -0.243905 0.416586 -0.875766
v -0.157419 0.697027 -0.569135
vt 0.3437522 0.9453121
vn -0.240134 0.167314 -0.956212
v -0.158413 0.614048 -0.57655
vt 0.319338 0.9765624
vn -0.242596 0.030954 -0.969634
v -0.079021 0.991674 -0.44689
vt 0.4511747 0.8486319
vn -0.133765 0.656271 -0.742573
v 0 0.996473 -0.449954
vt 0.5000032 0.8486319
vn 0 0.659242 -0.751931
v -0.079137 0.928579 -0.49517
vt 0.4462919 0.8701164
vn -0.126548 0.545387 -0.828576
v 0 0.930814 -0.500014
vt 0.5000032 0.8710929
vn 0 0.545281 -0.838253
v -0.149826 0.98523 -0.434028
vt 0.4077174 0.8457022
vn -0.248081 0.647887 -0.720207
v -0.151245 0.922393 -0.482096
vt 0.3974634 0.8676749
vn -0.24698 0.540604 -0.804207
v -0.081682 0.563844 -0.592149
vt 0.4062526 0.996582
vn -0.124345 -0.082118 -0.988835
v 0 0.563844 -0.598557
vt 0.5000032 0.996582
vn 0 -0.083032 -0.996547
v -0.230778 0.563844 -0.550316
vt 0.1943372 0.996582
vn -0.356457 -0.074785 -0.931314
v -0.158566 0.563844 -0.575643
vt 0.3071308 0.996582
vn -0.240976 -0.079288 -0.967287
v -0.466532 0.563844 -0.372701
vt 0.00341799 0.8686515
vn -0.786041 -0.07952 -0.613039
v -0.416998 0.563844 -0.428681
vt 0.00341799 0.9135737
vn -0.699804 -0.078166 -0.710046
v -0.360201 0.563844 -0.477172
vt 0.00341799 0.996582
vn -0.597271 -0.073945 -0.798624
v -0.29805 0.563844 -0.517257
vt 0.07373094 0.996582
vn -0.476942 -0.071824 -0.875995
v -0.51003 0.563844 -0.309935
vt 0.00341799 0.8339833
vn -0.86143 -0.07645 -0.502089
v -0.51034 0.617422 -0.310684
vt 0.04150417 0.833495
vn -0.862815 0.044827 -0.503528
v -0.546568 0.563844 -0.240038
vt 0.00341799 0.8037097
vn -0.921198 -0.068227 -0.383065
v -0.547026 0.618337 -0.240529
vt 0.03808618 0.8046862
vn -0.922537 0.044122 -0.383378
v -0.599151 0.621235 0
vt 0.03564475 0.7387679
vn -0.999135 0.041581 1E-06
v -0.598678 0.563844 0
vt 0.00341799 0.7377913
vn -0.998546 -0.053914 1E-06
v -0.592238 0.563844 -0.081795
vt 0.00341799 0.7558578
vn -0.990869 -0.05452 -0.123315
v -0.592771 0.620214 -0.08176
vt 0.03564475 0.7573227
vn -0.991431 0.041623 -0.123822
v -0.57455 0.563844 -0.163447
vt 0.00341799 0.7783189
vn -0.965451 -0.058881 -0.253845
v -0.575083 0.619271 -0.163647
vt 0.03662132 0.7792954
vn -0.966224 0.042475 -0.254179
v -0.42203 0.933736 -0.261603
vt 0.245607 0.8017566
vn -0.729032 0.537932 -0.423252
v -0.447663 0.88709 -0.273792
vt 0.21631 0.8081043
vn -0.766732 0.463343 -0.444337
v -0.443844 0.94431 -0.207547
vt 0.2402359 0.7871081
vn -0.755404 0.554115 -0.349745
v -0.474898 0.893919 -0.214772
vt 0.2080091 0.7910143
vn -0.802839 0.4744 -0.361101
v -0.50284 0.835138 -0.223461
vt 0.1718761 0.7954088
vn -0.843935 0.386932 -0.37156
v -0.471507 0.830642 -0.287311
vt 0.1811535 0.8149402
vn -0.797904 0.380943 -0.467152
v -0.473691 0.967537 0
vt 0.2348648 0.7363265
vn -0.805956 0.591976 0
v -0.47148 0.963087 -0.07267
vt 0.2348648 0.7534164
vn -0.796096 0.584591 -0.156476
v -0.512416 0.912014 0
vt 0.2001966 0.737303
vn -0.869833 0.493346 0
v -0.508829 0.908032 -0.073916
vt 0.2006849 0.7548813
vn -0.858376 0.4891 -0.154826
v -0.495975 0.901507 -0.147491
vt 0.2031263 0.7729478
vn -0.834644 0.482913 -0.264887
v -0.461223 0.955107 -0.14359
vt 0.2368179 0.7705064
vn -0.777916 0.571216 -0.261837
v -0.541226 0.845065 -0.075939
vt 0.163087 0.7563461
vn -0.909156 0.388506 -0.149993
v -0.54579 0.848131 0
vt 0.1625987 0.7382796
vn -0.921896 0.387438 0
v -0.5266 0.840427 -0.152489
vt 0.1660167 0.7753892
vn -0.881616 0.389574 -0.266432
v -0.585178 0.699365 -0.080557
vt 0.08007863 0.7573227
vn -0.977952 0.164932 -0.128095
v -0.591147 0.701127 0
vt 0.08007863 0.7387679
vn -0.987029 0.160544 0
v -0.568018 0.697248 -0.161886
vt 0.08203177 0.7788072
vn -0.949773 0.175042 -0.259407
v -0.540645 0.695081 -0.237935
vt 0.08642633 0.8022448
vn -0.904819 0.184037 -0.383971
v -0.551072 0.771821 -0.157852
vt 0.1259774 0.7778306
vn -0.920664 0.286256 -0.265397
v -0.525028 0.768126 -0.231711
vt 0.1313485 0.7993152
vn -0.878639 0.288592 -0.380406
v -0.572858 0.7775 0
vt 0.1225594 0.7387679
vn -0.962794 0.270237 0
v -0.567392 0.775026 -0.078407
vt 0.1230476 0.7573227
vn -0.950809 0.276741 -0.1392
v -0.504463 0.693378 -0.307595
vt 0.09326231 0.8291005
vn -0.846796 0.187963 -0.4976
v -0.490614 0.765168 -0.299042
vt 0.1401376 0.8222645
vn -0.825634 0.286217 -0.486218
v 0.395182 0.97009 -0.255076
vt 0.7290085 0.7983385
vn 0.672152 0.613626 -0.414336
v 0.362442 0.999138 -0.262353
vt 0.7050826 0.7988269
vn 0.597841 0.679451 -0.425361
v 0.357573 0.970781 -0.304536
vt 0.7114303 0.8115222
vn 0.596624 0.627839 -0.499857
v 0.384289 0.957576 -0.289235
vt 0.7280319 0.8081043
vn 0.655271 0.592698 -0.468326
v 0.319454 0.989857 -0.325084
vt 0.6865278 0.8159168
vn 0.515491 0.667048 -0.537882
v 0.320948 1.024938 -0.274355
vt 0.6787152 0.8002917
vn 0.518207 0.727332 -0.449945
v 0.21391 1.026073 -0.362683
vt 0.6225625 0.8227528
vn 0.346744 0.722711 -0.597877
v 0.27051 1.008291 -0.344546
vt 0.6567425 0.8198231
vn 0.432001 0.698401 -0.570623
v 0.271913 1.049325 -0.288447
vt 0.6489299 0.8022448
vn 0.435293 0.764246 -0.475867
v 0.215254 1.070931 -0.301914
vt 0.6157265 0.804198
vn 0.350304 0.793421 -0.497766
v 0.275684 1.082462 -0.224314
vt 0.644047 0.7851549
vn 0.44367 0.812024 -0.379175
v 0.218149 1.107165 -0.233362
vt 0.6123086 0.7861314
vn 0.355111 0.848414 -0.392544
v 0.32646 1.054076 -0.215222
vt 0.6743206 0.7841783
vn 0.528636 0.767157 -0.363337
v 0.410147 0.986715 -0.204432
vt 0.7304733 0.7846666
vn 0.689729 0.637181 -0.343911
v 0.370923 1.02225 -0.20775
vt 0.7026411 0.78369
vn 0.609999 0.711196 -0.349429
v 0.079121 1.050681 -0.386681
vt 0.5444371 0.8266591
vn 0.13913 0.753546 -0.642505
v 0.080137 1.100109 -0.319782
vt 0.5419956 0.8066394
vn 0.13971 0.840211 -0.523952
v 0.081994 1.140605 -0.245919
vt 0.541019 0.7871081
vn 0.134982 0.907032 -0.39884
v 0.153485 1.126783 -0.240759
vt 0.5776404 0.7866198
vn 0.256483 0.880484 -0.398704
v 0.151139 1.088625 -0.312756
vt 0.5805701 0.8056629
vn 0.259152 0.817936 -0.513636
v 0.149625 1.040378 -0.377018
vt 0.5849646 0.8251942
vn 0.254052 0.740088 -0.622678
v 0.086781 1.187286 -0.083582
vt 0.541019 0.7490219
vn 0.128488 0.980891 -0.146096
v 0.088498 1.193247 0
vt 0.5419956 0.7304671
vn 0.130049 0.991508 0
v 0.084205 1.169926 -0.167259
vt 0.5405307 0.768065
vn 0.129272 0.953537 -0.272131
v 0.159484 1.172179 -0.083054
vt 0.5766638 0.7495102
vn 0.238515 0.959532 -0.149698
v 0.224685 1.149839 -0.081078
vt 0.6098672 0.7499985
vn 0.347928 0.923967 -0.158844
v 0.22592 1.155689 0
vt 0.6103554 0.7314436
vn 0.342922 0.939364 0
v 0.160747 1.177589 0
vt 0.5771521 0.7309554
vn 0.235228 0.97194 0
v 0.156731 1.155231 -0.163954
vt 0.5766638 0.768065
vn 0.247651 0.928219 -0.277631
v 0.22196 1.134089 -0.159272
vt 0.6103554 0.7675766
vn 0.355204 0.891368 -0.281591
v 0.385044 1.053305 -0.073816
vt 0.7016646 0.750975
vn 0.634397 0.755667 -0.162814
v 0.430074 1.011148 -0.07219
vt 0.7324265 0.7519516
vn 0.720089 0.675487 -0.15871
v 0.431395 1.016549 0
vt 0.7319382 0.7353499
vn 0.728392 0.685161 0
v 0.386223 1.05896 0
vt 0.7011763 0.7343733
vn 0.641443 0.767171 0
v 0.336731 1.096061 0
vt 0.6709027 0.7329085
vn 0.548989 0.83583 -1E-06
v 0.336239 1.089971 -0.076377
vt 0.671391 0.7504867
vn 0.544269 0.822143 -0.166892
v 0.379255 1.040468 -0.14397
vt 0.7021528 0.768065
vn 0.623202 0.735858 -0.264825
v 0.422382 1.00084 -0.141924
vt 0.7319382 0.7685533
vn 0.706183 0.658397 -0.260422
v 0.332234 1.075801 -0.148402
vt 0.6723675 0.7675766
vn 0.537733 0.797919 -0.272337
v 0.279988 1.107148 -0.153921
vt 0.6420939 0.7675766
vn 0.449734 0.848494 -0.278922
v 0.282987 1.122226 -0.078907
vt 0.6411173 0.7499985
vn 0.449915 0.877447 -0.166326
v 0.283654 1.128298 0
vt 0.6411173 0.7324202
vn 0.449575 0.893242 -1E-06
v 0.364205 0.934102 -0.337733
vt 0.7260788 0.8237293
vn 0.61467 0.55092 -0.564506
v 0.39748 0.928372 -0.304649
vt 0.7446336 0.8144519
vn 0.684907 0.533513 -0.496252
v 0.376645 0.887028 -0.367055
vt 0.7500048 0.836913
vn 0.640683 0.464809 -0.611129
v 0.415437 0.884046 -0.324199
vt 0.7700244 0.8232411
vn 0.714533 0.456981 -0.529727
v 0.32249 0.945806 -0.366971
vt 0.700688 0.8315419
vn 0.528958 0.581976 -0.617663
v 0.330124 0.893734 -0.403264
vt 0.7221726 0.8481436
vn 0.551617 0.485733 -0.678073
v 0.391052 0.830077 -0.39247
vt 0.7817432 0.8515615
vn 0.662837 0.377529 -0.646622
v 0.434063 0.828463 -0.343333
vt 0.803716 0.8339833
vn 0.738452 0.375496 -0.560081
v 0.340159 0.833708 -0.433742
vt 0.7519579 0.8662101
vn 0.571781 0.388439 -0.722622
v 0.221451 0.846117 -0.498211
vt 0.667973 0.8857415
vn 0.361121 0.413259 -0.835948
v 0.283649 0.839458 -0.468999
vt 0.7138717 0.8779289
vn 0.468522 0.402802 -0.786281
v 0.277182 0.903205 -0.435034
vt 0.6879926 0.8569327
vn 0.453437 0.508917 -0.731709
v 0.217663 0.913466 -0.461889
vt 0.6474651 0.8632804
vn 0.355191 0.527438 -0.771783
v 0.272746 0.959898 -0.393748
vt 0.6694378 0.8374013
vn 0.438935 0.610814 -0.65897
v 0.214868 0.973623 -0.416564
vt 0.6328165 0.8422841
vn 0.348414 0.632523 -0.691753
v 0.461389 0.692183 -0.369763
vt 0.8950252 0.8569327
vn 0.77509 0.187028 -0.603536
v 0.412375 0.691807 -0.425053
vt 0.8764704 0.8862298
vn 0.692549 0.182928 -0.697792
v 0.416948 0.615703 -0.429704
vt 0.9438536 0.9057611
vn 0.700488 0.040755 -0.712499
v 0.466637 0.616598 -0.373651
vt 0.953131 0.8666984
vn 0.787334 0.043505 -0.614989
v 0.359808 0.614976 -0.478544
vt 0.9223691 0.9526364
vn 0.597663 0.037354 -0.800877
v 0.356474 0.69239 -0.472707
vt 0.8457085 0.9145502
vn 0.5944 0.177732 -0.784283
v 0.230538 0.61418 -0.55134
vt 0.774419 0.9741209
vn 0.358323 0.032074 -0.933047
v 0.297644 0.614448 -0.518468
vt 0.863775 0.9677733
vn 0.478134 0.034093 -0.877625
v 0.295122 0.693611 -0.512074
vt 0.7959034 0.9311519
vn 0.478213 0.171423 -0.861352
v 0.228921 0.695093 -0.544376
vt 0.7299851 0.9404293
vn 0.357283 0.166908 -0.918962
v 0.290024 0.769159 -0.494825
vt 0.7485399 0.9018549
vn 0.477581 0.289949 -0.829365
v 0.225552 0.773091 -0.526068
vt 0.6948286 0.9111323
vn 0.360438 0.288139 -0.887164
v 0.349194 0.765999 -0.457058
vt 0.7919972 0.8876946
vn 0.586757 0.286872 -0.757245
v 0.403059 0.763954 -0.411809
vt 0.8237357 0.8681632
vn 0.680882 0.282863 -0.675566
v 0.449709 0.76352 -0.358871
vt 0.8452202 0.8457022
vn 0.75954 0.283161 -0.585592
v 0.081805 0.614075 -0.593009
vt 0.5893592 0.9780272
vn 0.125129 0.030313 -0.991677
v 0.081262 0.698527 -0.58529
vt 0.5791052 0.9482418
vn 0.123469 0.169972 -0.977683
v 0.080549 0.779941 -0.565837
vt 0.5688512 0.9199214
vn 0.121004 0.28795 -0.94997
v 0.079689 0.856875 -0.535487
vt 0.5600621 0.8940423
vn 0.121072 0.416791 -0.900903
v 0.155542 0.776917 -0.550153
vt 0.6337931 0.9169917
vn 0.239798 0.285935 -0.92776
v 0.153192 0.852336 -0.520802
vt 0.6162148 0.8911126
vn 0.243904 0.416586 -0.875766
v 0.157419 0.697027 -0.569135
vt 0.6557659 0.9453121
vn 0.240134 0.167314 -0.956212
v 0.158413 0.614048 -0.57655
vt 0.6801801 0.9765624
vn 0.242596 0.030954 -0.969634
v 0.079021 0.991674 -0.44689
vt 0.5483433 0.8486319
vn 0.133765 0.656271 -0.742573
v 0.079137 0.928579 -0.49517
vt 0.5532262 0.8701164
vn 0.126548 0.545387 -0.828576
v 0.149826 0.98523 -0.434028
vt 0.5918006 0.8457022
vn 0.248081 0.647887 -0.720207
v 0.151245 0.922393 -0.482096
vt 0.6020546 0.8676749
vn 0.24698 0.540604 -0.804207
v 0.081682 0.563844 -0.592149
vt 0.5932655 0.996582
vn 0.124344 -0.082118 -0.988835
v 0.158566 0.563844 -0.575643
vt 0.6923872 0.996582
vn 0.240976 -0.079288 -0.967287
v 0.230778 0.563844 -0.550316
vt 0.8051808 0.996582
vn 0.356457 -0.074785 -0.931314
v 0.416998 0.563844 -0.428681
vt 0.9961001 0.9135737
vn 0.699805 -0.078135 -0.710048
v 0.466532 0.563844 -0.372702
vt 0.9961001 0.8686515
vn 0.786054 -0.079504 -0.613024
v 0.360202 0.563844 -0.477172
vt 0.9961001 0.996582
vn 0.597255 -0.07393 -0.798637
v 0.29805 0.563844 -0.517257
vt 0.9257871 0.996582
vn 0.476942 -0.071824 -0.875995
v 0.51003 0.563844 -0.309935
vt 0.9961001 0.8339833
vn 0.86143 -0.07645 -0.502089
v 0.51034 0.617422 -0.310684
vt 0.9580139 0.833495
vn 0.862815 0.044827 -0.503529
v 0.546569 0.563844 -0.240038
vt 0.9961001 0.8037097
vn 0.921198 -0.068227 -0.383065
v 0.547026 0.618337 -0.240529
vt 0.9614319 0.8046862
vn 0.922537 0.044122 -0.383378
v 0.592238 0.563844 -0.081795
vt 0.9961001 0.7558578
vn 0.990869 -0.05452 -0.123315
v 0.598678 0.563844 0
vt 0.9961001 0.7377913
vn 0.998546 -0.053914 0
v 0.599151 0.621235 0
vt 0.9638733 0.7387679
vn 0.999135 0.041582 0
v 0.592771 0.620214 -0.08176
vt 0.9638733 0.7573227
vn 0.991431 0.041624 -0.123822
v 0.575083 0.619271 -0.163647
vt 0.9628967 0.7792954
vn 0.966224 0.042475 -0.254179
v 0.57455 0.563844 -0.163447
vt 0.9961001 0.7783189
vn 0.965451 -0.058881 -0.253845
v 0.42203 0.933736 -0.261603
vt 0.753911 0.8017566
vn 0.729025 0.537929 -0.423267
v 0.447663 0.88709 -0.273792
vt 0.7832081 0.8081043
vn 0.766723 0.463351 -0.444344
v 0.443844 0.94431 -0.207547
vt 0.7592821 0.7871081
vn 0.755404 0.554115 -0.349745
v 0.474899 0.89392 -0.214772
vt 0.7915089 0.7910143
vn 0.802839 0.4744 -0.361101
v 0.471507 0.830642 -0.287311
vt 0.8183646 0.8149402
vn 0.797904 0.380944 -0.467152
v 0.50284 0.835138 -0.223461
vt 0.827642 0.7954088
vn 0.843935 0.386932 -0.37156
v 0.47148 0.963087 -0.07267
vt 0.7646533 0.7534164
vn 0.796096 0.584591 -0.156476
v 0.473691 0.967537 0
vt 0.7646533 0.7363265
vn 0.805956 0.591975 0
v 0.508829 0.908032 -0.073916
vt 0.7988332 0.7548813
vn 0.858377 0.4891 -0.154826
v 0.512416 0.912014 0
vt 0.7993215 0.737303
vn 0.869833 0.493346 0
v 0.461223 0.955107 -0.14359
vt 0.7627001 0.7705064
vn 0.777916 0.571216 -0.261837
v 0.495975 0.901507 -0.147491
vt 0.7963917 0.7729478
vn 0.834644 0.482913 -0.264887
v 0.541227 0.845065 -0.075939
vt 0.8364311 0.7563461
vn 0.909156 0.388506 -0.149993
v 0.545789 0.848131 0
vt 0.8369194 0.7382796
vn 0.921895 0.387439 0
v 0.5266 0.840427 -0.152489
vt 0.8335013 0.7753892
vn 0.881616 0.389574 -0.266432
v 0.591147 0.701127 0
vt 0.9194394 0.7387679
vn 0.987029 0.160544 0
v 0.585178 0.699365 -0.080557
vt 0.9194394 0.7573227
vn 0.977952 0.164932 -0.128095
v 0.568018 0.697248 -0.161886
vt 0.9174863 0.7788072
vn 0.949773 0.175042 -0.259407
v 0.540645 0.695081 -0.237935
vt 0.9130917 0.8022448
vn 0.904819 0.184037 -0.383971
v 0.551072 0.771821 -0.157852
vt 0.8735407 0.7778306
vn 0.920664 0.286256 -0.265397
v 0.525028 0.768126 -0.231711
vt 0.8681695 0.7993152
vn 0.878639 0.288592 -0.380406
v 0.567392 0.775026 -0.078407
vt 0.8764704 0.7573227
vn 0.950809 0.276741 -0.1392
v 0.572857 0.7775 0
vt 0.8769587 0.7387679
vn 0.962794 0.270237 0
v 0.504463 0.693378 -0.307595
vt 0.9062557 0.8291005
vn 0.846796 0.187963 -0.4976
v 0.490614 0.765168 -0.299042
vt 0.8593804 0.8222645
vn 0.825634 0.286217 -0.486218
v -0.395182 0.970089 0.255076
vt 0.2641618 0.6723613
vn -0.672152 0.613626 0.414337
v -0.362442 0.999137 0.262353
vt 0.2880878 0.6699198
vn -0.597843 0.679449 0.425362
v -0.357573 0.970781 0.304536
vt 0.2807635 0.6572244
vn -0.596625 0.627839 0.499857
v -0.384289 0.957576 0.289235
vt 0.2646501 0.6625955
vn -0.65527 0.5927 0.468325
v -0.319453 0.989857 0.325083
vt 0.3051777 0.6494119
vn -0.515492 0.667046 0.537882
v -0.320948 1.024938 0.274355
vt 0.3149434 0.6650369
vn -0.518209 0.72733 0.449946
v -0.21391 1.026073 0.362683
vt 0.3686547 0.634275
vn -0.346745 0.72271 0.597878
v -0.27051 1.008291 0.344546
vt 0.3344748 0.6415993
vn -0.432001 0.6984 0.570624
v -0.271913 1.049324 0.288447
vt 0.3447287 0.6601541
vn -0.435292 0.764245 0.475868
v -0.215254 1.070931 0.301914
vt 0.3779321 0.654783
vn -0.350305 0.79342 0.497766
v -0.275684 1.082462 0.224314
vt 0.3510764 0.6782206
vn -0.443669 0.812024 0.379176
v -0.218149 1.107165 0.233362
vt 0.3837915 0.6752909
vn -0.35511 0.848414 0.392545
v -0.32646 1.054076 0.215222
vt 0.3208028 0.6816386
vn -0.528638 0.767156 0.363337
v -0.410147 0.986715 0.204431
vt 0.2641618 0.6865215
vn -0.689729 0.637181 0.343911
v -0.370923 1.02225 0.20775
vt 0.291994 0.6845683
vn -0.610001 0.711195 0.349429
v 0 1.105164 0.323106
vt 0.5000032 0.6469704
vn 0 0.849711 0.527249
v 0 1.055135 0.390868
vt 0.5000032 0.6220679
vn 0 0.760096 0.64981
v -0.079121 1.050681 0.38668
vt 0.4506865 0.6235328
vn -0.13913 0.753545 0.642505
v -0.080137 1.100109 0.319782
vt 0.4545927 0.647947
vn -0.13971 0.840212 0.523952
v -0.081994 1.140605 0.245919
vt 0.4570341 0.6708964
vn -0.134982 0.907032 0.39884
v 0 1.145804 0.248096
vt 0.5000032 0.6699198
vn 0 0.917377 0.39802
v -0.153485 1.126783 0.240759
vt 0.418948 0.6723613
vn -0.256483 0.880484 0.398704
v -0.151139 1.088625 0.312756
vt 0.4145534 0.6508767
vn -0.259152 0.817936 0.513635
v -0.149625 1.040378 0.377018
vt 0.4072291 0.6279273
vn -0.254052 0.740087 0.622678
v 0 1.193795 0.083874
vt 0.5000032 0.7109357
vn 0 0.989213 0.146487
v -0.086781 1.187286 0.083582
vt 0.4580107 0.711424
vn -0.128488 0.980891 0.146096
v 0 1.175485 0.168204
vt 0.5000032 0.690916
vn 0 0.962695 0.27059
v -0.084205 1.169926 0.167259
vt 0.4580107 0.6914043
vn -0.129272 0.953537 0.272131
v -0.159484 1.172179 0.083054
vt 0.4218777 0.7119123
vn -0.238514 0.959532 0.149698
v -0.224685 1.149839 0.081078
vt 0.3886743 0.7128888
vn -0.347927 0.923967 0.158843
v -0.156731 1.155231 0.163954
vt 0.4209011 0.6928692
vn -0.247651 0.928219 0.277631
v -0.22196 1.134089 0.159272
vt 0.3867212 0.694334
vn -0.355203 0.891368 0.281591
v -0.385044 1.053305 0.073816
vt 0.2963886 0.7172834
vn -0.634397 0.755667 0.162814
v -0.430074 1.011148 0.07219
vt 0.2656267 0.7187482
vn -0.72009 0.675486 0.15871
v -0.33624 1.089971 0.076377
vt 0.3266622 0.7158185
vn -0.544269 0.822143 0.166891
v -0.379255 1.040468 0.14397
vt 0.2944354 0.7006817
vn -0.623203 0.735857 0.264826
v -0.422382 1.00084 0.141924
vt 0.2646501 0.7021465
vn -0.706183 0.658396 0.260423
v -0.332234 1.075801 0.148402
vt 0.3242208 0.6987286
vn -0.537734 0.797919 0.272337
v -0.279988 1.107148 0.153921
vt 0.3549827 0.6962872
vn -0.449734 0.848494 0.278923
v -0.282987 1.122226 0.078907
vt 0.3569359 0.7143537
vn -0.449915 0.877447 0.166324
v -0.364205 0.934102 0.337733
vt 0.2646501 0.6469704
vn -0.61467 0.550921 0.564505
v -0.39748 0.928372 0.304649
vt 0.2475602 0.6586893
vn -0.684906 0.533516 0.496251
v -0.376645 0.887028 0.367055
vt 0.2402359 0.6381813
vn -0.640683 0.464808 0.611129
v -0.415437 0.884045 0.324199
vt 0.2216811 0.6542947
vn -0.714533 0.456981 0.529727
v -0.32249 0.945806 0.36697
vt 0.288576 0.6352516
vn -0.528958 0.581977 0.617663
v -0.330124 0.893734 0.403263
vt 0.2651384 0.6215796
vn -0.551616 0.485733 0.678073
v -0.391052 0.830077 0.39247
vt 0.2075208 0.6308571
vn -0.662837 0.377528 0.646622
v -0.434063 0.828463 0.343333
vt 0.1879895 0.6499001
vn -0.738452 0.375495 0.560082
v -0.340159 0.833708 0.433742
vt 0.2348648 0.6098608
vn -0.571781 0.388438 0.722622
v -0.221451 0.846117 0.498211
vt 0.2983417 0.5605441
vn -0.361121 0.413259 0.835948
v -0.283649 0.839458 0.468998
vt 0.2700212 0.5859349
vn -0.468522 0.402802 0.786281
v -0.277182 0.903205 0.435034
vt 0.2963886 0.6044897
vn -0.453436 0.508918 0.731709
v -0.217663 0.913466 0.461889
vt 0.3315451 0.5873997
vn -0.355191 0.527439 0.771783
v -0.272745 0.959898 0.393748
vt 0.3188497 0.6230445
vn -0.438934 0.610814 0.658971
v -0.214868 0.973623 0.416564
vt 0.3540061 0.611814
vn -0.348415 0.632522 0.691754
v -0.461389 0.692183 0.369762
vt 0.09716858 0.6489236
vn -0.77509 0.187029 0.603536
v -0.412374 0.691807 0.425053
vt 0.1093757 0.627439
vn -0.692548 0.18293 0.697792
v -0.416948 0.615702 0.429704
vt 0.04638701 0.6289039
vn -0.700488 0.040757 0.712499
v -0.466637 0.616598 0.373651
vt 0.04248074 0.6499001
vn -0.787336 0.043506 0.614987
v -0.359807 0.614976 0.478544
vt 0.0468753 0.6020483
vn -0.597661 0.037356 0.800878
v -0.356474 0.69239 0.472706
vt 0.1210945 0.60156
vn -0.594399 0.177734 0.784284
vt 0.1328133 0.5703098
vt 0.0468753 0.5703098
vt 0.2460953 0.5703098
vt 0.2460953 0.531247
v -0.349194 0.765999 0.457058
vt 0.195802 0.60156
vn -0.586758 0.286872 0.757245
v -0.403059 0.763954 0.411808
vt 0.1650401 0.6269507
vn -0.680881 0.282862 0.675566
v -0.449709 0.76352 0.358871
vt 0.1464853 0.647947
vn -0.75954 0.283161 0.585593
v 0 0.858681 0.540917
vt 0.5000032 0.5258759
vn 1E-06 0.417156 0.908835
vt 0.5000032 0.4843717
vt 0.4272488 0.4843717
v -0.079689 0.856875 0.535487
vt 0.4238308 0.5283173
vn -0.121072 0.416791 0.900903
vt 0.2460953 0.4843717
v -0.153192 0.852336 0.520802
vt 0.3388693 0.5375947
vn -0.243905 0.416586 0.875766
v 0 0.996473 0.449954
vt 0.5000032 0.5942357
vn 0 0.659242 0.751931
v -0.079021 0.991674 0.44689
vt 0.4443387 0.5957006
vn -0.133765 0.656271 0.742574
v -0.079137 0.928579 0.49517
vt 0.4350613 0.5654269
vn -0.126549 0.545387 0.828576
v 0 0.930814 0.500014
vt 0.5000032 0.5624973
vn 0 0.545281 0.838254
v -0.149826 0.98523 0.434028
vt 0.3955103 0.6025366
vn -0.248082 0.647886 0.720208
v -0.151245 0.922392 0.482096
vt 0.3759789 0.5732395
vn -0.246981 0.540604 0.804206
v -0.416998 0.563844 0.42868
vt 0.00341799 0.6328102
vn -0.699806 -0.078135 0.710047
v -0.466532 0.563844 0.372701
vt 0.00341799 0.6528298
vn -0.786057 -0.079504 0.613021
v -0.360201 0.563844 0.477172
vt 0.00341799 0.6064428
vn -0.597253 -0.07393 0.798639
vt 0.00341799 0.5703098
v -0.51003 0.563844 0.309935
vt 0.00341799 0.6704081
vn -0.86143 -0.07645 0.502089
v -0.51034 0.617422 0.310684
vt 0.03906275 0.6689432
vn -0.862815 0.044827 0.503529
v -0.546568 0.563844 0.240038
vt 0.00341799 0.687498
vn -0.921198 -0.068229 0.383066
v -0.547026 0.618337 0.240529
vt 0.03710961 0.6865215
vn -0.922537 0.044122 0.383378
v -0.592238 0.563844 0.081795
vt 0.00341799 0.7207013
vn -0.990869 -0.05452 0.123315
v -0.592771 0.620214 0.08176
vt 0.03515647 0.7211896
vn -0.991431 0.041622 0.123822
v -0.575083 0.619271 0.163647
vt 0.03564475 0.7036114
vn -0.966224 0.042474 0.254178
v -0.574549 0.563844 0.163447
vt 0.00341799 0.7040997
vn -0.965452 -0.058882 0.253843
v -0.42203 0.933736 0.261603
vt 0.2397476 0.6718729
vn -0.729024 0.537931 0.423267
v -0.447663 0.88709 0.273792
vt 0.2104505 0.6699198
vn -0.766724 0.463351 0.444343
v -0.443844 0.94431 0.207547
vt 0.2353531 0.6865215
vn -0.755403 0.554116 0.349746
v -0.474898 0.893919 0.214772
vt 0.2036146 0.6860331
vn -0.802839 0.4744 0.361101
v -0.471507 0.830642 0.287311
vt 0.1752941 0.6679667
vn -0.797904 0.380944 0.467152
v -0.50284 0.835138 0.223461
vt 0.1674815 0.6855448
vn -0.843935 0.386932 0.37156
v -0.47148 0.963087 0.07267
vt 0.2333999 0.7197248
vn -0.796096 0.584591 0.156476
v -0.508829 0.908032 0.073916
vt 0.19922 0.7202131
vn -0.858376 0.4891 0.154826
v -0.461223 0.955107 0.14359
vt 0.2333999 0.7026348
vn -0.777916 0.571216 0.261838
v -0.495975 0.901507 0.147491
vt 0.2001966 0.7031231
vn -0.834644 0.482912 0.264887
v -0.541226 0.845065 0.075939
vt 0.1621104 0.7211896
vn -0.909156 0.388506 0.149994
v -0.5266 0.840427 0.152489
vt 0.1635752 0.7031231
vn -0.881616 0.389574 0.266432
v -0.585178 0.699365 0.080557
vt 0.07959034 0.7211896
vn -0.977952 0.164932 0.128095
v -0.568018 0.697248 0.161886
vt 0.08056691 0.7036114
vn -0.949773 0.175042 0.259406
v -0.540645 0.695081 0.237935
vt 0.08349662 0.6860331
vn -0.904819 0.184037 0.383971
v -0.551072 0.771821 0.157852
vt 0.1235359 0.7031231
vn -0.920664 0.286256 0.265397
v -0.525028 0.768126 0.231711
vt 0.1274422 0.6855448
vn -0.878639 0.288593 0.380405
v -0.567392 0.775026 0.078407
vt 0.1220711 0.7211896
vn -0.950809 0.276741 0.1392
v -0.504463 0.693378 0.307595
vt 0.08886775 0.6679667
vn -0.846796 0.187963 0.497601
v -0.490614 0.765168 0.299042
vt 0.1347665 0.66699
vn -0.825634 0.286217 0.486218
v 0.357573 0.970781 0.304536
vt 0.7187545 0.6572244
vn 0.596613 0.627849 0.499859
v 0.362442 0.999137 0.262353
vt 0.7114303 0.6699198
vn 0.597842 0.679451 0.425361
v 0.395182 0.97009 0.255076
vt 0.7353562 0.6723613
vn 0.67215 0.613635 0.414326
v 0.384289 0.957576 0.289235
vt 0.7348679 0.6625955
vn 0.655255 0.592725 0.468314
v 0.319454 0.989857 0.325083
vt 0.6943403 0.6494119
vn 0.51549 0.667047 0.537883
v 0.320948 1.024938 0.274355
vt 0.6845747 0.6650369
vn 0.518207 0.727331 0.449946
v 0.271913 1.049324 0.288447
vt 0.6547893 0.6601541
vn 0.435292 0.764245 0.475869
v 0.27051 1.00829 0.344546
vt 0.6650432 0.6415993
vn 0.432001 0.698401 0.570624
v 0.21391 1.026073 0.362682
vt 0.6308634 0.634275
vn 0.346745 0.722711 0.597877
v 0.215254 1.070931 0.301914
vt 0.621586 0.654783
vn 0.350304 0.79342 0.497768
v 0.275684 1.082462 0.224314
vt 0.6484416 0.6782206
vn 0.44367 0.812024 0.379176
v 0.218149 1.107165 0.233362
vt 0.6157265 0.6752909
vn 0.35511 0.848413 0.392545
v 0.32646 1.054075 0.215222
vt 0.6787152 0.6816386
vn 0.528637 0.767156 0.363337
v 0.370923 1.02225 0.20775
vt 0.707524 0.6845683
vn 0.61 0.711196 0.349428
v 0.410147 0.986715 0.204431
vt 0.7353562 0.6865215
vn 0.689729 0.637181 0.343911
v 0.079121 1.050681 0.38668
vt 0.5488316 0.6235328
vn 0.139131 0.753546 0.642504
v 0.080137 1.100109 0.319782
vt 0.5449253 0.647947
vn 0.139711 0.840211 0.523952
v 0.081994 1.140605 0.245919
vt 0.5424839 0.6708964
vn 0.134983 0.907031 0.398841
v 0.151139 1.088625 0.312756
vt 0.5849646 0.6508767
vn 0.259152 0.817935 0.513637
v 0.153485 1.126783 0.240759
vt 0.5805701 0.6723613
vn 0.256482 0.880484 0.398705
v 0.149625 1.040377 0.377018
vt 0.5922889 0.6279273
vn 0.254052 0.740088 0.622678
v 0.086781 1.187286 0.083582
vt 0.5415073 0.711424
vn 0.128488 0.980891 0.146096
v 0.084205 1.169926 0.167259
vt 0.5415073 0.6914043
vn 0.129272 0.953537 0.272132
v 0.224685 1.149839 0.081078
vt 0.6108437 0.7128888
vn 0.347927 0.923968 0.158842
v 0.159484 1.172179 0.083054
vt 0.5776404 0.7119123
vn 0.238514 0.959532 0.149697
v 0.156731 1.155231 0.163954
vt 0.5786169 0.6928692
vn 0.24765 0.928219 0.27763
v 0.22196 1.134089 0.159272
vt 0.6127968 0.694334
vn 0.355203 0.891369 0.281589
v 0.430074 1.011148 0.07219
vt 0.7338914 0.7187482
vn 0.720089 0.675487 0.15871
v 0.385044 1.053305 0.073816
vt 0.7031295 0.7172834
vn 0.634396 0.755667 0.162814
v 0.336239 1.089971 0.076377
vt 0.6728558 0.7158185
vn 0.54427 0.822142 0.166892
v 0.379255 1.040468 0.14397
vt 0.7050826 0.7006817
vn 0.623202 0.735858 0.264825
v 0.422382 1.00084 0.141924
vt 0.7348679 0.7021465
vn 0.706183 0.658397 0.260422
v 0.332234 1.075801 0.148402
vt 0.6752973 0.6987286
vn 0.537735 0.797918 0.272338
v 0.279988 1.107147 0.15392
vt 0.6445353 0.6962872
vn 0.449734 0.848494 0.278922
v 0.282987 1.122226 0.078907
vt 0.6425822 0.7143537
vn 0.449915 0.877447 0.166325
v 0.39748 0.928372 0.304649
vt 0.7519579 0.6586893
vn 0.684901 0.533523 0.496249
v 0.364205 0.934102 0.337733
vt 0.7348679 0.6469704
vn 0.614655 0.550926 0.564517
v 0.415437 0.884045 0.324199
vt 0.7778369 0.6542947
vn 0.714538 0.456968 0.529731
v 0.376645 0.887028 0.367055
vt 0.7592821 0.6381813
vn 0.640678 0.464803 0.611138
v 0.330124 0.893734 0.403263
vt 0.7343796 0.6215796
vn 0.551616 0.485733 0.678073
v 0.32249 0.945806 0.36697
vt 0.710942 0.6352516
vn 0.528957 0.581976 0.617663
v 0.391052 0.830077 0.39247
vt 0.7919972 0.6308571
vn 0.662836 0.377529 0.646622
v 0.434063 0.828463 0.343333
vt 0.8115286 0.6499001
vn 0.738453 0.375494 0.560081
v 0.340159 0.833708 0.433742
vt 0.7646533 0.6098608
vn 0.571784 0.388444 0.722617
v 0.277182 0.903205 0.435034
vt 0.7031295 0.6044897
vn 0.453437 0.508917 0.73171
v 0.283649 0.839458 0.468998
vt 0.7294968 0.5859349
vn 0.468521 0.402812 0.786277
v 0.221451 0.846117 0.498211
vt 0.7011763 0.5605441
vn 0.361115 0.413264 0.835948
v 0.217663 0.913466 0.461889
vt 0.667973 0.5873997
vn 0.355191 0.527437 0.771783
v 0.272745 0.959898 0.393748
vt 0.6806684 0.6230445
vn 0.438935 0.610815 0.65897
v 0.214868 0.973623 0.416564
vt 0.6455119 0.611814
vn 0.348415 0.632523 0.691753
v 0.416948 0.615703 0.429704
vt 0.953131 0.6289039
vn 0.700491 0.04074 0.712497
v 0.412374 0.691807 0.425053
vt 0.8901423 0.627439
vn 0.692551 0.18293 0.697789
v 0.461389 0.692183 0.369762
vt 0.9023495 0.6489236
vn 0.775091 0.187029 0.603535
v 0.466637 0.616598 0.373651
vt 0.9570373 0.6499001
vn 0.787334 0.043497 0.614991
v 0.359807 0.614976 0.478544
vt 0.953131 0.6020483
vn 0.597666 0.037345 0.800875
v 0.356474 0.69239 0.472706
vt 0.8784235 0.60156
vn 0.594404 0.17773 0.784281
vt 0.953131 0.5703098
vt 0.867193 0.5703098
vt 0.7534227 0.5703098
vt 0.7534227 0.531247
v 0.349194 0.765999 0.457058
vt 0.803716 0.60156
vn 0.586766 0.286875 0.757237
v 0.449709 0.76352 0.358871
vt 0.8530327 0.647947
vn 0.75954 0.283162 0.585592
v 0.403059 0.763954 0.411808
vt 0.8344779 0.6269507
vn 0.680883 0.282864 0.675564
vt 0.5722693 0.4843717
v 0.079689 0.856875 0.535487
vt 0.5756872 0.5283173
vn 0.121072 0.416791 0.900903
vt 0.7534227 0.4843717
v 0.153192 0.852336 0.520802
vt 0.6606487 0.5375947
vn 0.243905 0.416586 0.875766
v 0.079021 0.991674 0.44689
vt 0.5551793 0.5957006
vn 0.133766 0.656271 0.742574
v 0.079137 0.928579 0.495169
vt 0.5644567 0.5654269
vn 0.126549 0.545387 0.828576
v 0.149826 0.98523 0.434028
vt 0.6040077 0.6025366
vn 0.248082 0.647887 0.720207
v 0.151245 0.922392 0.482096
vt 0.6235391 0.5732395
vn 0.24698 0.540603 0.804207
v 0.466532 0.563844 0.372701
vt 0.9961001 0.6528298
vn 0.786043 -0.07952 0.613036
v 0.416998 0.563844 0.428681
vt 0.9961001 0.6328102
vn 0.699806 -0.078166 0.710044
v 0.360201 0.563844 0.477172
vt 0.9961001 0.6064428
vn 0.597269 -0.073944 0.798625
vt 0.9961001 0.5703098
v 0.51003 0.563844 0.309935
vt 0.9961001 0.6704081
vn 0.86143 -0.07645 0.502089
v 0.51034 0.617422 0.310684
vt 0.9604553 0.6689432
vn 0.862815 0.044826 0.503528
v 0.546568 0.563844 0.240038
vt 0.9961001 0.687498
vn 0.921198 -0.068228 0.383066
v 0.547026 0.618337 0.240529
vt 0.9624084 0.6865215
vn 0.922537 0.044121 0.383379
v 0.592238 0.563844 0.081795
vt 0.9961001 0.7207013
vn 0.990869 -0.05452 0.123315
v 0.592771 0.620214 0.08176
vt 0.9643615 0.7211896
vn 0.991431 0.041623 0.123821
v 0.574549 0.563844 0.163447
vt 0.9961001 0.7040997
vn 0.965451 -0.058882 0.253845
v 0.575083 0.619271 0.163647
vt 0.9638733 0.7036114
vn 0.966224 0.042474 0.25418
v 0.42203 0.933736 0.261603
vt 0.7597705 0.6718729
vn 0.729032 0.537931 0.423253
v 0.447663 0.88709 0.273792
vt 0.7890675 0.6699198
vn 0.766732 0.463342 0.444338
v 0.443844 0.94431 0.207547
vt 0.764165 0.6865215
vn 0.755404 0.554115 0.349746
v 0.474898 0.893919 0.214772
vt 0.7959034 0.6860331
vn 0.802839 0.4744 0.361102
v 0.50284 0.835138 0.223461
vt 0.8320365 0.6855448
vn 0.843935 0.386932 0.371561
v 0.471507 0.830642 0.287311
vt 0.8242239 0.6679667
vn 0.797904 0.380943 0.467152
v 0.47148 0.963087 0.07267
vt 0.7661181 0.7197248
vn 0.796096 0.584591 0.156475
v 0.508829 0.908032 0.073916
vt 0.800298 0.7202131
vn 0.858376 0.4891 0.154826
v 0.495975 0.901507 0.147491
vt 0.7993215 0.7031231
vn 0.834644 0.482913 0.264887
v 0.461222 0.955107 0.14359
vt 0.7661181 0.7026348
vn 0.777916 0.571216 0.261837
v 0.541226 0.845065 0.075939
vt 0.8374076 0.7211896
vn 0.909156 0.388506 0.149993
v 0.5266 0.840427 0.152489
vt 0.8359428 0.7031231
vn 0.881616 0.389574 0.266432
v 0.585178 0.699365 0.080557
vt 0.9199277 0.7211896
vn 0.977951 0.164933 0.128095
v 0.568017 0.697248 0.161886
vt 0.9189511 0.7036114
vn 0.949773 0.175042 0.259407
v 0.540645 0.695081 0.237935
vt 0.9160214 0.6860331
vn 0.904818 0.184037 0.383971
v 0.551072 0.771821 0.157852
vt 0.8759821 0.7031231
vn 0.920664 0.286256 0.265397
v 0.525028 0.768126 0.231711
vt 0.8720758 0.6855448
vn 0.878638 0.288593 0.380406
v 0.567392 0.775026 0.078407
vt 0.8774469 0.7211896
vn 0.950809 0.276742 0.1392
v 0.504463 0.693378 0.307595
vt 0.9106503 0.6679667
vn 0.846796 0.187963 0.4976
v 0.490614 0.765168 0.299042
vt 0.8647516 0.66699
vn 0.825634 0.286218 0.486218
o Object_1
g polygon_0
usemtl Body
f 39/39/39 38/38/38 37/37/37
f 40/40/40 39/39/39 37/37/37
f 41/41/41 37/37/37 38/38/38
f 42/42/42 41/41/41 38/38/38
f 42/42/42 43/43/43 41/41/41
f 43/43/43 44/44/44 41/41/41
f 45/45/45 44/44/44 43/43/43
f 46/46/46 45/45/45 43/43/43
f 46/46/46 43/43/43 47/47/47
f 48/48/48 46/46/46 47/47/47
f 49/49/49 47/47/47 43/43/43
f 42/42/42 49/49/49 43/43/43
f 42/42/42 38/38/38 49/49/49
f 39/39/39 51/51/51 38/38/38
f 51/51/51 50/50/50 38/38/38
f 38/38/38 50/50/50 49/49/49
f 48/48/48 59/59/59 46/46/46
f 59/59/59 58/58/58 46/46/46
f 46/46/46 58/58/58 45/45/45
f 58/58/58 59/59/59 57/57/57
f 55/55/55 58/58/58 57/57/57
f 55/55/55 57/57/57 54/54/54
f 55/55/55 54/54/54 52/52/52
f 54/54/54 53/53/53 52/52/52
f 57/57/57 56/56/56 54/54/54
f 58/58/58 60/60/60 45/45/45
f 60/60/60 58/58/58 55/55/55
f 52/52/52 60/60/60 55/55/55
f 71/71/71 59/59/59 48/48/48
f 59/59/59 71/71/71 57/57/57
f 72/72/72 71/71/71 48/48/48
f 71/71/71 65/65/65 57/57/57
f 57/57/57 65/65/65 56/56/56
f 62/62/62 65/65/65 71/71/71
f 66/66/66 65/65/65 62/62/62
f 65/65/65 66/66/66 56/56/56
f 63/63/63 66/66/66 62/62/62
f 63/63/63 62/62/62 61/61/61
f 64/64/64 63/63/63 61/61/61
f 62/62/62 69/69/69 61/61/61
f 69/69/69 62/62/62 71/71/71
f 69/69/69 70/70/70 61/61/61
f 70/70/70 69/69/69 67/67/67
f 69/69/69 68/68/68 67/67/67
f 68/68/68 69/69/69 71/71/71
f 72/72/72 68/68/68 71/71/71
f 50/50/50 79/79/79 49/49/49
f 79/79/79 50/50/50 51/51/51
f 80/80/80 79/79/79 51/51/51
f 79/79/79 81/81/81 49/49/49
f 78/78/78 81/81/81 79/79/79
f 75/75/75 78/78/78 79/79/79
f 78/78/78 75/75/75 77/77/77
f 75/75/75 76/76/76 77/77/77
f 76/76/76 75/75/75 73/73/73
f 75/75/75 74/74/74 73/73/73
f 74/74/74 75/75/75 79/79/79
f 80/80/80 74/74/74 79/79/79
f 82/82/82 72/72/72 48/48/48
f 81/81/81 82/82/82 49/49/49
f 72/72/72 82/82/82 68/68/68
f 47/47/47 82/82/82 48/48/48
f 82/82/82 47/47/47 49/49/49
f 68/68/68 84/84/84 67/67/67
f 84/84/84 78/78/78 77/77/77
f 81/81/81 78/78/78 84/84/84
f 82/82/82 81/81/81 84/84/84
f 82/82/82 84/84/84 68/68/68
f 84/84/84 83/83/83 67/67/67
f 83/83/83 84/84/84 77/77/77
f 74/74/74 158/158/158 73/73/73
f 158/158/158 157/157/157 73/73/73
f 157/157/157 158/158/158 159/159/159
f 158/158/158 160/160/160 159/159/159
f 158/158/158 162/162/162 160/160/160
f 162/162/162 158/158/158 74/74/74
f 80/80/80 162/162/162 74/74/74
f 162/162/162 80/80/80 51/51/51
f 162/162/162 161/161/161 160/160/160
f 159/159/159 160/160/160 163/163/163
f 160/160/160 161/161/161 163/163/163
f 164/164/164 159/159/159 163/163/163
f 161/161/161 165/165/165 163/163/163
f 165/165/165 161/161/161 154/154/154
f 161/161/161 162/162/162 154/154/154
f 155/155/155 165/165/165 154/154/154
f 156/156/156 155/155/155 154/154/154
f 152/152/152 156/156/156 154/154/154
f 152/152/152 154/154/154 151/151/151
f 152/152/152 151/151/151 85/85/85
f 85/85/85 151/151/151 39/39/39
f 39/39/39 151/151/151 51/51/51
f 40/40/40 85/85/85 39/39/39
f 86/86/86 85/85/85 40/40/40
f 37/37/37 86/86/86 40/40/40
f 85/85/85 86/86/86 87/87/87
f 87/87/87 152/152/152 85/85/85
f 152/152/152 87/87/87 156/156/156
f 86/86/86 88/88/88 87/87/87
f 88/88/88 86/86/86 89/89/89
f 86/86/86 90/90/90 89/89/89
f 86/86/86 37/37/37 41/41/41
f 90/90/90 86/86/86 41/41/41
f 87/87/87 88/88/88 91/91/91
f 92/92/92 87/87/87 91/91/91
f 87/87/87 92/92/92 156/156/156
f 93/93/93 91/91/91 88/88/88
f 89/89/89 93/93/93 88/88/88
f 89/89/89 94/94/94 93/93/93
f 94/94/94 95/95/95 93/93/93
f 96/96/96 95/95/95 94/94/94
f 97/97/97 96/96/96 94/94/94
f 98/98/98 90/90/90 41/41/41
f 98/98/98 94/94/94 89/89/89
f 90/90/90 98/98/98 89/89/89
f 94/94/94 98/98/98 97/97/97
f 44/44/44 98/98/98 41/41/41
f 98/98/98 44/44/44 45/45/45
f 99/99/99 98/98/98 45/45/45
f 98/98/98 99/99/99 97/97/97
f 110/110/110 95/95/95 96/96/96
f 95/95/95 110/110/110 93/93/93
f 111/111/111 110/110/110 96/96/96
f 110/110/110 112/112/112 93/93/93
f 112/112/112 110/110/110 105/105/105
f 110/110/110 106/106/106 105/105/105
f 105/105/105 106/106/106 104/104/104
f 105/105/105 104/104/104 101/101/101
f 104/104/104 100/100/100 101/101/101
f 102/102/102 101/101/101 100/100/100
f 103/103/103 102/102/102 100/100/100
f 106/106/106 107/107/107 104/104/104
f 108/108/108 107/107/107 106/106/106
f 109/109/109 108/108/108 106/106/106
f 110/110/110 111/111/111 109/109/109
f 106/106/106 110/110/110 109/109/109
f 114/114/114 101/101/101 102/102/102
f 114/114/114 112/112/112 105/105/105
f 101/101/101 114/114/114 105/105/105
f 112/112/112 114/114/114 93/93/93
f 113/113/113 114/114/114 102/102/102
f 114/114/114 113/113/113 92/92/92
f 91/91/91 114/114/114 92/92/92
f 114/114/114 91/91/91 93/93/93
f 123/123/123 111/111/111 96/96/96
f 111/111/111 123/123/123 109/109/109
f 124/124/124 123/123/123 96/96/96
f 123/123/123 125/125/125 109/109/109
f 109/109/109 125/125/125 108/108/108
f 125/125/125 123/123/123 118/118/118
f 123/123/123 119/119/119 118/118/118
f 118/118/118 119/119/119 117/117/117
f 118/118/118 117/117/117 115/115/115
f 117/117/117 116/116/116 115/115/115
f 119/119/119 120/120/120 117/117/117
f 121/121/121 120/120/120 119/119/119
f 122/122/122 121/121/121 119/119/119
f 123/123/123 124/124/124 122/122/122
f 119/119/119 123/123/123 122/122/122
f 125/125/125 126/126/126 108/108/108
f 126/126/126 125/125/125 118/118/118
f 115/115/115 126/126/126 118/118/118
f 132/132/132 124/124/124 96/96/96
f 122/122/122 124/124/124 132/132/132
f 97/97/97 132/132/132 96/96/96
f 131/131/131 132/132/132 97/97/97
f 99/99/99 131/131/131 97/97/97
f 131/131/131 99/99/99 45/45/45
f 60/60/60 131/131/131 45/45/45
f 132/132/132 131/131/131 129/129/129
f 129/129/129 122/122/122 132/132/132
f 121/121/121 122/122/122 129/129/129
f 131/131/131 127/127/127 129/129/129
f 129/129/129 127/127/127 128/128/128
f 128/128/128 127/127/127 52/52/52
f 131/131/131 60/60/60 52/52/52
f 127/127/127 131/131/131 52/52/52
f 53/53/53 128/128/128 52/52/52
f 130/130/130 129/129/129 128/128/128
f 130/130/130 121/121/121 129/129/129
f 116/116/116 134/134/134 115/115/115
f 134/134/134 133/133/133 115/115/115
f 126/126/126 136/136/136 108/108/108
f 136/136/136 126/126/126 115/115/115
f 133/133/133 136/136/136 115/115/115
f 136/136/136 135/135/135 108/108/108
f 135/135/135 140/140/140 108/108/108
f 140/140/140 107/107/107 108/108/108
f 107/107/107 140/140/140 104/104/104
f 140/140/140 139/139/139 104/104/104
f 139/139/139 138/138/138 104/104/104
f 138/138/138 100/100/100 104/104/104
f 100/100/100 138/138/138 103/103/103
f 138/138/138 137/137/137 103/103/103
f 103/103/103 137/137/137 141/141/141
f 142/142/142 103/103/103 141/141/141
f 142/142/142 141/141/141 143/143/143
f 144/144/144 142/142/142 143/143/143
f 143/143/143 149/149/149 144/144/144
f 149/149/149 150/150/150 144/144/144
f 150/150/150 149/149/149 147/147/147
f 148/148/148 150/150/150 147/147/147
f 148/148/148 147/147/147 145/145/145
f 147/147/147 146/146/146 145/145/145
f 145/145/145 167/167/167 148/148/148
f 167/167/167 166/166/166 148/148/148
f 144/144/144 150/150/150 168/168/168
f 168/168/168 150/150/150 148/148/148
f 166/166/166 168/168/168 148/148/148
f 169/169/169 144/144/144 168/168/168
f 168/168/168 170/170/170 169/169/169
f 170/170/170 171/171/171 169/169/169
f 171/171/171 170/170/170 155/155/155
f 170/170/170 165/165/165 155/155/155
f 173/173/173 166/166/166 167/167/167
f 168/168/168 166/166/166 173/173/173
f 170/170/170 168/168/168 173/173/173
f 172/172/172 173/173/173 167/167/167
f 173/173/173 172/172/172 164/164/164
f 163/163/163 173/173/173 164/164/164
f 170/170/170 173/173/173 163/163/163
f 165/165/165 170/170/170 163/163/163
f 142/142/142 174/174/174 103/103/103
f 144/144/144 169/169/169 174/174/174
f 142/142/142 144/144/144 174/174/174
f 174/174/174 102/102/102 103/103/103
f 174/174/174 175/175/175 102/102/102
f 175/175/175 171/171/171 155/155/155
f 169/169/169 171/171/171 175/175/175
f 174/174/174 169/169/169 175/175/175
f 175/175/175 113/113/113 102/102/102
f 113/113/113 175/175/175 156/156/156
f 156/156/156 175/175/175 155/155/155
f 92/92/92 113/113/113 156/156/156
f 145/145/145 146/146/146 382/390/382
f 383/391/383 145/145/145 382/390/382
f 145/145/145 383/391/383 167/167/167
f 383/391/383 382/390/382 384/392/384
f 382/390/382 385/393/385 384/392/384
f 381/389/381 384/392/384 385/393/385
f 380/388/380 381/389/381 385/393/385
f 381/389/381 380/388/380 379/387/379
f 380/388/380 378/386/378 379/387/379
f 379/387/379 378/386/378 360/360/360
f 378/386/378 376/383/376 360/360/360
f 360/360/360 376/383/376 375/382/375
f 359/359/359 360/360/360 375/382/375
f 360/360/360 359/359/359 357/357/357
f 359/359/359 358/358/358 357/357/357
f 358/358/358 359/359/359 361/361/361
f 361/361/361 359/359/359 375/382/375
f 362/362/362 358/358/358 361/361/361
f 362/362/362 361/361/361 3/363/3
f 361/361/361 2/364/2 3/363/3
f 362/362/362 3/363/3 5/365/5
f 363/367/363 362/362/362 5/365/5
f 350/350/350 363/367/363 5/365/5
f 352/352/352 350/350/350 5/365/5
f 350/350/350 352/352/352 353/353/353
f 353/353/353 352/352/352 351/351/351
f 351/351/351 352/352/352 5/365/5
f 354/354/354 353/353/353 351/351/351
f 347/347/347 350/350/350 353/353/353
f 347/347/347 344/344/344 350/350/350
f 344/344/344 347/347/347 342/342/342
f 345/345/345 344/344/344 342/342/342
f 343/343/343 345/345/345 342/342/342
f 305/305/305 343/343/343 342/342/342
f 304/304/304 305/305/305 342/342/342
f 305/305/305 304/304/304 302/302/302
f 305/305/305 302/302/302 343/343/343
f 304/304/304 303/303/303 302/302/302
f 303/303/303 304/304/304 306/306/306
f 306/306/306 304/304/304 342/342/342
f 307/307/307 303/303/303 306/306/306
f 307/307/307 306/306/306 310/310/310
f 306/306/306 309/309/309 310/310/310
f 310/310/310 309/309/309 308/308/308
f 311/311/311 310/310/310 308/308/308
f 312/312/312 310/310/310 311/311/311
f 313/313/313 312/312/312 311/311/311
f 310/310/310 312/312/312 314/314/314
f 307/307/307 310/310/310 314/314/314
f 307/307/307 314/314/314 303/303/303
f 302/302/302 303/303/303 315/315/315
f 303/303/303 316/316/316 315/315/315
f 314/314/314 316/316/316 303/303/303
f 313/313/313 311/311/311 323/323/323
f 311/311/311 324/324/324 323/323/323
f 311/311/311 308/308/308 324/324/324
f 321/321/321 323/323/323 324/324/324
f 320/320/320 321/321/321 324/324/324
f 320/320/320 317/317/317 321/321/321
f 320/320/320 319/319/319 317/317/317
f 319/319/319 318/318/318 317/317/317
f 317/317/317 322/322/322 321/321/321
f 308/308/308 325/325/325 324/324/324
f 320/320/320 324/324/324 325/325/325
f 319/319/319 320/320/320 325/325/325
f 313/313/313 323/323/323 332/332/332
f 323/323/323 321/321/321 332/332/332
f 333/333/333 313/313/313 332/332/332
f 321/321/321 329/329/329 332/332/332
f 321/321/321 322/322/322 329/329/329
f 332/332/332 329/329/329 327/327/327
f 327/327/327 329/329/329 328/328/328
f 322/322/322 328/328/328 329/329/329
f 326/326/326 327/327/327 328/328/328
f 61/61/61 327/327/327 326/326/326
f 64/64/64 61/61/61 326/326/326
f 327/327/327 61/61/61 330/330/330
f 330/330/330 332/332/332 327/327/327
f 61/61/61 70/70/70 330/330/330
f 70/70/70 67/67/67 330/330/330
f 67/67/67 331/331/331 330/330/330
f 332/332/332 330/330/330 331/331/331
f 333/333/333 332/332/332 331/331/331
f 316/316/316 314/314/314 337/337/337
f 315/315/315 316/316/316 337/337/337
f 338/338/338 315/315/315 337/337/337
f 314/314/314 339/339/339 337/337/337
f 337/337/337 339/339/339 336/336/336
f 334/334/334 337/337/337 336/336/336
f 336/336/336 77/77/77 334/334/334
f 77/77/77 76/76/76 334/334/334
f 76/76/76 73/73/73 334/334/334
f 73/73/73 335/335/335 334/334/334
f 337/337/337 334/334/334 335/335/335
f 338/338/338 337/337/337 335/335/335
f 313/313/313 333/333/333 340/340/340
f 339/339/339 314/314/314 340/340/340
f 333/333/333 331/331/331 340/340/340
f 312/312/312 313/313/313 340/340/340
f 314/314/314 312/312/312 340/340/340
f 331/331/331 67/67/67 341/341/341
f 77/77/77 336/336/336 341/341/341
f 341/341/341 336/336/336 339/339/339
f 340/340/340 341/341/341 339/339/339
f 331/331/331 341/341/341 340/340/340
f 67/67/67 83/83/83 341/341/341
f 83/83/83 77/77/77 341/341/341
f 335/335/335 73/73/73 392/400/392
f 73/73/73 157/157/157 392/400/392
f 157/157/157 159/159/159 392/400/392
f 159/159/159 393/401/393 392/400/392
f 392/400/392 393/401/393 394/402/394
f 335/335/335 392/400/392 394/402/394
f 338/338/338 335/335/335 394/402/394
f 315/315/315 338/338/338 394/402/394
f 393/401/393 395/403/395 394/402/394
f 396/404/396 393/401/393 159/159/159
f 393/401/393 396/404/396 395/403/395
f 164/164/164 396/404/396 159/159/159
f 396/404/396 397/405/397 395/403/395
f 389/397/389 395/403/395 397/405/397
f 395/403/395 389/397/389 394/402/394
f 391/399/391 389/397/389 397/405/397
f 389/397/389 391/399/391 390/398/390
f 387/395/387 389/397/389 390/398/390
f 387/395/387 386/394/386 389/397/389
f 343/343/343 386/394/386 387/395/387
f 302/302/302 386/394/386 343/343/343
f 302/302/302 315/315/315 386/394/386
f 345/345/345 343/343/343 387/395/387
f 387/395/387 390/398/390 345/345/345
f 315/315/315 388/396/388 386/394/386
f 386/394/386 388/396/388 389/397/389
f 388/396/388 315/315/315 394/402/394
f 389/397/389 388/396/388 394/402/394
f 390/398/390 349/349/349 345/345/345
f 349/349/349 348/348/348 345/345/345
f 348/348/348 344/344/344 345/345/345
f 344/344/344 348/348/348 350/350/350
f 348/348/348 349/349/349 364/368/364
f 350/350/350 348/348/348 364/368/364
f 349/349/349 365/369/365 364/368/364
f 349/349/349 390/398/390 365/369/365
f 365/369/365 357/357/357 364/368/364
f 357/357/357 358/358/358 364/368/364
f 358/358/358 362/362/362 364/368/364
f 362/362/362 363/367/363 364/368/364
f 363/367/363 350/350/350 364/368/364
f 391/399/391 397/405/397 401/409/401
f 397/405/397 396/404/396 401/409/401
f 402/410/402 391/399/391 401/409/401
f 400/408/400 402/410/402 401/409/401
f 399/407/399 400/408/400 401/409/401
f 400/408/400 399/407/399 381/389/381
f 399/407/399 384/392/384 381/389/381
f 383/391/383 384/392/384 399/407/399
f 398/406/398 383/391/383 399/407/399
f 383/391/383 398/406/398 167/167/167
f 167/167/167 398/406/398 403/411/403
f 403/411/403 398/406/398 399/407/399
f 401/409/401 403/411/403 399/407/399
f 396/404/396 403/411/403 401/409/401
f 396/404/396 164/164/164 403/411/403
f 164/164/164 172/172/172 403/411/403
f 172/172/172 167/167/167 403/411/403
f 390/398/390 405/413/405 365/369/365
f 357/357/357 365/369/365 405/413/405
f 391/399/391 402/410/402 405/413/405
f 390/398/390 391/399/391 405/413/405
f 405/413/405 402/410/402 400/408/400
f 404/412/404 357/357/357 405/413/405
f 404/412/404 405/413/405 400/408/400
f 404/412/404 400/408/400 381/389/381
f 360/360/360 357/357/357 404/412/404
f 379/387/379 360/360/360 404/412/404
f 379/387/379 404/412/404 381/389/381
f 151/151/151 153/153/153 51/51/51
f 154/154/154 153/153/153 151/151/151
f 153/153/153 162/162/162 51/51/51
f 162/162/162 153/153/153 154/154/154
f 178/178/178 177/177/177 176/176/176
f 179/179/179 178/178/178 176/176/176
f 177/177/177 178/178/178 180/180/180
f 181/181/181 177/177/177 180/180/180
f 181/181/181 180/180/180 184/184/184
f 180/180/180 183/183/183 184/184/184
f 184/184/184 183/183/183 182/182/182
f 185/185/185 184/184/184 182/182/182
f 186/186/186 184/184/184 185/185/185
f 187/187/187 186/186/186 185/185/185
f 184/184/184 186/186/186 188/188/188
f 181/181/181 184/184/184 188/188/188
f 181/181/181 188/188/188 177/177/177
f 176/176/176 177/177/177 189/189/189
f 177/177/177 190/190/190 189/189/189
f 188/188/188 190/190/190 177/177/177
f 187/187/187 185/185/185 194/194/194
f 185/185/185 195/195/195 194/194/194
f 185/185/185 182/182/182 195/195/195
f 193/193/193 194/194/194 195/195/195
f 192/192/192 193/193/193 195/195/195
f 192/192/192 54/54/54 193/193/193
f 192/192/192 191/191/191 54/54/54
f 191/191/191 53/53/53 54/54/54
f 54/54/54 56/56/56 193/193/193
f 182/182/182 196/196/196 195/195/195
f 192/192/192 195/195/195 196/196/196
f 191/191/191 192/192/192 196/196/196
f 187/187/187 194/194/194 204/204/204
f 194/194/194 193/193/193 204/204/204
f 205/205/205 187/187/187 204/204/204
f 193/193/193 199/199/199 204/204/204
f 193/193/193 56/56/56 199/199/199
f 204/204/204 199/199/199 197/197/197
f 197/197/197 199/199/199 66/66/66
f 56/56/56 66/66/66 199/199/199
f 63/63/63 197/197/197 66/66/66
f 198/198/198 197/197/197 63/63/63
f 64/64/64 198/198/198 63/63/63
f 197/197/197 198/198/198 200/200/200
f 200/200/200 204/204/204 197/197/197
f 198/198/198 203/203/203 200/200/200
f 203/203/203 202/202/202 200/200/200
f 202/202/202 201/201/201 200/200/200
f 204/204/204 200/200/200 201/201/201
f 205/205/205 204/204/204 201/201/201
f 190/190/190 188/188/188 212/212/212
f 189/189/189 190/190/190 212/212/212
f 213/213/213 189/189/189 212/212/212
f 188/188/188 214/214/214 212/212/212
f 212/212/212 214/214/214 211/211/211
f 206/206/206 212/212/212 211/211/211
f 211/211/211 210/210/210 206/206/206
f 210/210/210 209/209/209 206/206/206
f 209/209/209 208/208/208 206/206/206
f 208/208/208 207/207/207 206/206/206
f 212/212/212 206/206/206 207/207/207
f 213/213/213 212/212/212 207/207/207
f 187/187/187 205/205/205 215/215/215
f 214/214/214 188/188/188 215/215/215
f 205/205/205 201/201/201 215/215/215
f 186/186/186 187/187/187 215/215/215
f 188/188/188 186/186/186 215/215/215
f 201/201/201 202/202/202 216/216/216
f 210/210/210 211/211/211 216/216/216
f 216/216/216 211/211/211 214/214/214
f 215/215/215 216/216/216 214/214/214
f 201/201/201 216/216/216 215/215/215
f 202/202/202 217/217/217 216/216/216
f 217/217/217 210/210/210 216/216/216
f 207/207/207 208/208/208 283/283/283
f 208/208/208 284/284/284 283/283/283
f 284/284/284 286/286/286 283/283/283
f 286/286/286 285/285/285 283/283/283
f 283/283/283 285/285/285 287/287/287
f 207/207/207 283/283/283 287/287/287
f 213/213/213 207/207/207 287/287/287
f 189/189/189 213/213/213 287/287/287
f 285/285/285 288/288/288 287/287/287
f 289/289/289 285/285/285 286/286/286
f 285/285/285 289/289/289 288/288/288
f 290/290/290 289/289/289 286/286/286
f 289/289/289 291/291/291 288/288/288
f 280/280/280 288/288/288 291/291/291
f 288/288/288 280/280/280 287/287/287
f 282/282/282 280/280/280 291/291/291
f 280/280/280 282/282/282 281/281/281
f 278/278/278 280/280/280 281/281/281
f 278/278/278 277/277/277 280/280/280
f 219/219/219 277/277/277 278/278/278
f 176/176/176 277/277/277 219/219/219
f 176/176/176 189/189/189 277/277/277
f 179/179/179 176/176/176 219/219/219
f 179/179/179 219/219/219 218/218/218
f 178/178/178 179/179/179 218/218/218
f 219/219/219 221/221/221 218/218/218
f 221/221/221 219/219/219 278/278/278
f 278/278/278 281/281/281 221/221/221
f 221/221/221 220/220/220 218/218/218
f 220/220/220 223/223/223 218/218/218
f 223/223/223 222/222/222 218/218/218
f 180/180/180 178/178/178 218/218/218
f 222/222/222 180/180/180 218/218/218
f 224/224/224 220/220/220 221/221/221
f 225/225/225 224/224/224 221/221/221
f 281/281/281 225/225/225 221/221/221
f 220/220/220 224/224/224 226/226/226
f 223/223/223 220/220/220 226/226/226
f 223/223/223 226/226/226 229/229/229
f 226/226/226 228/228/228 229/229/229
f 229/229/229 228/228/228 227/227/227
f 230/230/230 229/229/229 227/227/227
f 180/180/180 222/222/222 231/231/231
f 223/223/223 229/229/229 231/231/231
f 222/222/222 223/223/223 231/231/231
f 229/229/229 230/230/230 231/231/231
f 183/183/183 180/180/180 231/231/231
f 182/182/182 183/183/183 231/231/231
f 232/232/232 182/182/182 231/231/231
f 230/230/230 232/232/232 231/231/231
f 227/227/227 228/228/228 243/243/243
f 228/228/228 226/226/226 243/243/243
f 244/244/244 227/227/227 243/243/243
f 226/226/226 245/245/245 243/243/243
f 245/245/245 238/238/238 243/243/243
f 238/238/238 241/241/241 243/243/243
f 238/238/238 237/237/237 241/241/241
f 238/238/238 234/234/234 237/237/237
f 234/234/234 235/235/235 237/237/237
f 235/235/235 234/234/234 233/233/233
f 236/236/236 235/235/235 233/233/233
f 237/237/237 240/240/240 241/241/241
f 241/241/241 240/240/240 239/239/239
f 242/242/242 241/241/241 239/239/239
f 242/242/242 244/244/244 243/243/243
f 241/241/241 242/242/242 243/243/243
f 233/233/233 234/234/234 246/246/246
f 238/238/238 245/245/245 246/246/246
f 234/234/234 238/238/238 246/246/246
f 245/245/245 226/226/226 246/246/246
f 247/247/247 233/233/233 246/246/246
f 225/225/225 247/247/247 246/246/246
f 224/224/224 225/225/225 246/246/246
f 226/226/226 224/224/224 246/246/246
f 227/227/227 244/244/244 252/252/252
f 244/244/244 242/242/242 252/252/252
f 253/253/253 227/227/227 252/252/252
f 242/242/242 254/254/254 252/252/252
f 242/242/242 239/239/239 254/254/254
f 254/254/254 249/249/249 252/252/252
f 249/249/249 250/250/250 252/252/252
f 249/249/249 117/117/117 250/250/250
f 249/249/249 248/248/248 117/117/117
f 248/248/248 116/116/116 117/117/117
f 117/117/117 120/120/120 250/250/250
f 250/250/250 120/120/120 121/121/121
f 251/251/251 250/250/250 121/121/121
f 251/251/251 253/253/253 252/252/252
f 250/250/250 251/251/251 252/252/252
f 239/239/239 255/255/255 254/254/254
f 249/249/249 254/254/254 255/255/255
f 248/248/248 249/249/249 255/255/255
f 227/227/227 253/253/253 259/259/259
f 259/259/259 253/253/253 251/251/251
f 230/230/230 227/227/227 259/259/259
f 230/230/230 259/259/259 258/258/258
f 232/232/232 230/230/230 258/258/258
f 182/182/182 232/232/232 258/258/258
f 196/196/196 182/182/182 258/258/258
f 259/259/259 257/257/257 258/258/258
f 257/257/257 259/259/259 251/251/251
f 257/257/257 251/251/251 121/121/121
f 257/257/257 256/256/256 258/258/258
f 128/128/128 256/256/256 257/257/257
f 191/191/191 256/256/256 128/128/128
f 191/191/191 196/196/196 258/258/258
f 256/256/256 191/191/191 258/258/258
f 53/53/53 191/191/191 128/128/128
f 130/130/130 128/128/128 257/257/257
f 130/130/130 257/257/257 121/121/121
f 116/116/116 248/248/248 134/134/134
f 248/248/248 260/260/260 134/134/134
f 255/255/255 239/239/239 261/261/261
f 248/248/248 255/255/255 261/261/261
f 260/260/260 248/248/248 261/261/261
f 239/239/239 262/262/262 261/261/261
f 262/262/262 239/239/239 266/266/266
f 239/239/239 240/240/240 266/266/266
f 240/240/240 237/237/237 266/266/266
f 237/237/237 265/265/265 266/266/266
f 265/265/265 237/237/237 263/263/263
f 237/237/237 235/235/235 263/263/263
f 235/235/235 236/236/236 263/263/263
f 236/236/236 264/264/264 263/263/263
f 267/267/267 264/264/264 236/236/236
f 268/268/268 267/267/267 236/236/236
f 269/269/269 267/267/267 268/268/268
f 270/270/270 269/269/269 268/268/268
f 269/269/269 270/270/270 276/276/276
f 270/270/270 275/275/275 276/276/276
f 271/271/271 276/276/276 275/275/275
f 274/274/274 271/271/271 275/275/275
f 274/274/274 273/273/273 271/271/271
f 273/273/273 272/272/272 271/271/271
f 273/273/273 274/274/274 292/292/292
f 274/274/274 293/293/293 292/292/292
f 294/294/294 275/275/275 270/270/270
f 274/274/274 275/275/275 294/294/294
f 293/293/293 274/274/274 294/294/294
f 295/295/295 294/294/294 270/270/270
f 294/294/294 295/295/295 296/296/296
f 295/295/295 297/297/297 296/296/296
f 297/297/297 282/282/282 296/296/296
f 282/282/282 291/291/291 296/296/296
f 292/292/292 293/293/293 298/298/298
f 298/298/298 293/293/293 294/294/294
f 296/296/296 298/298/298 294/294/294
f 299/299/299 292/292/292 298/298/298
f 290/290/290 299/299/299 298/298/298
f 289/289/289 290/290/290 298/298/298
f 289/289/289 298/298/298 296/296/296
f 291/291/291 289/289/289 296/296/296
f 268/268/268 236/236/236 300/300/300
f 300/300/300 295/295/295 270/270/270
f 268/268/268 300/300/300 270/270/270
f 236/236/236 233/233/233 300/300/300
f 300/300/300 233/233/233 301/301/301
f 282/282/282 297/297/297 301/301/301
f 301/301/301 297/297/297 295/295/295
f 300/300/300 301/301/301 295/295/295
f 233/233/233 247/247/247 301/301/301
f 281/281/281 301/301/301 247/247/247
f 281/281/281 282/282/282 301/301/301
f 225/225/225 281/281/281 247/247/247
f 478/493/478 272/272/272 273/273/273
f 479/494/479 478/493/478 273/273/273
f 273/273/273 292/292/292 479/494/479
f 479/494/479 481/496/481 478/493/478
f 481/496/481 480/495/480 478/493/478
f 480/495/480 481/496/481 477/492/477
f 476/491/476 480/495/480 477/492/477
f 477/492/477 475/490/475 476/491/476
f 475/490/475 474/489/474 476/491/476
f 475/490/475 459/467/459 474/489/474
f 459/467/459 471/485/471 474/489/474
f 472/486/472 471/485/471 459/467/459
f 456/464/456 472/486/472 459/467/459
f 459/467/459 458/466/458 456/464/456
f 458/466/458 457/465/457 456/464/456
f 460/468/460 456/464/456 457/465/457
f 472/486/472 456/464/456 460/468/460
f 461/469/461 460/468/460 457/465/457
f 461/469/461 21/471/21 460/468/460
f 21/471/21 22/470/22 460/468/460
f 26/472/26 21/471/21 461/469/461
f 462/474/462 26/472/26 461/469/461
f 26/472/26 462/474/462 449/457/449
f 451/459/451 26/472/26 449/457/449
f 450/458/450 451/459/451 449/457/449
f 452/460/452 451/459/451 450/458/450
f 26/472/26 451/459/451 452/460/452
f 453/461/453 452/460/452 450/458/450
f 445/453/445 450/458/450 449/457/449
f 445/453/445 449/457/449 444/452/444
f 444/452/444 442/450/442 445/453/445
f 442/450/442 444/452/444 443/451/443
f 441/449/441 442/450/442 443/451/443
f 442/450/442 441/449/441 409/417/409
f 406/414/406 442/450/442 409/417/409
f 409/417/409 408/416/408 406/414/406
f 409/417/409 441/449/441 408/416/408
f 408/416/408 407/415/407 406/414/406
f 410/418/410 406/414/406 407/415/407
f 442/450/442 406/414/406 410/418/410
f 411/419/411 410/418/410 407/415/407
f 411/419/411 412/420/412 410/418/410
f 412/420/412 413/421/413 410/418/410
f 414/422/414 413/421/413 412/420/412
f 415/423/415 414/422/414 412/420/412
f 415/423/415 412/420/412 416/424/416
f 417/425/417 415/423/415 416/424/416
f 418/426/418 416/424/416 412/420/412
f 411/419/411 418/426/418 412/420/412
f 411/419/411 407/415/407 418/426/418
f 408/416/408 420/428/420 407/415/407
f 420/428/420 419/427/419 407/415/407
f 407/415/407 419/427/419 418/426/418
f 417/425/417 425/433/425 415/423/415
f 425/433/425 424/432/424 415/423/415
f 415/423/415 424/432/424 414/422/414
f 424/432/424 425/433/425 423/431/423
f 422/430/422 424/432/424 423/431/423
f 422/430/422 423/431/423 317/317/317
f 422/430/422 317/317/317 421/429/421
f 317/317/317 318/318/318 421/429/421
f 423/431/423 322/322/322 317/317/317
f 424/432/424 426/434/426 414/422/414
f 426/434/426 424/432/424 422/430/422
f 421/429/421 426/434/426 422/430/422
f 431/439/431 425/433/425 417/425/417
f 425/433/425 431/439/431 423/431/423
f 432/440/432 431/439/431 417/425/417
f 431/439/431 428/436/428 423/431/423
f 423/431/423 428/436/428 322/322/322
f 427/435/427 428/436/428 431/439/431
f 328/328/328 428/436/428 427/435/427
f 428/436/428 328/328/328 322/322/322
f 326/326/326 328/328/328 427/435/427
f 326/326/326 427/435/427 198/198/198
f 64/64/64 326/326/326 198/198/198
f 427/435/427 430/438/430 198/198/198
f 430/438/430 427/435/427 431/439/431
f 430/438/430 203/203/203 198/198/198
f 203/203/203 430/438/430 202/202/202
f 430/438/430 429/437/429 202/202/202
f 429/437/429 430/438/430 431/439/431
f 432/440/432 429/437/429 431/439/431
f 419/427/419 436/444/436 418/426/418
f 436/444/436 419/427/419 420/428/420
f 437/445/437 436/444/436 420/428/420
f 436/444/436 438/446/438 418/426/418
f 435/443/435 438/446/438 436/444/436
f 434/442/434 435/443/435 436/444/436
f 435/443/435 434/442/434 210/210/210
f 434/442/434 209/209/209 210/210/210
f 209/209/209 434/442/434 208/208/208
f 434/442/434 433/441/433 208/208/208
f 433/441/433 434/442/434 436/444/436
f 437/445/437 433/441/433 436/444/436
f 439/447/439 432/440/432 417/425/417
f 438/446/438 439/447/439 418/426/418
f 432/440/432 439/447/439 429/437/429
f 416/424/416 439/447/439 417/425/417
f 439/447/439 416/424/416 418/426/418
f 429/437/429 440/448/440 202/202/202
f 440/448/440 435/443/435 210/210/210
f 438/446/438 435/443/435 440/448/440
f 439/447/439 438/446/438 440/448/440
f 439/447/439 440/448/440 429/437/429
f 440/448/440 217/217/217 202/202/202
f 217/217/217 440/448/440 210/210/210
f 433/441/433 488/503/488 208/208/208
f 488/503/488 284/284/284 208/208/208
f 284/284/284 488/503/488 286/286/286
f 488/503/488 489/504/489 286/286/286
f 488/503/488 491/506/491 489/504/489
f 491/506/491 488/503/488 433/441/433
f 437/445/437 491/506/491 433/441/433
f 491/506/491 437/445/437 420/428/420
f 491/506/491 490/505/490 489/504/489
f 286/286/286 489/504/489 492/507/492
f 489/504/489 490/505/490 492/507/492
f 290/290/290 286/286/286 492/507/492
f 490/505/490 493/508/493 492/507/492
f 493/508/493 490/505/490 485/500/485
f 490/505/490 491/506/491 485/500/485
f 486/501/486 493/508/493 485/500/485
f 487/502/487 486/501/486 485/500/485
f 483/498/483 487/502/487 485/500/485
f 483/498/483 485/500/485 482/497/482
f 483/498/483 482/497/482 441/449/441
f 441/449/441 482/497/482 408/416/408
f 408/416/408 482/497/482 420/428/420
f 443/451/443 483/498/483 441/449/441
f 483/498/483 443/451/443 487/502/487
f 482/497/482 484/499/484 420/428/420
f 485/500/485 484/499/484 482/497/482
f 484/499/484 491/506/491 420/428/420
f 491/506/491 484/499/484 485/500/485
f 443/451/443 448/456/448 487/502/487
f 448/456/448 443/451/443 447/455/447
f 443/451/443 444/452/444 447/455/447
f 449/457/449 447/455/447 444/452/444
f 447/455/447 464/476/464 448/456/448
f 464/476/464 447/455/447 449/457/449
f 464/476/464 463/475/463 448/456/448
f 448/456/448 463/475/463 487/502/487
f 463/475/463 464/476/464 458/466/458
f 464/476/464 457/465/457 458/466/458
f 457/465/457 464/476/464 461/469/461
f 464/476/464 462/474/462 461/469/461
f 462/474/462 464/476/464 449/457/449
f 497/512/497 493/508/493 486/501/486
f 493/508/493 497/512/497 492/507/492
f 498/513/498 497/512/497 486/501/486
f 497/512/497 498/513/498 496/511/496
f 495/510/495 497/512/497 496/511/496
f 496/511/496 477/492/477 495/510/495
f 477/492/477 481/496/481 495/510/495
f 495/510/495 481/496/481 479/494/479
f 494/509/494 495/510/495 479/494/479
f 292/292/292 494/509/494 479/494/479
f 499/514/499 494/509/494 292/292/292
f 495/510/495 494/509/494 499/514/499
f 497/512/497 495/510/495 499/514/499
f 497/512/497 499/514/499 492/507/492
f 492/507/492 499/514/499 290/290/290
f 499/514/499 299/299/299 290/290/290
f 299/299/299 499/514/499 292/292/292
f 463/475/463 501/516/501 487/502/487
f 501/516/501 463/475/463 458/466/458
f 501/516/501 498/513/498 486/501/486
f 487/502/487 501/516/501 486/501/486
f 496/511/496 498/513/498 501/516/501
f 500/515/500 501/516/501 458/466/458
f 500/515/500 496/511/496 501/516/501
f 477/492/477 496/511/496 500/515/500
f 500/515/500 458/466/458 459/467/459
f 475/490/475 500/515/500 459/467/459
f 475/490/475 477/492/477 500/515/500
f 189/189/189 279/279/279 277/277/277
f 277/277/277 279/279/279 280/280/280
f 279/279/279 189/189/189 287/287/287
f 280/280/280 279/279/279 287/287/287
f 347/347/347 346/346/346 342/342/342
f 346/346/346 306/306/306 342/342/342
f 306/306/306 346/346/346 355/355/355
f 346/346/346 347/347/347 355/355/355
f 309/309/309 306/306/306 355/355/355
f 308/308/308 309/309/309 355/355/355
f 356/356/356 308/308/308 355/355/355
f 347/347/347 353/353/353 355/355/355
f 354/354/354 356/356/356 355/355/355
f 353/353/353 354/354/354 355/355/355
f 308/308/308 356/356/356 373/380/373
f 356/356/356 354/354/354 373/380/373
f 325/325/325 308/308/308 373/380/373
f 354/354/354 374/381/374 373/380/373
f 374/381/374 371/378/371 373/380/373
f 371/378/371 370/377/370 373/380/373
f 369/376/369 370/377/370 371/378/371
f 319/319/319 370/377/370 369/376/369
f 319/319/319 325/325/325 373/380/373
f 370/377/370 319/319/319 373/380/373
f 318/318/318 319/319/319 369/376/369
f 372/379/372 369/376/369 371/378/371
f 354/354/354 351/351/351 374/381/374
f 351/351/351 368/375/368 374/381/374
f 368/375/368 351/351/351 13/374/13
f 351/351/351 6/366/6 13/374/13
f 6/366/6 351/351/351 5/365/5
f 367/373/367 368/375/368 13/374/13
f 374/381/374 368/375/368 367/373/367
f 371/378/371 374/381/374 367/373/367
f 11/372/11 367/373/367 13/374/13
f 367/373/367 11/372/11 366/370/366
f 371/378/371 367/373/367 366/370/366
f 372/379/372 371/378/371 366/370/366
f 11/372/11 12/371/12 366/370/366
f 366/370/366 12/371/12 29/477/29
f 465/478/465 366/370/366 29/477/29
f 29/477/29 31/479/31 465/478/465
f 31/479/31 466/480/466 465/478/465
f 466/480/466 31/479/31 452/460/452
f 31/479/31 25/473/25 452/460/452
f 25/473/25 26/472/26 452/460/452
f 318/318/318 369/376/369 421/429/421
f 369/376/369 467/481/467 421/429/421
f 468/482/468 467/481/467 369/376/369
f 372/379/372 468/482/468 369/376/369
f 366/370/366 465/478/465 468/482/468
f 372/379/372 366/370/366 468/482/468
f 469/483/469 467/481/467 468/482/468
f 467/481/467 469/483/469 421/429/421
f 470/484/470 469/483/469 468/482/468
f 470/484/470 466/480/466 452/460/452
f 465/478/465 466/480/466 470/484/470
f 468/482/468 465/478/465 470/484/470
f 469/483/469 470/484/470 453/461/453
f 453/461/453 470/484/470 452/460/452
f 455/463/455 469/483/469 453/461/453
f 454/462/454 455/463/455 453/461/453
f 455/463/455 454/462/454 414/422/414
f 469/483/469 455/463/455 414/422/414
f 454/462/454 413/421/413 414/422/414
f 413/421/413 454/462/454 410/418/410
f 454/462/454 446/454/446 410/418/410
f 446/454/446 442/450/442 410/418/410
f 442/450/442 446/454/446 445/453/445
f 446/454/446 454/462/454 445/453/445
f 454/462/454 450/458/450 445/453/445
f 450/458/450 454/462/454 453/461/453
f 426/434/426 469/483/469 414/422/414
f 469/483/469 426/434/426 421/429/421
f 377/384/377 361/361/361 375/382/375
f 361/361/361 377/384/377 20/385/20
f 2/364/2 361/361/361 20/385/20
f 473/487/473 472/486/472 460/468/460
f 36/488/36 473/487/473 460/468/460
f 22/470/22 36/488/36 460/468/460
v -0.284927 0.316153 0.442963
vt 0.07812549 2.789074
vn -0.463228 -0.466779 0.753351
v -0.289677 0.383351 0.476203
vt 0.07812549 2.851574
vn -0.477084 -0.358356 0.802478
v -0.225334 0.37554 0.506864
vt 0.1831066 2.851574
vn -0.362251 -0.371842 0.854697
v -0.222279 0.304579 0.470881
vt 0.1826183 2.789074
vn -0.357265 -0.489803 0.79527
v -0.340399 0.327496 0.410075
vt 0.007812549 2.789074
vn -0.568282 -0.437486 0.696895
v -0.347947 0.3909 0.439487
vt 0.007812549 2.851574
vn -0.585548 -0.339392 0.73617
v -0.281184 0.255681 0.401763
vt 0.07812549 2.753429
vn -0.449763 -0.572877 0.685219
v -0.333841 0.272417 0.373239
vt 0.007812549 2.753429
vn -0.54863 -0.537516 0.640377
v -0.220022 0.240148 0.426099
vt 0.1811535 2.753429
vn -0.349707 -0.599882 0.719616
v 0 0.362608 0.550726
vt 0.4995149 2.851574
vn 0 -0.382204 0.924078
v 0 0.286278 0.511427
vt 0.4995149 2.789074
vn 0 -0.510323 0.859983
v -0.078795 0.288773 0.506655
vt 0.3920923 2.789074
vn -0.118025 -0.509264 0.852479
v -0.079621 0.3644 0.5453
vt 0.3925806 2.851574
vn -0.117126 -0.380312 0.917412
v 0 0.216509 0.461112
vt 0.4995149 2.753429
vn 0 -0.631655 0.77525
v -0.077952 0.219834 0.456727
vt 0.391604 2.753429
vn -0.121153 -0.628746 0.768115
v -0.153241 0.294924 0.492546
vt 0.2871112 2.789074
vn -0.242433 -0.503784 0.829113
v -0.154997 0.368954 0.530432
vt 0.2880878 2.851574
vn -0.239389 -0.377293 0.894619
v -0.151644 0.228049 0.444571
vt 0.2856463 2.753429
vn -0.243994 -0.618201 0.747191
v -0.080693 0.445157 0.572904
vt 0.3925806 2.90968
vn -0.119763 -0.248686 0.961151
v -0.081224 0.524797 0.588429
vt 0.3930689 2.97218
vn -0.122623 -0.146121 0.981638
v 0 0.52494 0.594812
vt 0.4995149 2.97218
vn 0 -0.147412 0.989075
v 0 0.443869 0.578871
vt 0.4995149 2.90968
vn 0 -0.251204 0.967934
v -0.157919 0.525882 0.572056
vt 0.2890643 2.97218
vn -0.237843 -0.142786 0.960751
v -0.156896 0.448121 0.557068
vt 0.2880878 2.90968
vn -0.236843 -0.245301 0.940071
v -0.228337 0.45232 0.532648
vt 0.1835949 2.90968
vn -0.359723 -0.24592 0.900068
v -0.229789 0.525225 0.546718
vt 0.1845715 2.97218
vn -0.355398 -0.141174 0.923992
v -0.294506 0.457 0.500704
vt 0.07812549 2.90968
vn -0.482128 -0.247621 0.840379
v -0.355341 0.461283 0.461748
vt 0.007812549 2.90968
vn -0.594433 -0.245914 0.765621
v -0.296851 0.526178 0.513753
vt 0.07812549 2.97218
vn -0.478843 -0.145108 0.865825
v -0.358647 0.526295 0.473749
vt 0.007812549 2.97218
vn -0.59751 -0.151152 0.787486
v 0.225334 0.37554 0.506864
vt 0.8159231 2.851574
vn 0.362255 -0.371837 0.854698
v 0.289677 0.383351 0.476203
vt 0.9218808 2.851574
vn 0.477072 -0.358348 0.802489
v 0.284927 0.316153 0.442963
vt 0.9218808 2.789074
vn 0.463223 -0.466774 0.753357
v 0.222279 0.304579 0.470881
vt 0.8168997 2.789074
vn 0.357265 -0.489792 0.795277
v 0.347947 0.3909 0.439487
vt 0.9921938 2.851574
vn 0.585544 -0.339388 0.736175
v 0.340399 0.327496 0.410075
vt 0.9921938 2.789074
vn 0.568282 -0.437487 0.696894
v 0.333841 0.272417 0.373239
vt 0.9921938 2.753429
vn 0.548629 -0.537516 0.640377
v 0.281184 0.255681 0.401763
vt 0.9218808 2.753429
vn 0.449764 -0.572876 0.685219
v 0.220022 0.240148 0.426099
vt 0.8178763 2.753429
vn 0.349707 -0.599882 0.719616
v 0.078795 0.288773 0.506655
vt 0.6069374 2.789074
vn 0.118025 -0.509263 0.852479
v 0.079621 0.3644 0.5453
vt 0.6064491 2.851574
vn 0.117127 -0.380312 0.917412
v 0.077952 0.219834 0.456727
vt 0.6074257 2.753429
vn 0.121153 -0.628746 0.768115
v 0.153241 0.294924 0.492546
vt 0.7119185 2.789074
vn 0.24244 -0.503777 0.829115
v 0.154997 0.368954 0.530432
vt 0.710942 2.851574
vn 0.239402 -0.377292 0.894616
v 0.151644 0.228049 0.444571
vt 0.7133834 2.753429
vn 0.243995 -0.6182 0.747191
v 0.081224 0.524797 0.588429
vt 0.6059608 2.97218
vn 0.122624 -0.146121 0.981637
v 0.080693 0.445157 0.572904
vt 0.6064491 2.90968
vn 0.119764 -0.248686 0.961151
v 0.228337 0.45232 0.532648
vt 0.8154348 2.90968
vn 0.35973 -0.245933 0.900062
v 0.156896 0.448121 0.557068
vt 0.710942 2.90968
vn 0.236849 -0.245307 0.940068
v 0.157919 0.525882 0.572056
vt 0.7099654 2.97218
vn 0.237842 -0.142786 0.960752
v 0.229789 0.525225 0.546718
vt 0.8144583 2.97218
vn 0.355401 -0.14118 0.92399
v 0.294506 0.457 0.500704
vt 0.9218808 2.90968
vn 0.482121 -0.247631 0.84038
v 0.355341 0.461283 0.461748
vt 0.9921938 2.90968
vn 0.594433 -0.245906 0.765624
v 0.296851 0.526178 0.513753
vt 0.9218808 2.97218
vn 0.478842 -0.145119 0.865824
v 0.358647 0.526295 0.473749
vt 0.9921938 2.97218
vn 0.597526 -0.151155 0.787474
vt 0.007812549 2.996106
vt 0.07812549 2.996106
vt 0.1845715 2.996106
vt 0.2890643 2.996106
vt 0.3930689 2.996106
vt 0.4995149 2.996106
vt 0.6059608 2.996106
vt 0.7099654 2.996106
vt 0.8144583 2.996106
vt 0.9218808 2.996106
vt 0.9921938 2.996106
o Object_2
g polygon_0
usemtl Mouth
f 504/519/504 503/518/503 502/517/502
f 505/520/505 504/519/504 502/517/502
f 503/518/503 507/522/507 502/517/502
f 507/522/507 506/521/506 502/517/502
f 506/521/506 509/524/509 502/517/502
f 509/524/509 508/523/508 502/517/502
f 510/525/510 505/520/505 502/517/502
f 508/523/508 510/525/510 502/517/502
f 504/519/504 505/520/505 517/532/517
f 505/520/505 510/525/510 517/532/517
f 518/533/518 504/519/504 517/532/517
f 510/525/510 519/534/519 517/532/517
f 519/534/519 516/531/516 517/532/517
f 516/531/516 513/528/513 517/532/517
f 516/531/516 515/530/515 513/528/513
f 515/530/515 512/527/512 513/528/513
f 513/528/513 512/527/512 511/526/511
f 514/529/514 513/528/513 511/526/511
f 514/529/514 518/533/518 517/532/517
f 513/528/513 514/529/514 517/532/517
f 504/519/504 518/533/518 526/541/526
f 504/519/504 526/541/526 503/518/503
f 518/533/518 525/540/525 526/541/526
f 525/540/525 518/533/518 514/529/514
f 526/541/526 525/540/525 524/539/524
f 527/542/527 526/541/526 524/539/524
f 525/540/525 520/535/520 524/539/524
f 520/535/520 525/540/525 514/529/514
f 520/535/520 514/529/514 511/526/511
f 520/535/520 521/536/521 524/539/524
f 522/537/522 521/536/521 520/535/520
f 523/538/523 522/537/522 520/535/520
f 523/538/523 520/535/520 511/526/511
f 526/541/526 528/543/528 503/518/503
f 507/522/507 503/518/503 528/543/528
f 529/544/529 507/522/507 528/543/528
f 529/544/529 528/543/528 530/545/530
f 526/541/526 527/542/527 530/545/530
f 528/543/528 526/541/526 530/545/530
f 531/546/531 529/544/529 530/545/530
f 511/526/511 512/527/512 541/556/541
f 541/556/541 512/527/512 515/530/515
f 542/557/542 511/526/511 541/556/541
f 543/558/543 541/556/541 515/530/515
f 544/559/544 541/556/541 543/558/543
f 541/556/541 544/559/544 542/557/542
f 546/561/546 544/559/544 543/558/543
f 544/559/544 546/561/546 540/555/540
f 535/550/535 544/559/544 540/555/540
f 534/549/534 535/550/535 540/555/540
f 535/550/535 534/549/534 532/547/532
f 544/559/544 535/550/535 532/547/532
f 534/549/534 533/548/533 532/547/532
f 533/548/533 534/549/534 536/551/536
f 534/549/534 537/552/537 536/551/536
f 537/552/537 534/549/534 538/553/538
f 534/549/534 539/554/539 538/553/538
f 539/554/539 534/549/534 540/555/540
f 545/560/545 544/559/544 532/547/532
f 544/559/544 545/560/545 542/557/542
f 532/547/532 549/564/549 545/560/545
f 532/547/532 533/548/533 549/564/549
f 549/564/549 550/565/550 545/560/545
f 542/557/542 545/560/545 550/565/550
f 551/566/551 550/565/550 549/564/549
f 552/567/552 551/566/551 549/564/549
f 550/565/550 551/566/551 548/563/548
f 548/563/548 542/557/542 550/565/550
f 511/526/511 542/557/542 548/563/548
f 551/566/551 547/562/547 548/563/548
f 548/563/548 547/562/547 522/537/522
f 523/538/523 548/563/548 522/537/522
f 523/538/523 511/526/511 548/563/548
f 533/548/533 553/568/553 549/564/549
f 553/568/553 533/548/533 536/551/536
f 554/569/554 553/568/553 536/551/536
f 555/570/555 553/568/553 554/569/554
f 555/570/555 552/567/552 549/564/549
f 553/568/553 555/570/555 549/564/549
f 556/571/556 555/570/555 554/569/554
f 16/577/16 522/537/522 547/562/547
f 16/577/16 17/576/17 522/537/522
f 17/576/17 521/536/521 522/537/522
f 521/536/521 17/576/17 524/539/524
f 17/576/17 18/575/18 524/539/524
f 18/575/18 19/574/19 524/539/524
f 19/574/19 527/542/527 524/539/524
f 527/542/527 19/574/19 530/545/530
f 19/574/19 20/573/20 530/545/530
f 20/573/20 377/572/377 530/545/530
f 377/572/377 531/546/531 530/545/530
f 33/578/33 16/577/16 547/562/547
f 547/562/547 551/566/551 33/578/33
f 551/566/551 35/579/35 33/578/33
f 35/579/35 551/566/551 552/567/552
f 34/580/34 35/579/35 552/567/552
f 552/567/552 555/570/555 34/580/34
f 555/570/555 36/581/36 34/580/34
f 36/581/36 555/570/555 556/571/556
f 473/582/473 36/581/36 556/571/556
v -0.372374 0.247385 -0.30918
vt 0.7587938 0.3159136
vn -0.627501 -0.585095 -0.513718
v -0.377946 0.286501 -0.342776
vt 0.7788135 0.3315387
vn -0.641048 -0.499523 -0.582696
v -0.412875 0.294478 -0.308736
vt 0.7993215 0.3217731
vn -0.718642 -0.47708 -0.505913
v -0.400198 0.263419 -0.293047
vt 0.7793018 0.3129839
vn -0.691944 -0.542806 -0.475999
v -0.331374 0.225859 -0.331146
vt 0.7285202 0.3193316
vn -0.538293 -0.632064 -0.557438
v -0.333841 0.272417 -0.37324
vt 0.7485399 0.338863
vn -0.548629 -0.537516 -0.640377
v -0.281184 0.255681 -0.401763
vt 0.7104537 0.3437458
vn -0.449764 -0.572876 -0.685219
v -0.279466 0.20446 -0.352349
vt 0.6918989 0.3222613
vn -0.444352 -0.669759 -0.594958
v -0.218873 0.18463 -0.371542
vt 0.6494182 0.3247027
vn -0.347025 -0.698852 -0.625443
v -0.220022 0.240148 -0.426099
vt 0.664555 0.3476521
vn -0.349707 -0.599882 -0.719616
v -0.225334 0.37554 -0.506865
vt 0.717778 0.398922
vn -0.362255 -0.371836 -0.854698
v -0.289677 0.383351 -0.476203
vt 0.7763721 0.3935509
vn -0.477073 -0.358348 -0.802489
v -0.284927 0.316153 -0.442963
vt 0.7377976 0.3676718
vn -0.463223 -0.466775 -0.753356
v -0.222279 0.304579 -0.470882
vt 0.6870161 0.3725546
vn -0.357266 -0.489792 -0.795277
v -0.347947 0.3909 -0.439487
vt 0.820806 0.3837852
vn -0.585544 -0.339388 -0.736175
v -0.340399 0.327496 -0.410075
vt 0.7788135 0.3598592
vn -0.568282 -0.437487 -0.696894
v -0.444977 0.400517 -0.346965
vt 0.8715875 0.3500935
vn -0.759595 -0.318215 -0.567234
v -0.429154 0.34184 -0.328228
vt 0.8305717 0.3344684
vn -0.742467 -0.397557 -0.539157
v -0.388542 0.336497 -0.371996
vt 0.8095754 0.3486287
vn -0.662675 -0.410242 -0.626549
v -0.400326 0.396718 -0.397094
vt 0.8515679 0.3691366
vn -0.679978 -0.323972 -0.657779
v -0.077712 0.158603 -0.397316
vt 0.5522496 0.3271442
vn -0.123251 -0.735983 -0.665686
v 0 0.154382 -0.401163
vt 0.5000032 0.3271442
vn 0 -0.741125 -0.671367
v 0 0.216509 -0.461113
vt 0.5000032 0.3520467
vn 0 -0.631655 -0.77525
v -0.077952 0.219834 -0.456727
vt 0.558109 0.3515584
vn -0.121154 -0.628746 -0.768115
v -0.078795 0.288773 -0.506656
vt 0.5664098 0.3774375
vn -0.118025 -0.509263 -0.85248
v 0 0.286278 -0.511427
vt 0.5000032 0.3779258
vn 0 -0.510322 -0.859983
v 0 0.362608 -0.550726
vt 0.5000032 0.4047814
vn 0 -0.382204 -0.924078
v -0.079621 0.3644 -0.5453
vt 0.5766638 0.4042931
vn -0.117127 -0.380312 -0.917412
v -0.153241 0.294924 -0.492546
vt 0.6289102 0.3754843
vn -0.24244 -0.503777 -0.829115
v -0.154997 0.368954 -0.530432
vt 0.6499065 0.40234
vn -0.239402 -0.377292 -0.894616
v -0.151644 0.228049 -0.444571
vt 0.6132851 0.3500935
vn -0.243994 -0.6182 -0.747191
v -0.151065 0.168918 -0.387273
vt 0.6025429 0.3261676
vn -0.245143 -0.7204 -0.64879
v 0 0.52494 -0.594813
vt 0.5000032 0.4594693
vn 0 -0.147412 -0.989075
v -0.081224 0.524797 -0.588429
vt 0.6059608 0.4594693
vn -0.122623 -0.146121 -0.981638
v -0.080693 0.445157 -0.572904
vt 0.5903358 0.4321253
vn -0.119764 -0.248686 -0.961151
v 0 0.443869 -0.578871
vt 0.5000032 0.4321253
vn 0 -0.251204 -0.967934
v -0.228337 0.45232 -0.532648
vt 0.7602587 0.428219
vn -0.359731 -0.245932 -0.900062
v -0.156896 0.448121 -0.557068
vt 0.6767621 0.4306605
vn -0.236849 -0.245307 -0.940068
v -0.157919 0.525882 -0.572056
vt 0.704106 0.458981
vn -0.237843 -0.142786 -0.960751
v -0.229789 0.525225 -0.546719
vt 0.810552 0.4570278
vn -0.355402 -0.14118 -0.92399
v -0.457818 0.467721 -0.361908
vt 0.9213926 0.3671835
vn -0.770673 -0.243166 -0.58901
v -0.41039 0.465139 -0.415738
vt 0.9057674 0.3930626
vn -0.690082 -0.242743 -0.681808
v -0.414948 0.526255 -0.425658
vt 0.959967 0.4106408
vn -0.696926 -0.155174 -0.700154
v -0.464038 0.526199 -0.370001
vt 0.9663147 0.3774375
vn -0.780235 -0.157706 -0.605278
v -0.355341 0.461283 -0.461748
vt 0.8784235 0.4130822
vn -0.594434 -0.245902 -0.765624
v -0.358647 0.526295 -0.473749
vt 0.9467833 0.4467738
vn -0.597527 -0.151153 -0.787473
v -0.294506 0.457 -0.500704
vt 0.8320365 0.4233362
vn -0.482121 -0.247629 -0.84038
v -0.296852 0.526178 -0.513753
vt 0.9062557 0.4545864
vn -0.478844 -0.145118 -0.865823
v -0.377868 0.218589 -0.266301
vt 0.7500048 0.3002886
vn -0.634505 -0.643331 -0.428403
v -0.411838 0.250936 -0.258694
vt 0.7793018 0.3012651
vn -0.714404 -0.565676 -0.411871
v -0.333834 0.188946 -0.27913
vt 0.7172897 0.3002886
vn -0.544684 -0.701088 -0.460211
v -0.387556 0.195013 -0.211055
vt 0.7460985 0.282222
vn -0.652639 -0.675412 -0.343337
v -0.427491 0.235277 -0.207723
vt 0.7797901 0.2851517
vn -0.735893 -0.58952 -0.333059
v -0.339893 0.158595 -0.219454
vt 0.7104537 0.2807572
vn -0.559494 -0.744248 -0.364777
v -0.281226 0.160782 -0.294826
vt 0.6801801 0.3012651
vn -0.449788 -0.745441 -0.491944
v -0.284831 0.125842 -0.229774
vt 0.6728558 0.2797806
vn -0.460572 -0.798736 -0.387162
v -0.222155 0.097982 -0.240039
vt 0.6323282 0.2792923
vn -0.35884 -0.840242 -0.406482
v -0.220156 0.136421 -0.309815
vt 0.6391642 0.3017534
vn -0.35134 -0.779434 -0.518694
v -0.454422 0.20836 0
vt 0.7817432 0.225581
vn -0.773973 -0.633218 0
v -0.406655 0.159458 0
vt 0.7441453 0.2206982
vn -0.68796 -0.725749 0
v -0.403895 0.163959 -0.075053
vt 0.7436571 0.2421827
vn -0.681157 -0.71591 -0.153291
v -0.450855 0.211493 -0.074331
vt 0.7807667 0.246089
vn -0.765907 -0.624694 -0.152133
v -0.353272 0.115063 0
vt 0.7065474 0.2163036
vn -0.586532 -0.809926 1.7E-05
v -0.351149 0.120849 -0.077332
vt 0.7060592 0.2382764
vn -0.582149 -0.797931 -0.156233
v -0.346414 0.135526 -0.1516
vt 0.707524 0.259761
vn -0.573243 -0.775007 -0.266
v -0.397145 0.175792 -0.14658
vt 0.7441453 0.2626907
vn -0.669326 -0.698227 -0.253933
v -0.441489 0.221072 -0.144757
vt 0.7797901 0.2661086
vn -0.752874 -0.609321 -0.248814
v -0.227813 0.045009 0
vt 0.6279337 0.2089794
vn -0.352801 -0.935698 1.6E-05
v -0.226643 0.051396 -0.083328
vt 0.6274454 0.2329053
vn -0.356617 -0.92165 -0.152926
v -0.292191 0.083012 -0.080517
vt 0.6674847 0.2353467
vn -0.474724 -0.866075 -0.156689
v -0.293571 0.077256 0
vt 0.667973 0.2123974
vn -0.474657 -0.880171 3.3E-05
v -0.289149 0.099428 -0.157746
vt 0.6689495 0.2578078
vn -0.470774 -0.836867 -0.27933
v -0.224898 0.068806 -0.164155
vt 0.6289102 0.2563429
vn -0.361515 -0.886888 -0.287638
v 0 0.006727 -0.088281
vt 0.5000032 0.2299756
vn 0 -0.988457 -0.151503
v -0.079552 0.012371 -0.087961
vt 0.5434605 0.2304639
vn -0.115115 -0.981933 -0.150187
v -0.079923 0.005737 0
vt 0.5439488 0.2045848
vn -0.116341 -0.993209 0
v 0 0 0
vt 0.5000032 0.2040966
vn 0 -1 0
v -0.079069 0.031508 -0.173582
vt 0.5439488 0.2548781
vn -0.114934 -0.950619 -0.288296
v 0 0.026319 -0.174605
vt 0.5000032 0.2548781
vn 0 -0.957452 -0.288594
v 0 0.058101 -0.256569
vt 0.5000032 0.2788041
vn 0 -0.905995 -0.423289
v -0.078396 0.062814 -0.254708
vt 0.5459019 0.2792923
vn -0.118665 -0.898255 -0.42315
v -0.154283 0.045879 -0.169846
vt 0.5869178 0.2553664
vn -0.239021 -0.927072 -0.288801
v -0.152601 0.076781 -0.248742
vt 0.5898475 0.2792923
vn -0.244653 -0.874366 -0.41908
v -0.155787 0.021012 0
vt 0.5864295 0.2060497
vn -0.231521 -0.97283 0
v -0.155282 0.027262 -0.086128
vt 0.5859412 0.2314405
vn -0.233133 -0.960892 -0.149454
v -0.077985 0.106022 -0.329705
vt 0.5483433 0.3032182
vn -0.122662 -0.826542 -0.549348
v 0 0.101158 -0.33257
vt 0.5000032 0.3032182
vn 0 -0.833573 -0.55241
v -0.151702 0.117683 -0.321948
vt 0.5947303 0.30273
vn -0.245973 -0.806192 -0.538101
v -0.43842 0.290767 -0.265214
vt 0.8085989 0.3076128
vn -0.768701 -0.4813 -0.421246
v -0.462379 0.340917 -0.277189
vt 0.843267 0.3168902
vn -0.799675 -0.402793 -0.445284
v -0.483179 0.400462 -0.290337
vt 0.8837947 0.3281208
vn -0.822495 -0.321662 -0.469079
v -0.490687 0.335851 -0.217961
vt 0.8505913 0.2973589
vn -0.83664 -0.416511 -0.355743
v -0.51531 0.397922 -0.226455
vt 0.8911189 0.3051714
vn -0.869076 -0.328041 -0.370264
v -0.461303 0.281758 -0.210774
vt 0.8134817 0.2905229
vn -0.796696 -0.499823 -0.339783
v -0.507075 0.52598 -0.307704
vt 0.9697327 0.3461873
vn -0.852867 -0.157572 -0.497785
v -0.499381 0.468124 -0.301351
vt 0.9301817 0.3398396
vn -0.838612 -0.245875 -0.486082
v -0.543224 0.525701 -0.238373
vt 0.9721741 0.3168902
vn -0.910663 -0.153194 -0.383698
v -0.534122 0.467089 -0.234081
vt 0.9350645 0.3129839
vn -0.891994 -0.246813 -0.378722
v -0.584111 0.463468 0
vt 0.9404356 0.2465773
vn -0.975899 -0.218224 0
v -0.57785 0.463844 -0.08068
vt 0.9394591 0.2651321
vn -0.96412 -0.226814 -0.137941
v -0.588394 0.52464 -0.081428
vt 0.9741272 0.2670852
vn -0.983429 -0.129127 -0.127252
v -0.594817 0.524912 0
vt 0.9746155 0.2485304
vn -0.99236 -0.123373 1E-06
v -0.560827 0.465248 -0.159979
vt 0.9379942 0.2866166
vn -0.933809 -0.240816 -0.264592
v -0.570919 0.525432 -0.162431
vt 0.973639 0.2885697
vn -0.955371 -0.142329 -0.258861
v -0.555922 0.391532 -0.078846
vt 0.8974666 0.2612258
vn -0.932455 -0.329074 -0.149126
v -0.561711 0.390403 0
vt 0.8984432 0.2416945
vn -0.945402 -0.325907 0
v -0.54009 0.394378 -0.155385
vt 0.8950252 0.2827103
vn -0.905261 -0.331629 -0.265563
v -0.491486 0.265302 -0.075396
vt 0.8178763 0.2514601
vn -0.83374 -0.530382 -0.153532
v -0.49575 0.262803 0
vt 0.8188528 0.2309521
vn -0.843661 -0.536877 0
v -0.479531 0.272228 -0.146581
vt 0.8164114 0.2714798
vn -0.817331 -0.51778 -0.252732
v -0.512924 0.329697 -0.150637
vt 0.8544976 0.2768509
vn -0.865689 -0.427687 -0.260128
v -0.5322 0.323313 0
vt 0.8579156 0.2363233
vn -0.900126 -0.435629 0
v -0.527062 0.324946 -0.076912
vt 0.856939 0.2563429
vn -0.888074 -0.433168 -0.153918
v 0.412875 0.294478 -0.308736
vt 0.2001966 0.3217731
vn 0.718636 -0.477096 -0.505907
v 0.377946 0.286501 -0.342776
vt 0.2207045 0.3315387
vn 0.641025 -0.499533 -0.582713
v 0.372374 0.247385 -0.30918
vt 0.2407242 0.3159136
vn 0.627483 -0.585115 -0.513718
v 0.400198 0.263419 -0.293047
vt 0.2202162 0.3129839
vn 0.691919 -0.542857 -0.475977
v 0.331374 0.225859 -0.331146
vt 0.2709978 0.3193316
vn 0.538293 -0.632065 -0.557436
v 0.333841 0.272417 -0.37324
vt 0.2509781 0.338863
vn 0.54863 -0.537516 -0.640377
v 0.218873 0.18463 -0.371542
vt 0.3500999 0.3247027
vn 0.347025 -0.698852 -0.625443
v 0.279466 0.20446 -0.352349
vt 0.3076191 0.3222613
vn 0.444351 -0.66976 -0.594957
v 0.281184 0.255681 -0.401763
vt 0.2890643 0.3437458
vn 0.449763 -0.572877 -0.685219
v 0.220022 0.240148 -0.426099
vt 0.3349631 0.3476521
vn 0.349707 -0.599882 -0.719616
v 0.284927 0.316153 -0.442963
vt 0.2617204 0.3676718
vn 0.463228 -0.466778 -0.753351
v 0.289677 0.383351 -0.476203
vt 0.2231459 0.3935509
vn 0.477084 -0.358356 -0.802478
v 0.225334 0.37554 -0.506864
vt 0.2817401 0.398922
vn 0.36225 -0.371842 -0.854698
v 0.222279 0.304579 -0.470882
vt 0.312502 0.3725546
vn 0.357265 -0.489803 -0.795271
v 0.340399 0.327496 -0.410075
vt 0.2207045 0.3598592
vn 0.568282 -0.437485 -0.696895
v 0.347947 0.3909 -0.439487
vt 0.1787121 0.3837852
vn 0.585548 -0.339392 -0.73617
v 0.388542 0.336496 -0.371996
vt 0.1899426 0.3486287
vn 0.662668 -0.410229 -0.626564
v 0.429154 0.34184 -0.328228
vt 0.1689464 0.3344684
vn 0.742475 -0.397532 -0.539165
v 0.444977 0.400517 -0.346965
vt 0.1279305 0.3500935
vn 0.759595 -0.318215 -0.567234
v 0.400326 0.396718 -0.397095
vt 0.1479502 0.3691366
vn 0.679977 -0.323971 -0.657779
v 0.077712 0.158603 -0.397316
vt 0.4472685 0.3271442
vn 0.123251 -0.735983 -0.665686
v 0.077952 0.219834 -0.456727
vt 0.4414091 0.3515584
vn 0.121153 -0.628746 -0.768115
v 0.078795 0.288773 -0.506656
vt 0.4331082 0.3774375
vn 0.118025 -0.509263 -0.85248
v 0.079621 0.3644 -0.5453
vt 0.4228542 0.4042931
vn 0.117127 -0.380312 -0.917412
v 0.153241 0.294924 -0.492546
vt 0.3706078 0.3754843
vn 0.242433 -0.503783 -0.829114
v 0.154997 0.368954 -0.530432
vt 0.3496116 0.40234
vn 0.239389 -0.377293 -0.894619
v 0.151644 0.228049 -0.444571
vt 0.3862329 0.3500935
vn 0.243994 -0.6182 -0.747191
v 0.151065 0.168918 -0.387273
vt 0.3969752 0.3261676
vn 0.245143 -0.7204 -0.64879
v 0.080693 0.445157 -0.572904
vt 0.4091823 0.4321253
vn 0.119764 -0.248686 -0.961151
v 0.081224 0.524797 -0.588429
vt 0.3935572 0.4594693
vn 0.122623 -0.146121 -0.981638
v 0.157919 0.525882 -0.572056
vt 0.295412 0.458981
vn 0.237843 -0.142786 -0.960751
v 0.156896 0.448121 -0.557068
vt 0.3227559 0.4306605
vn 0.236843 -0.245302 -0.94007
v 0.228338 0.45232 -0.532648
vt 0.2392593 0.428219
vn 0.359722 -0.24592 -0.900069
v 0.229789 0.525225 -0.546719
vt 0.188966 0.4570278
vn 0.355397 -0.141175 -0.923993
v 0.414948 0.526255 -0.425658
vt 0.03955103 0.4106408
vn 0.696925 -0.155182 -0.700153
v 0.41039 0.465139 -0.415738
vt 0.0937506 0.3930626
vn 0.690079 -0.242765 -0.681804
v 0.457818 0.467721 -0.361908
vt 0.07812549 0.3671835
vn 0.770677 -0.243177 -0.589001
v 0.464038 0.526199 -0.370001
vt 0.03320333 0.3774375
vn 0.78025 -0.157709 -0.605259
v 0.358647 0.526295 -0.473749
vt 0.05273471 0.4467738
vn 0.597512 -0.151151 -0.787485
v 0.355341 0.461283 -0.461748
vt 0.1210945 0.4130822
vn 0.594433 -0.245912 -0.765622
v 0.294506 0.457 -0.500704
vt 0.1674815 0.4233362
vn 0.482128 -0.247621 -0.840379
v 0.296852 0.526178 -0.513753
vt 0.09326231 0.4545864
vn 0.478844 -0.145107 -0.865825
v 0.377868 0.218589 -0.266301
vt 0.2495133 0.3002886
vn 0.634505 -0.643331 -0.428403
v 0.411838 0.250936 -0.258694
vt 0.2202162 0.3012651
vn 0.714402 -0.565692 -0.411852
v 0.333834 0.188946 -0.27913
vt 0.2822284 0.3002886
vn 0.544684 -0.701088 -0.460211
v 0.387556 0.195013 -0.211055
vt 0.2534196 0.282222
vn 0.652639 -0.675412 -0.343337
v 0.427491 0.235277 -0.207723
vt 0.2197279 0.2851517
vn 0.735893 -0.58952 -0.333059
v 0.339893 0.158595 -0.219454
vt 0.2890643 0.2807572
vn 0.559494 -0.744248 -0.364777
v 0.222155 0.097982 -0.240039
vt 0.3671898 0.2792923
vn 0.35884 -0.840246 -0.406472
v 0.284831 0.125842 -0.229774
vt 0.3266622 0.2797806
vn 0.460568 -0.79874 -0.387158
v 0.281226 0.160782 -0.294826
vt 0.319338 0.3012651
vn 0.449788 -0.745441 -0.491944
v 0.220156 0.136421 -0.309815
vt 0.3603538 0.3017534
vn 0.35134 -0.779434 -0.518694
v 0.403895 0.163959 -0.075053
vt 0.255861 0.2421827
vn 0.681157 -0.71591 -0.153291
v 0.406655 0.159458 0
vt 0.2553727 0.2206982
vn 0.68796 -0.725749 0
v 0.454422 0.20836 0
vt 0.2177748 0.225581
vn 0.773973 -0.633218 0
v 0.450855 0.211493 -0.074331
vt 0.2187514 0.246089
vn 0.765907 -0.624694 -0.152133
v 0.351149 0.120849 -0.077332
vt 0.2934589 0.2382764
vn 0.582117 -0.797954 -0.156235
v 0.353272 0.115063 0
vt 0.2929706 0.2163036
vn 0.586521 -0.809934 -5E-06
v 0.397145 0.175792 -0.14658
vt 0.2553727 0.2626907
vn 0.669326 -0.698227 -0.253933
v 0.346414 0.135526 -0.1516
vt 0.291994 0.259761
vn 0.573229 -0.775023 -0.265985
v 0.441489 0.221072 -0.144757
vt 0.2197279 0.2661086
vn 0.752874 -0.609321 -0.248814
v 0.292191 0.083012 -0.080517
vt 0.3320333 0.2353467
vn 0.474716 -0.866079 -0.156693
v 0.226643 0.051396 -0.083328
vt 0.3720727 0.2329053
vn 0.356651 -0.921635 -0.152934
v 0.227813 0.045009 0
vt 0.3715844 0.2089794
vn 0.352813 -0.935694 -5E-06
v 0.293571 0.077256 0
vt 0.3315451 0.2123974
vn 0.474657 -0.880171 -1E-05
v 0.289149 0.099428 -0.157746
vt 0.3305685 0.2578078
vn 0.470766 -0.836883 -0.279298
v 0.224898 0.068806 -0.164156
vt 0.3706078 0.2563429
vn 0.361533 -0.886887 -0.287621
v 0.079923 0.005737 0
vt 0.4555693 0.2045848
vn 0.116341 -0.993209 0
v 0.079552 0.012371 -0.087961
vt 0.4560576 0.2304639
vn 0.115115 -0.981933 -0.150187
v 0.079069 0.031508 -0.173582
vt 0.4555693 0.2548781
vn 0.114934 -0.950619 -0.288296
v 0.078396 0.062814 -0.254708
vt 0.4536161 0.2792923
vn 0.118665 -0.898255 -0.42315
v 0.154283 0.045879 -0.169846
vt 0.4126002 0.2553664
vn 0.239032 -0.92707 -0.2888
v 0.152601 0.076781 -0.248742
vt 0.4096706 0.2792923
vn 0.244659 -0.874367 -0.419075
v 0.155282 0.027262 -0.086128
vt 0.4135768 0.2314405
vn 0.233139 -0.960889 -0.149459
v 0.155787 0.021012 0
vt 0.4130886 0.2060497
vn 0.231521 -0.97283 0
v 0.077985 0.106022 -0.329705
vt 0.4511747 0.3032182
vn 0.122662 -0.826542 -0.549348
v 0.151702 0.117683 -0.321948
vt 0.4047877 0.30273
vn 0.245973 -0.806192 -0.538101
v 0.43842 0.290766 -0.265215
vt 0.1909192 0.3076128
vn 0.768715 -0.481303 -0.421219
v 0.462379 0.340917 -0.277189
vt 0.156251 0.3168902
vn 0.799688 -0.402778 -0.445274
v 0.48318 0.400462 -0.290337
vt 0.1157234 0.3281208
vn 0.822495 -0.321662 -0.469079
v 0.490687 0.335851 -0.217961
vt 0.1489267 0.2973589
vn 0.83664 -0.416511 -0.355743
v 0.51531 0.397922 -0.226455
vt 0.1083991 0.3051714
vn 0.869076 -0.328041 -0.370264
v 0.461303 0.281758 -0.210774
vt 0.1860363 0.2905229
vn 0.796696 -0.499823 -0.339783
v 0.499381 0.468124 -0.301351
vt 0.06933638 0.3398396
vn 0.838612 -0.245875 -0.486082
v 0.507075 0.52598 -0.307704
vt 0.02978534 0.3461873
vn 0.852867 -0.157571 -0.497785
v 0.534122 0.467089 -0.234081
vt 0.06445353 0.3129839
vn 0.891994 -0.246813 -0.378722
v 0.543224 0.525701 -0.238373
vt 0.02734392 0.3168902
vn 0.910663 -0.153194 -0.383698
v 0.588395 0.52464 -0.081428
vt 0.02539079 0.2670852
vn 0.983429 -0.129127 -0.127252
v 0.577851 0.463844 -0.08068
vt 0.06005897 0.2651321
vn 0.96412 -0.226814 -0.137941
v 0.58411 0.463468 0
vt 0.0590824 0.2465773
vn 0.975899 -0.218224 0
v 0.594817 0.524912 0
vt 0.0249025 0.2485304
vn 0.99236 -0.123373 0
v 0.570919 0.525432 -0.162431
vt 0.02587907 0.2885697
vn 0.955371 -0.142329 -0.258862
v 0.560827 0.465248 -0.159979
vt 0.06152382 0.2866166
vn 0.933809 -0.240816 -0.264592
v 0.555922 0.391532 -0.078846
vt 0.1020514 0.2612258
vn 0.932455 -0.329074 -0.149126
v 0.561711 0.390403 0
vt 0.1010749 0.2416945
vn 0.945402 -0.325907 0
v 0.540091 0.394378 -0.155385
vt 0.1044929 0.2827103
vn 0.905261 -0.331629 -0.265564
v 0.49575 0.262804 0
vt 0.1806652 0.2309521
vn 0.843661 -0.536877 0
v 0.491486 0.265302 -0.075396
vt 0.1816418 0.2514601
vn 0.83374 -0.530382 -0.153532
v 0.479531 0.272228 -0.146581
vt 0.1831066 0.2714798
vn 0.817331 -0.51778 -0.252732
v 0.512924 0.329697 -0.150637
vt 0.1450204 0.2768509
vn 0.865689 -0.427687 -0.260128
v 0.527062 0.324946 -0.076912
vt 0.142579 0.2563429
vn 0.888074 -0.433168 -0.153918
v 0.5322 0.323313 0
vt 0.1416025 0.2363233
vn 0.900126 -0.435629 0
v -0.412875 0.294478 0.308736
vt 0.8042043 0.1332953
vn -0.718635 -0.477097 0.505907
v -0.377946 0.286501 0.342776
vt 0.7822315 0.1127874
vn -0.641024 -0.499533 0.582713
v -0.372374 0.247385 0.30918
vt 0.7661181 0.1210882
vn -0.627483 -0.585115 0.513718
v -0.400198 0.263419 0.293047
vt 0.7851612 0.1337836
vn -0.691919 -0.542857 0.475977
v -0.331374 0.225859 0.331146
vt 0.740239 0.1015568
vn -0.538293 -0.632065 0.557436
vt 0.7534227 0.08593172
v -0.218873 0.18463 0.371542
vt 0.6855512 0.05712295
vn -0.347025 -0.698852 0.625443
v -0.279466 0.20446 0.352349
vt 0.7172897 0.07665431
vn -0.444351 -0.669759 0.594958
vt 0.7534227 0.03905642
vt 0.7534227 0.004388213
v -0.388542 0.336497 0.371996
vt 0.8120168 0.1122991
vn -0.662668 -0.410229 0.626564
v -0.429154 0.34184 0.328228
vt 0.8349662 0.1357367
vn -0.742475 -0.397533 0.539165
v -0.444977 0.400517 0.346965
vt 0.8774469 0.1406196
vn -0.759596 -0.318215 0.567234
v -0.400326 0.396718 0.397094
vt 0.8613335 0.1152288
vn -0.679978 -0.323972 0.657779
vt 0.7890675 0.08593172
vt 0.8515679 0.08593172
vt 0.5000032 0.004388213
v 0 0.154382 0.401163
vt 0.5000032 0.04393929
vn 0 -0.741125 0.671367
v -0.077712 0.158603 0.397316
vt 0.5644567 0.04491585
vn -0.123251 -0.735983 0.665687
vt 0.5747107 0.004388213
vt 0.6435587 0.004388213
v -0.151065 0.168918 0.387273
vt 0.6259805 0.0488221
vn -0.245143 -0.7204 0.64879
v -0.414948 0.526255 0.425658
vt 0.9663147 0.1264593
vn -0.696925 -0.155184 0.700152
v -0.41039 0.465139 0.415737
vt 0.9160214 0.1225531
vn -0.690079 -0.242768 0.681803
v -0.457818 0.467721 0.361908
vt 0.9262754 0.1503853
vn -0.770678 -0.243178 0.589
v -0.464037 0.526198 0.370001
vt 0.9687561 0.1552681
vn -0.780251 -0.15771 0.605256
vt 0.9721741 0.08593172
vt 0.9096737 0.08593172
v -0.377868 0.218589 0.266301
vt 0.7578173 0.1367133
vn -0.634505 -0.643331 0.428403
v -0.411838 0.250936 0.258694
vt 0.7851612 0.146479
vn -0.714402 -0.565693 0.411852
v -0.333834 0.188946 0.27913
vt 0.7280319 0.1235296
vn -0.544684 -0.701088 0.460211
v -0.387556 0.195013 0.211055
vt 0.7524462 0.156733
vn -0.65264 -0.675412 0.343337
v -0.427491 0.235277 0.207723
vt 0.7846729 0.1645455
vn -0.735892 -0.58952 0.333059
v -0.339893 0.158595 0.219454
vt 0.7187545 0.146479
vn -0.559494 -0.744248 0.364777
v -0.222155 0.097982 0.240039
vt 0.6430705 0.1279242
vn -0.35884 -0.840246 0.406472
v -0.284831 0.125842 0.229774
vt 0.6831098 0.1367133
vn -0.460568 -0.798741 0.387157
v -0.281226 0.160782 0.294826
vt 0.6962935 0.1083928
vn -0.449788 -0.745441 0.491944
v -0.220156 0.136421 0.309815
vt 0.657719 0.0956974
vn -0.35134 -0.779434 0.518693
v -0.403895 0.163959 0.075053
vt 0.7456102 0.1992137
vn -0.681157 -0.71591 0.153291
v -0.450855 0.211493 0.074331
vt 0.7822315 0.2050731
vn -0.765907 -0.624694 0.152133
v -0.351149 0.120849 0.077332
vt 0.7085006 0.1933542
vn -0.582117 -0.797954 0.156235
v -0.397145 0.175792 0.14658
vt 0.7485399 0.1777292
vn -0.669326 -0.698227 0.253933
v -0.346414 0.135526 0.1516
vt 0.7124069 0.1704049
vn -0.573229 -0.775023 0.265985
v -0.441489 0.221072 0.144757
vt 0.7836964 0.1845652
vn -0.752874 -0.609321 0.248814
v -0.292191 0.083012 0.080517
vt 0.6704144 0.1879832
vn -0.474716 -0.866078 0.156693
v -0.226643 0.051396 0.083328
vt 0.6298868 0.1835886
vn -0.356651 -0.921635 0.152934
v -0.289149 0.099428 0.157746
vt 0.674809 0.1630806
vn -0.470766 -0.836883 0.279298
v -0.224898 0.068806 0.164156
vt 0.6347696 0.156733
vn -0.361533 -0.886887 0.287621
v -0.079552 0.012371 0.087961
vt 0.5449253 0.1777292
vn -0.115115 -0.981933 0.150187
v 0 0.006727 0.088281
vt 0.5000032 0.1772409
vn 0 -0.988457 0.151504
v 0 0.058101 0.256569
vt 0.5000032 0.1162053
vn 0 -0.905995 0.423289
v 0 0.026319 0.174605
vt 0.5000032 0.1479439
vn 0 -0.957452 0.288594
v -0.079069 0.031508 0.173582
vt 0.5468785 0.1489204
vn -0.114934 -0.950619 0.288296
v -0.078396 0.062814 0.254708
vt 0.5502964 0.1176702
vn -0.118665 -0.898255 0.42315
v -0.154283 0.045879 0.169846
vt 0.5918006 0.1518501
vn -0.239032 -0.92707 0.2888
v -0.152601 0.076781 0.248742
vt 0.5986366 0.1210882
vn -0.244659 -0.874367 0.419075
v -0.155282 0.027262 0.086128
vt 0.5878943 0.1796823
vn -0.233138 -0.96089 0.149459
v -0.077985 0.106022 0.329705
vt 0.5561559 0.08300203
vn -0.122662 -0.826542 0.549348
v 0 0.101158 0.33257
vt 0.5000032 0.08153719
vn 0 -0.833573 0.552409
v -0.151702 0.117683 0.321948
vt 0.6093789 0.08739656
vn -0.245973 -0.806192 0.538101
v -0.43842 0.290767 0.265214
vt 0.8134817 0.1518501
vn -0.768714 -0.481303 0.421219
v -0.462379 0.340917 0.277189
vt 0.8471733 0.156733
vn -0.799688 -0.402778 0.445274
v -0.483179 0.400462 0.290337
vt 0.8877009 0.1630806
vn -0.822495 -0.321662 0.46908
v -0.490687 0.335851 0.217961
vt 0.853521 0.1767526
vn -0.836639 -0.416511 0.355743
v -0.51531 0.397922 0.226455
vt 0.8935603 0.1835886
vn -0.869076 -0.32804 0.370265
v -0.461303 0.281759 0.210774
vt 0.817388 0.1708932
vn -0.796695 -0.499824 0.339784
v -0.499381 0.468124 0.301351
vt 0.9326231 0.172358
vn -0.838612 -0.245875 0.486082
v -0.507075 0.525979 0.307704
vt 0.9711975 0.1772409
vn -0.852867 -0.157573 0.497784
v -0.534121 0.467089 0.234081
vt 0.9370176 0.1918894
vn -0.891994 -0.246813 0.378722
v -0.543224 0.525701 0.238373
vt 0.9726624 0.196284
vn -0.910663 -0.153195 0.383698
v -0.588394 0.52464 0.081428
vt 0.9741272 0.2314405
vn -0.983429 -0.129126 0.127252
v -0.57785 0.463844 0.08068
vt 0.9399474 0.2285107
vn -0.96412 -0.226814 0.137941
v -0.570919 0.525432 0.162431
vt 0.9741272 0.2138622
vn -0.955371 -0.142329 0.25886
v -0.560827 0.465248 0.159979
vt 0.9389708 0.2104442
vn -0.933809 -0.240816 0.264592
v -0.555922 0.391532 0.078846
vt 0.8984432 0.2221631
vn -0.932455 -0.329073 0.149126
v -0.54009 0.394378 0.155385
vt 0.8969783 0.20312
vn -0.905261 -0.331629 0.265564
v -0.491486 0.265302 0.075396
vt 0.8193411 0.2104442
vn -0.83374 -0.530382 0.153532
v -0.479531 0.272228 0.146581
vt 0.8193411 0.1904246
vn -0.817331 -0.51778 0.252732
v -0.512924 0.329697 0.150637
vt 0.856939 0.1967723
vn -0.865689 -0.427687 0.260128
v -0.527062 0.324946 0.076912
vt 0.8579156 0.2163036
vn -0.888074 -0.433168 0.153918
v 0.372373 0.247385 0.30918
vt 0.2333999 0.1210882
vn 0.627483 -0.585114 0.513719
v 0.377946 0.286501 0.342776
vt 0.2172865 0.1127874
vn 0.641025 -0.499532 0.582714
v 0.412875 0.294478 0.308736
vt 0.1953137 0.1332953
vn 0.718637 -0.477094 0.505908
v 0.400198 0.263419 0.293047
vt 0.2143568 0.1337836
vn 0.69192 -0.542857 0.475976
v 0.331374 0.225859 0.331146
vt 0.259279 0.1015568
vn 0.538293 -0.632064 0.557438
vt 0.2460953 0.08593172
vt 0.2460953 0.03905642
v 0.279466 0.20446 0.352349
vt 0.2822284 0.07665431
vn 0.444352 -0.669759 0.594958
v 0.218873 0.18463 0.371542
vt 0.3139668 0.05712295
vn 0.347024 -0.698852 0.625443
vt 0.2460953 0.004388213
v 0.444977 0.400517 0.346965
vt 0.1220711 0.1406196
vn 0.759596 -0.318215 0.567234
v 0.429154 0.34184 0.328228
vt 0.1645518 0.1357367
vn 0.742475 -0.397532 0.539165
v 0.388542 0.336497 0.371996
vt 0.1875012 0.1122991
vn 0.662669 -0.41023 0.626563
v 0.400325 0.396718 0.397094
vt 0.1381845 0.1152288
vn 0.679979 -0.323972 0.657777
vt 0.2109388 0.08593172
vt 0.1484384 0.08593172
v 0.077712 0.158603 0.397316
vt 0.4350613 0.04491585
vn 0.123251 -0.735983 0.665686
vt 0.4248074 0.004388213
v 0.151065 0.168918 0.387273
vt 0.3735375 0.0488221
vn 0.245143 -0.7204 0.64879
vt 0.3559593 0.004388213
v 0.457818 0.467721 0.361908
vt 0.07324265 0.1503853
vn 0.770674 -0.243168 0.589009
v 0.41039 0.465139 0.415737
vt 0.08349662 0.1225531
vn 0.690085 -0.242746 0.681805
v 0.414948 0.526255 0.425658
vt 0.03320333 0.1264593
vn 0.696928 -0.155178 0.700151
v 0.464037 0.526199 0.370001
vt 0.03076191 0.1552681
vn 0.780236 -0.15771 0.605276
vt 0.08984432 0.08593172
vt 0.02734392 0.08593172
v 0.377868 0.218589 0.266301
vt 0.2417007 0.1367133
vn 0.634505 -0.64333 0.428403
v 0.411838 0.250936 0.258694
vt 0.2143568 0.146479
vn 0.714402 -0.565692 0.411852
v 0.333834 0.188946 0.27913
vt 0.2714861 0.1235296
vn 0.544684 -0.701088 0.460211
v 0.387556 0.195013 0.211055
vt 0.2470719 0.156733
vn 0.652639 -0.675412 0.343337
v 0.427491 0.235277 0.207723
vt 0.2148451 0.1645455
vn 0.735892 -0.58952 0.33306
v 0.339893 0.158595 0.219454
vt 0.2807635 0.146479
vn 0.559494 -0.744248 0.364777
v 0.281226 0.160782 0.294826
vt 0.3032246 0.1083928
vn 0.449788 -0.745441 0.491944
v 0.284831 0.125842 0.229774
vt 0.3164082 0.1367133
vn 0.460572 -0.798736 0.387162
v 0.222155 0.097982 0.240039
vt 0.3564476 0.1279242
vn 0.35884 -0.840242 0.406482
v 0.220156 0.136421 0.309815
vt 0.341799 0.0956974
vn 0.351339 -0.779434 0.518694
v 0.403894 0.163959 0.075052
vt 0.2539079 0.1992137
vn 0.681157 -0.715909 0.153291
v 0.450855 0.211493 0.074331
vt 0.2172865 0.2050731
vn 0.765907 -0.624694 0.152133
v 0.351148 0.120849 0.077332
vt 0.2910175 0.1933542
vn 0.582127 -0.797947 0.156234
v 0.346414 0.135526 0.1516
vt 0.2871112 0.1704049
vn 0.573233 -0.775018 0.26599
v 0.397145 0.175792 0.14658
vt 0.2509781 0.1777292
vn 0.669326 -0.698227 0.253933
v 0.441489 0.221072 0.144757
vt 0.2158217 0.1845652
vn 0.752874 -0.609321 0.248814
v 0.226643 0.051396 0.083328
vt 0.3696312 0.1835886
vn 0.356641 -0.921641 0.152925
v 0.292191 0.083012 0.080517
vt 0.3291036 0.1879832
vn 0.474722 -0.866076 0.156688
v 0.289149 0.099428 0.157746
vt 0.3247091 0.1630806
vn 0.470775 -0.836874 0.279307
v 0.224898 0.068806 0.164155
vt 0.3647484 0.156733
vn 0.361528 -0.886887 0.287627
v 0.079552 0.012371 0.087961
vt 0.4545927 0.1777292
vn 0.115115 -0.981933 0.150187
v 0.079069 0.031508 0.173582
vt 0.4526396 0.1489204
vn 0.114934 -0.950619 0.288296
v 0.078396 0.062814 0.254708
vt 0.4492216 0.1176702
vn 0.118665 -0.898255 0.42315
v 0.154283 0.045879 0.169846
vt 0.4077174 0.1518501
vn 0.239021 -0.927072 0.288801
v 0.152601 0.076781 0.248742
vt 0.4008814 0.1210882
vn 0.244653 -0.874367 0.41908
v 0.155282 0.027262 0.086128
vt 0.4116237 0.1796823
vn 0.233133 -0.960892 0.149454
v 0.077985 0.106022 0.329705
vt 0.4433622 0.08300203
vn 0.122662 -0.826542 0.549348
v 0.151702 0.117683 0.321948
vt 0.3901392 0.08739656
vn 0.245973 -0.806191 0.538101
v 0.43842 0.290767 0.265214
vt 0.1860363 0.1518501
vn 0.768714 -0.481302 0.42122
v 0.462379 0.340917 0.277189
vt 0.1523447 0.156733
vn 0.799687 -0.402778 0.445276
v 0.483179 0.400462 0.290337
vt 0.1118171 0.1630806
vn 0.822499 -0.321656 0.469077
v 0.490687 0.335851 0.217961
vt 0.145997 0.1767526
vn 0.83664 -0.416511 0.355743
v 0.51531 0.397922 0.226455
vt 0.1059577 0.1835886
vn 0.869081 -0.328028 0.370266
v 0.461303 0.281759 0.210774
vt 0.1821301 0.1708932
vn 0.796696 -0.499823 0.339784
v 0.507075 0.52598 0.307704
vt 0.02832049 0.1772409
vn 0.852868 -0.157581 0.497779
v 0.499381 0.468124 0.301351
vt 0.06689496 0.172358
vn 0.838617 -0.245876 0.486073
v 0.543224 0.525701 0.238373
vt 0.02685564 0.196284
vn 0.910661 -0.15321 0.383698
v 0.534121 0.467089 0.23408
vt 0.06250039 0.1918894
vn 0.891994 -0.246814 0.378722
v 0.57785 0.463844 0.08068
vt 0.05957069 0.2285107
vn 0.96412 -0.226814 0.137941
v 0.588394 0.52464 0.081428
vt 0.02539079 0.2314405
vn 0.983429 -0.129127 0.127252
v 0.560827 0.465249 0.159978
vt 0.06054726 0.2104442
vn 0.933805 -0.240817 0.264604
v 0.570918 0.525432 0.162431
vt 0.02539079 0.2138622
vn 0.955368 -0.142337 0.258867
v 0.555922 0.391532 0.078846
vt 0.1010749 0.2221631
vn 0.932455 -0.329074 0.149126
v 0.54009 0.394378 0.155385
vt 0.1025397 0.20312
vn 0.905262 -0.331623 0.26557
v 0.491486 0.265302 0.075396
vt 0.1801769 0.2104442
vn 0.83374 -0.530382 0.153532
v 0.479531 0.272228 0.146581
vt 0.1801769 0.1904246
vn 0.817331 -0.51778 0.252732
v 0.512924 0.329697 0.150637
vt 0.142579 0.1967723
vn 0.865689 -0.427687 0.260129
v 0.527062 0.324946 0.076912
vt 0.1416025 0.2163036
vn 0.888074 -0.433168 0.153918
vt 0.00341799 0.2499952
vt 0.00341799 0.2670852
vt 0.00341799 0.2875931
vt 0.00341799 0.3183551
vt 0.00341799 0.349117
vt 0.00341799 0.3823203
vt 0.00341799 0.4199182
vt 0.00341799 0.4726529
vt 0.03271505 0.4726529
vt 0.1572276 0.4726529
vt 0.285158 0.4726529
vt 0.3837915 0.4726529
vt 0.5000032 0.4726529
vt 0.6157265 0.4726529
vt 0.71436 0.4726529
vt 0.8422905 0.4726529
vt 0.966803 0.4726529
vt 0.9961001 0.4726529
vt 0.9961001 0.4199182
vt 0.9961001 0.3823203
vt 0.9961001 0.349117
vt 0.9961001 0.3183551
vt 0.9961001 0.2875931
vt 0.9961001 0.2670852
vt 0.9961001 0.2499952
vt 0.9961001 0.2329053
vt 0.9961001 0.2163036
vt 0.9961001 0.1992137
vt 0.9961001 0.1816354
vt 0.9961001 0.1616158
vt 0.9961001 0.1332953
vt 0.9961001 0.08593172
vt 0.00341799 0.08593172
vt 0.00341799 0.1332953
vt 0.00341799 0.1616158
vt 0.00341799 0.1816354
vt 0.00341799 0.1992137
vt 0.00341799 0.2163036
vt 0.00341799 0.2329053
o Object_3
g polygon_0
usemtl BodyB
f 559/585/559 558/584/558 557/583/557
f 560/586/560 559/585/559 557/583/557
f 561/587/561 557/583/557 558/584/558
f 562/588/562 561/587/561 558/584/558
f 562/588/562 563/589/563 561/587/561
f 563/589/563 564/590/564 561/587/561
f 565/591/565 564/590/564 563/589/563
f 566/592/566 565/591/565 563/589/563
f 569/595/569 563/589/563 562/588/562
f 563/589/563 569/595/569 566/592/566
f 572/598/572 569/595/569 562/588/562
f 569/595/569 572/598/572 571/597/571
f 568/594/568 569/595/569 571/597/571
f 569/595/569 568/594/568 567/593/567
f 570/596/570 569/595/569 567/593/567
f 569/595/569 570/596/570 566/592/566
f 575/601/575 558/584/558 559/585/559
f 575/601/575 572/598/572 562/588/562
f 558/584/558 575/601/575 562/588/562
f 572/598/572 575/601/575 571/597/571
f 574/600/574 575/601/575 559/585/559
f 575/601/575 574/600/574 573/599/573
f 576/602/576 575/601/575 573/599/573
f 575/601/575 576/602/576 571/597/571
f 585/611/585 570/596/570 567/593/567
f 570/596/570 585/611/585 566/592/566
f 586/612/586 585/611/585 567/593/567
f 585/611/585 587/613/587 566/592/566
f 566/592/566 587/613/587 565/591/565
f 587/613/587 585/611/585 580/606/580
f 585/611/585 581/607/581 580/606/580
f 580/606/580 581/607/581 579/605/579
f 580/606/580 579/605/579 577/603/577
f 579/605/579 578/604/578 577/603/577
f 581/607/581 582/608/582 579/605/579
f 583/609/583 582/608/582 581/607/581
f 584/610/584 583/609/583 581/607/581
f 585/611/585 586/612/586 584/610/584
f 581/607/581 585/611/585 584/610/584
f 587/613/587 588/614/588 565/591/565
f 588/614/588 587/613/587 580/606/580
f 577/603/577 588/614/588 580/606/580
f 567/593/567 593/619/593 586/612/586
f 593/619/593 594/620/594 586/612/586
f 584/610/584 586/612/586 594/620/594
f 595/621/595 594/620/594 593/619/593
f 596/622/596 595/621/595 593/619/593
f 594/620/594 595/621/595 591/617/591
f 591/617/591 584/610/584 594/620/594
f 583/609/583 584/610/584 591/617/591
f 595/621/595 590/616/590 591/617/591
f 591/617/591 590/616/590 589/615/589
f 592/618/592 591/617/591 589/615/589
f 592/618/592 583/609/583 591/617/591
f 571/597/571 576/602/576 598/624/598
f 597/623/597 598/624/598 576/602/576
f 599/625/599 598/624/598 597/623/597
f 600/626/600 599/625/599 597/623/597
f 598/624/598 599/625/599 601/627/601
f 601/627/601 571/597/571 598/624/598
f 599/625/599 602/628/602 601/627/601
f 573/599/573 597/623/597 576/602/576
f 567/593/567 568/594/568 593/619/593
f 568/594/568 603/629/603 593/619/593
f 603/629/603 568/594/568 571/597/571
f 601/627/601 603/629/603 571/597/571
f 604/630/604 603/629/603 601/627/601
f 602/628/602 604/630/604 601/627/601
f 604/630/604 596/622/596 593/619/593
f 603/629/603 604/630/604 593/619/593
f 644/670/644 588/614/588 577/603/577
f 588/614/588 644/670/644 614/640/614
f 565/591/565 588/614/588 614/640/614
f 565/591/565 614/640/614 564/590/564
f 614/640/614 611/637/611 564/590/564
f 614/640/614 613/639/613 611/637/611
f 614/640/614 644/670/644 613/639/613
f 613/639/613 612/638/612 611/637/611
f 611/637/611 612/638/612 610/636/610
f 607/633/607 611/637/611 610/636/610
f 564/590/564 611/637/611 607/633/607
f 607/633/607 610/636/610 605/631/605
f 607/633/607 605/631/605 557/583/557
f 560/586/560 557/583/557 605/631/605
f 606/632/606 560/586/560 605/631/605
f 561/587/561 607/633/607 557/583/557
f 561/587/561 564/590/564 607/633/607
f 606/632/606 605/631/605 608/634/608
f 610/636/610 608/634/608 605/631/605
f 609/635/609 606/632/606 608/634/608
f 628/654/628 612/638/612 613/639/613
f 612/638/612 628/654/628 610/636/610
f 629/655/629 628/654/628 613/639/613
f 628/654/628 621/647/621 610/636/610
f 620/646/620 621/647/621 628/654/628
f 622/648/622 621/647/621 620/646/620
f 608/634/608 622/648/622 609/635/609
f 622/648/622 608/634/608 610/636/610
f 621/647/621 622/648/622 610/636/610
f 617/643/617 622/648/622 620/646/620
f 617/643/617 620/646/620 619/645/619
f 616/642/616 617/643/617 619/645/619
f 617/643/617 616/642/616 615/641/615
f 618/644/618 617/643/617 615/641/615
f 623/649/623 622/648/622 617/643/617
f 618/644/618 623/649/623 617/643/617
f 622/648/622 623/649/623 609/635/609
f 620/646/620 626/652/626 619/645/619
f 626/652/626 620/646/620 628/654/628
f 626/652/626 627/653/627 619/645/619
f 627/653/627 626/652/626 624/650/624
f 626/652/626 625/651/625 624/650/624
f 625/651/625 626/652/626 628/654/628
f 629/655/629 625/651/625 628/654/628
f 638/664/638 629/655/629 613/639/613
f 629/655/629 638/664/638 625/651/625
f 639/665/639 638/664/638 613/639/613
f 638/664/638 639/665/639 637/663/637
f 634/660/634 638/664/638 637/663/637
f 637/663/637 636/662/636 634/660/634
f 636/662/636 635/661/635 634/660/634
f 634/660/634 635/661/635 630/656/630
f 631/657/631 634/660/634 630/656/630
f 632/658/632 631/657/631 630/656/630
f 633/659/633 632/658/632 630/656/630
f 625/651/625 641/667/641 624/650/624
f 641/667/641 631/657/631 632/658/632
f 634/660/634 631/657/631 641/667/641
f 638/664/638 634/660/634 641/667/641
f 638/664/638 641/667/641 625/651/625
f 641/667/641 640/666/640 624/650/624
f 640/666/640 641/667/641 632/658/632
f 644/670/644 639/665/639 613/639/613
f 637/663/637 639/665/639 644/670/644
f 642/668/642 637/663/637 644/670/644
f 636/662/636 637/663/637 642/668/642
f 642/668/642 644/670/644 577/603/577
f 642/668/642 577/603/577 578/604/578
f 643/669/643 642/668/642 578/604/578
f 643/669/643 636/662/636 642/668/642
f 633/659/633 630/656/630 737/763/737
f 630/656/630 738/764/738 737/763/737
f 739/765/739 635/661/635 636/662/636
f 630/656/630 635/661/635 739/765/739
f 738/764/738 630/656/630 739/765/739
f 740/766/740 739/765/739 636/662/636
f 739/765/739 740/766/740 741/767/741
f 740/766/740 742/768/742 741/767/741
f 742/768/742 718/744/718 741/767/741
f 718/744/718 736/762/736 741/767/741
f 736/762/736 718/744/718 735/761/735
f 718/744/718 719/745/719 735/761/735
f 720/746/720 719/745/719 718/744/718
f 721/747/721 720/746/720 718/744/718
f 717/743/717 719/745/719 720/746/720
f 719/745/719 717/743/717 735/761/735
f 714/740/714 717/743/717 720/746/720
f 714/740/714 712/738/712 717/743/717
f 672/698/672 712/738/712 714/740/714
f 712/738/712 672/698/672 673/699/673
f 673/699/673 672/698/672 670/696/670
f 672/698/672 671/697/671 670/696/670
f 671/697/671 672/698/672 674/700/674
f 674/700/674 672/698/672 714/740/714
f 675/701/675 671/697/671 674/700/674
f 675/701/675 674/700/674 678/704/678
f 674/700/674 677/703/677 678/704/678
f 677/703/677 720/746/720 721/747/721
f 714/740/714 720/746/720 677/703/677
f 674/700/674 714/740/714 677/703/677
f 678/704/678 677/703/677 676/702/676
f 676/702/676 677/703/677 721/747/721
f 679/705/679 678/704/678 676/702/676
f 675/701/675 678/704/678 680/706/680
f 678/704/678 679/705/679 680/706/680
f 684/710/684 675/701/675 680/706/680
f 685/711/685 684/710/684 680/706/680
f 681/707/681 685/711/685 680/706/680
f 682/708/682 681/707/681 680/706/680
f 683/709/683 682/708/682 680/706/680
f 679/705/679 683/709/683 680/706/680
f 670/696/670 671/697/671 686/712/686
f 675/701/675 684/710/684 686/712/686
f 671/697/671 675/701/675 686/712/686
f 684/710/684 685/711/685 686/712/686
f 687/713/687 670/696/670 686/712/686
f 688/714/688 687/713/687 686/712/686
f 689/715/689 688/714/688 686/712/686
f 685/711/685 689/715/689 686/712/686
f 682/708/682 683/709/683 694/720/694
f 683/709/683 679/705/679 694/720/694
f 695/721/695 682/708/682 694/720/694
f 679/705/679 696/722/696 694/720/694
f 679/705/679 676/702/676 696/722/696
f 696/722/696 691/717/691 694/720/694
f 691/717/691 692/718/692 694/720/694
f 691/717/691 579/605/579 692/718/692
f 691/717/691 690/716/690 579/605/579
f 690/716/690 578/604/578 579/605/579
f 579/605/579 582/608/582 692/718/692
f 692/718/692 582/608/582 583/609/583
f 693/719/693 692/718/692 583/609/583
f 693/719/693 695/721/695 694/720/694
f 692/718/692 693/719/693 694/720/694
f 676/702/676 697/723/697 696/722/696
f 691/717/691 696/722/696 697/723/697
f 690/716/690 691/717/691 697/723/697
f 682/708/682 695/721/695 702/728/702
f 695/721/695 701/727/701 702/728/702
f 701/727/701 695/721/695 693/719/693
f 702/728/702 701/727/701 700/726/700
f 703/729/703 702/728/702 700/726/700
f 701/727/701 698/724/698 700/726/700
f 698/724/698 701/727/701 693/719/693
f 698/724/698 693/719/693 583/609/583
f 698/724/698 699/725/699 700/726/700
f 589/615/589 699/725/699 698/724/698
f 592/618/592 589/615/589 698/724/698
f 592/618/592 698/724/698 583/609/583
f 705/731/705 689/715/689 685/711/685
f 689/715/689 705/731/705 706/732/706
f 706/732/706 705/731/705 704/730/704
f 707/733/707 706/732/706 704/730/704
f 705/731/705 709/735/709 704/730/704
f 709/735/709 705/731/705 685/711/685
f 709/735/709 708/734/708 704/730/704
f 688/714/688 689/715/689 706/732/706
f 682/708/682 702/728/702 681/707/681
f 702/728/702 710/736/710 681/707/681
f 685/711/685 681/707/681 710/736/710
f 709/735/709 685/711/685 710/736/710
f 709/735/709 710/736/710 711/737/711
f 708/734/708 709/735/709 711/737/711
f 702/728/702 703/729/703 711/737/711
f 710/736/710 702/728/702 711/737/711
f 690/716/690 697/723/697 746/772/746
f 721/747/721 746/772/746 697/723/697
f 676/702/676 721/747/721 697/723/697
f 745/771/745 690/716/690 746/772/746
f 578/604/578 690/716/690 745/771/745
f 643/669/643 578/604/578 745/771/745
f 721/747/721 718/744/718 746/772/746
f 718/744/718 742/768/742 746/772/746
f 746/772/746 742/768/742 740/766/740
f 745/771/745 746/772/746 740/766/740
f 745/771/745 740/766/740 636/662/636
f 643/669/643 745/771/745 636/662/636
f 706/732/706 707/733/707 753/779/753
f 707/733/707 754/780/754 753/779/753
f 753/779/753 754/780/754 755/781/755
f 754/780/754 756/782/756 755/781/755
f 753/779/753 755/781/755 749/775/749
f 753/779/753 749/775/749 706/732/706
f 755/781/755 751/777/751 749/775/749
f 751/777/751 750/776/750 749/775/749
f 750/776/750 748/774/748 749/775/749
f 749/775/749 748/774/748 688/714/688
f 749/775/749 688/714/688 706/732/706
f 748/774/748 687/713/687 688/714/688
f 670/696/670 687/713/687 748/774/748
f 747/773/747 670/696/670 748/774/748
f 673/699/673 670/696/670 747/773/747
f 713/739/713 673/699/673 747/773/747
f 713/739/713 712/738/712 673/699/673
f 715/741/715 712/738/712 713/739/713
f 716/742/716 715/741/715 713/739/713
f 713/739/713 747/773/747 716/742/716
f 712/738/712 715/741/715 717/743/717
f 715/741/715 716/742/716 728/754/728
f 717/743/717 715/741/715 728/754/728
f 716/742/716 730/756/730 728/754/728
f 722/748/722 728/754/728 730/756/730
f 722/748/722 726/752/726 728/754/728
f 727/753/727 726/752/726 722/748/722
f 723/749/723 727/753/727 722/748/722
f 724/750/724 723/749/723 722/748/722
f 725/751/725 724/750/724 722/748/722
f 725/751/725 722/748/722 730/756/730
f 726/752/726 729/755/729 728/754/728
f 729/755/729 717/743/717 728/754/728
f 726/752/726 727/753/727 731/757/731
f 727/753/727 734/760/734 731/757/731
f 734/760/734 733/759/733 731/757/731
f 733/759/733 732/758/732 731/757/731
f 717/743/717 729/755/729 735/761/735
f 735/761/735 729/755/729 726/752/726
f 731/757/731 735/761/735 726/752/726
f 735/761/735 731/757/731 732/758/732
f 736/762/736 735/761/735 732/758/732
f 732/758/732 733/759/733 743/769/743
f 733/759/733 744/770/744 743/769/743
f 744/770/744 737/763/737 743/769/743
f 737/763/737 738/764/738 743/769/743
f 743/769/743 738/764/738 739/765/739
f 741/767/741 743/769/743 739/765/739
f 732/758/732 743/769/743 741/767/741
f 736/762/736 732/758/732 741/767/741
f 747/773/747 752/778/752 716/742/716
f 716/742/716 752/778/752 730/756/730
f 747/773/747 748/774/748 752/778/752
f 748/774/748 750/776/750 752/778/752
f 724/750/724 725/751/725 766/792/766
f 725/751/725 767/793/767 766/792/766
f 752/778/752 768/794/768 730/756/730
f 725/751/725 730/756/730 768/794/768
f 767/793/767 725/751/725 768/794/768
f 752/778/752 750/776/750 769/795/769
f 768/794/768 752/778/752 769/795/769
f 750/776/750 751/777/751 769/795/769
f 751/777/751 765/791/765 769/795/769
f 751/777/751 755/781/755 765/791/765
f 755/781/755 762/788/762 765/791/765
f 763/789/763 765/791/765 762/788/762
f 765/791/765 763/789/763 769/795/769
f 758/784/758 763/789/763 762/788/762
f 758/784/758 762/788/762 761/787/761
f 762/788/762 755/781/755 761/787/761
f 757/783/757 758/784/758 761/787/761
f 759/785/759 758/784/758 757/783/757
f 763/789/763 758/784/758 759/785/759
f 760/786/760 759/785/759 757/783/757
f 764/790/764 763/789/763 759/785/759
f 755/781/755 756/782/756 761/787/761
f 763/789/763 764/790/764 770/796/770
f 766/792/766 767/793/767 770/796/770
f 770/796/770 767/793/767 768/794/768
f 769/795/769 770/796/770 768/794/768
f 763/789/763 770/796/770 769/795/769
f 764/790/764 771/797/771 770/796/770
f 771/797/771 766/792/766 770/796/770
f 760/786/760 898/943/898 759/785/759
f 898/943/898 897/942/897 759/785/759
f 898/943/898 900/945/900 897/942/897
f 900/945/900 899/944/899 897/942/897
f 759/785/759 897/942/897 901/946/901
f 764/790/764 759/785/759 901/946/901
f 897/942/897 899/944/899 901/946/901
f 899/944/899 902/947/902 901/946/901
f 902/947/902 899/944/899 896/941/896
f 899/944/899 900/945/900 896/941/896
f 891/936/891 902/947/902 896/941/896
f 889/934/889 891/936/891 896/941/896
f 891/936/891 889/934/889 890/935/890
f 889/934/889 888/933/888 890/935/890
f 889/934/889 849/888/849 888/933/888
f 849/888/849 850/889/850 888/933/888
f 851/890/851 850/889/850 849/888/849
f 852/891/852 851/890/851 849/888/849
f 850/889/850 851/890/851 844/880/844
f 888/933/888 850/889/850 844/880/844
f 851/890/851 843/879/843 844/880/844
f 844/880/844 843/879/843 842/878/842
f 845/881/845 844/880/844 842/878/842
f 846/882/846 842/878/842 843/879/843
f 538/883/538 846/882/846 843/879/843
f 843/879/843 851/890/851 538/883/538
f 538/883/538 539/884/539 846/882/846
f 539/884/539 847/885/847 846/882/846
f 848/886/848 847/885/847 539/884/539
f 540/887/540 848/886/848 539/884/539
f 851/890/851 537/892/537 538/883/538
f 851/890/851 852/891/852 536/893/536
f 537/892/537 851/890/851 536/893/536
f 540/887/540 546/897/546 848/886/848
f 546/897/546 854/896/854 848/886/848
f 854/896/854 546/897/546 543/895/543
f 853/894/853 854/896/854 543/895/543
f 543/895/543 515/814/515 853/894/853
f 515/814/515 783/815/783 853/894/853
f 784/816/784 783/815/783 515/814/515
f 516/817/516 784/816/784 515/814/515
f 784/816/784 516/817/516 785/819/785
f 516/817/516 519/818/519 785/819/785
f 777/804/777 785/819/785 519/818/519
f 510/807/510 777/804/777 519/818/519
f 510/807/510 508/806/508 777/804/777
f 508/806/508 778/805/778 777/804/777
f 776/802/776 778/805/778 508/806/508
f 509/803/509 776/802/776 508/806/508
f 509/803/509 773/799/773 776/802/776
f 773/799/773 774/800/774 776/802/776
f 774/800/774 773/799/773 772/798/772
f 775/801/775 774/800/774 772/798/772
f 772/798/772 773/799/773 779/808/779
f 773/799/773 509/803/509 779/808/779
f 780/809/780 772/798/772 779/808/779
f 781/810/781 780/809/780 779/808/779
f 782/811/782 781/810/781 779/808/779
f 509/803/509 506/812/506 779/808/779
f 507/813/507 782/811/782 779/808/779
f 506/812/506 507/813/507 779/808/779
f 781/810/781 782/811/782 788/822/788
f 782/811/782 787/821/787 788/822/788
f 787/821/787 782/811/782 507/813/507
f 788/822/788 787/821/787 786/820/786
f 789/823/789 788/822/788 786/820/786
f 787/821/787 529/825/529 786/820/786
f 529/825/529 787/821/787 507/813/507
f 529/825/529 531/824/531 786/820/786
f 790/826/790 774/800/774 775/801/775
f 791/827/791 790/826/790 775/801/775
f 774/800/774 790/826/790 792/828/792
f 776/802/776 774/800/774 792/828/792
f 776/802/776 792/828/792 778/805/778
f 793/829/793 790/826/790 791/827/791
f 794/830/794 793/829/793 791/827/791
f 790/826/790 793/829/793 795/831/795
f 792/828/792 790/826/790 795/831/795
f 792/828/792 795/831/795 798/834/798
f 792/828/792 798/834/798 778/805/778
f 795/831/795 797/833/797 798/834/798
f 798/834/798 797/833/797 796/832/796
f 799/835/799 798/834/798 796/832/796
f 778/805/778 798/834/798 799/835/799
f 777/804/777 778/805/778 799/835/799
f 796/832/796 797/833/797 808/844/808
f 797/833/797 795/831/795 808/844/808
f 809/845/809 796/832/796 808/844/808
f 795/831/795 804/840/804 808/844/808
f 808/844/808 804/840/804 802/838/802
f 802/838/802 804/840/804 803/839/803
f 793/829/793 794/830/794 803/839/803
f 795/831/795 793/829/793 803/839/803
f 804/840/804 795/831/795 803/839/803
f 800/836/800 802/838/802 803/839/803
f 619/645/619 802/838/802 800/836/800
f 616/642/616 619/645/619 800/836/800
f 615/641/615 616/642/616 800/836/800
f 801/837/801 615/641/615 800/836/800
f 800/836/800 803/839/803 805/841/805
f 801/837/801 800/836/800 805/841/805
f 794/830/794 805/841/805 803/839/803
f 802/838/802 619/645/619 806/842/806
f 806/842/806 808/844/808 802/838/802
f 619/645/619 627/653/627 806/842/806
f 627/653/627 624/650/624 806/842/806
f 624/650/624 807/843/807 806/842/806
f 808/844/808 806/842/806 807/843/807
f 809/845/809 808/844/808 807/843/807
f 796/832/796 809/845/809 816/852/816
f 809/845/809 807/843/807 816/852/816
f 817/853/817 796/832/796 816/852/816
f 815/851/815 817/853/817 816/852/816
f 814/850/814 815/851/815 816/852/816
f 815/851/815 814/850/814 812/848/812
f 814/850/814 813/849/813 812/848/812
f 811/847/811 813/849/813 814/850/814
f 810/846/810 811/847/811 814/850/814
f 811/847/811 810/846/810 632/658/632
f 633/659/633 811/847/811 632/658/632
f 807/843/807 624/650/624 818/854/818
f 632/658/632 810/846/810 818/854/818
f 818/854/818 810/846/810 814/850/814
f 816/852/816 818/854/818 814/850/814
f 807/843/807 818/854/818 816/852/816
f 624/650/624 640/666/640 818/854/818
f 640/666/640 632/658/632 818/854/818
f 796/832/796 817/853/817 821/857/821
f 821/857/821 817/853/817 815/851/815
f 799/835/799 796/832/796 821/857/821
f 799/835/799 821/857/821 785/819/785
f 777/804/777 799/835/799 785/819/785
f 784/816/784 785/819/785 821/857/821
f 819/855/819 784/816/784 821/857/821
f 819/855/819 821/857/821 815/851/815
f 819/855/819 815/851/815 812/848/812
f 783/815/783 784/816/784 819/855/819
f 820/856/820 783/815/783 819/855/819
f 820/856/820 819/855/819 812/848/812
f 633/659/633 737/763/737 811/847/811
f 737/763/737 879/924/879 811/847/811
f 812/848/812 813/849/813 880/925/880
f 880/925/880 813/849/813 811/847/811
f 879/924/879 880/925/880 811/847/811
f 881/926/881 812/848/812 880/925/880
f 880/925/880 882/927/882 881/926/881
f 882/927/882 883/928/883 881/926/881
f 883/928/883 882/927/882 867/912/867
f 882/927/882 878/923/878 867/912/867
f 878/923/878 877/922/877 867/912/867
f 877/922/877 866/911/866 867/912/867
f 867/912/867 866/911/866 865/910/865
f 868/913/868 867/912/867 865/910/865
f 865/910/865 866/911/866 864/909/864
f 866/911/866 877/922/877 864/909/864
f 861/906/861 865/910/865 864/909/864
f 861/906/861 864/909/864 859/904/859
f 861/906/861 859/904/859 842/878/842
f 845/881/845 842/878/842 859/904/859
f 860/905/860 845/881/845 859/904/859
f 846/882/846 861/906/861 842/878/842
f 860/905/860 859/904/859 862/907/862
f 864/909/864 862/907/862 859/904/859
f 863/908/863 860/905/860 862/907/862
f 868/913/868 865/910/865 847/885/847
f 847/885/847 865/910/865 861/906/861
f 846/882/846 847/885/847 861/906/861
f 848/886/848 868/913/868 847/885/847
f 877/922/877 872/917/872 864/909/864
f 871/916/871 872/917/872 877/922/877
f 873/918/873 872/917/872 871/916/871
f 862/907/862 873/918/873 863/908/863
f 873/918/873 862/907/862 864/909/864
f 872/917/872 873/918/873 864/909/864
f 869/914/869 873/918/873 871/916/871
f 869/914/869 871/916/871 727/753/727
f 723/749/723 869/914/869 727/753/727
f 869/914/869 723/749/723 724/750/724
f 870/915/870 869/914/869 724/750/724
f 874/919/874 873/918/873 869/914/869
f 870/915/870 874/919/874 869/914/869
f 873/918/873 874/919/874 863/908/863
f 871/916/871 876/921/876 727/753/727
f 876/921/876 871/916/871 877/922/877
f 876/921/876 734/760/734 727/753/727
f 734/760/734 876/921/876 733/759/733
f 876/921/876 875/920/875 733/759/733
f 875/920/875 876/921/876 877/922/877
f 878/923/878 875/920/875 877/922/877
f 875/920/875 884/929/884 733/759/733
f 884/929/884 744/770/744 733/759/733
f 744/770/744 884/929/884 737/763/737
f 884/929/884 879/924/879 737/763/737
f 880/925/880 879/924/879 884/929/884
f 882/927/882 880/925/880 884/929/884
f 882/927/882 884/929/884 875/920/875
f 878/923/878 882/927/882 875/920/875
f 848/886/848 854/896/854 868/913/868
f 854/896/854 886/931/886 868/913/868
f 886/931/886 854/896/854 853/894/853
f 885/930/885 886/931/886 853/894/853
f 885/930/885 853/894/853 783/815/783
f 820/856/820 885/930/885 783/815/783
f 868/913/868 886/931/886 867/912/867
f 886/931/886 883/928/883 867/912/867
f 881/926/881 883/928/883 886/931/886
f 885/930/885 881/926/881 886/931/886
f 812/848/812 881/926/881 885/930/885
f 820/856/820 812/848/812 885/930/885
f 645/671/645 559/585/559 560/586/560
f 606/632/606 645/671/645 560/586/560
f 645/671/645 646/672/646 559/585/559
f 646/672/646 574/600/574 559/585/559
f 573/599/573 574/600/574 646/672/646
f 647/673/647 573/599/573 646/672/646
f 647/673/647 646/672/646 648/674/648
f 649/675/649 647/673/647 648/674/648
f 650/676/650 648/674/648 646/672/646
f 645/671/645 650/676/650 646/672/646
f 609/635/609 650/676/650 645/671/645
f 606/632/606 609/635/609 645/671/645
f 647/673/647 649/675/649 654/680/654
f 652/678/652 647/673/647 654/680/654
f 652/678/652 654/680/654 651/677/651
f 652/678/652 651/677/651 600/626/600
f 597/623/597 652/678/652 600/626/600
f 597/623/597 573/599/573 647/673/647
f 652/678/652 597/623/597 647/673/647
f 654/680/654 653/679/653 651/677/651
f 649/675/649 663/689/663 654/680/654
f 663/689/663 659/685/659 654/680/654
f 659/685/659 663/689/663 661/687/661
f 656/682/656 659/685/659 661/687/661
f 660/686/660 659/685/659 656/682/656
f 660/686/660 653/679/653 654/680/654
f 659/685/659 660/686/660 654/680/654
f 657/683/657 660/686/660 656/682/656
f 657/683/657 656/682/656 655/681/655
f 655/681/655 656/682/656 661/687/661
f 658/684/658 657/683/657 655/681/655
f 662/688/662 655/681/655 661/687/661
f 609/635/609 623/649/623 650/676/650
f 623/649/623 666/692/666 650/676/650
f 666/692/666 623/649/623 618/644/618
f 664/690/664 666/692/666 618/644/618
f 665/691/665 664/690/664 618/644/618
f 615/641/615 665/691/665 618/644/618
f 667/693/667 663/689/663 649/675/649
f 666/692/666 667/693/667 650/676/650
f 663/689/663 667/693/667 661/687/661
f 648/674/648 667/693/667 649/675/649
f 667/693/667 648/674/648 650/676/650
f 661/687/661 669/695/669 662/688/662
f 669/695/669 664/690/664 665/691/665
f 666/692/666 664/690/664 669/695/669
f 667/693/667 666/692/666 669/695/669
f 667/693/667 669/695/669 661/687/661
f 669/695/669 668/694/668 662/688/662
f 668/694/668 669/695/669 665/691/665
f 658/684/658 655/681/655 832/868/832
f 655/681/655 833/869/833 832/868/832
f 832/868/832 833/869/833 834/870/834
f 833/869/833 835/871/835 834/870/834
f 836/872/836 833/869/833 655/681/655
f 662/688/662 836/872/836 655/681/655
f 833/869/833 836/872/836 835/871/835
f 836/872/836 837/873/837 835/871/835
f 830/866/830 835/871/835 837/873/837
f 835/871/835 830/866/830 834/870/834
f 826/862/826 830/866/830 837/873/837
f 830/866/830 826/862/826 824/860/824
f 826/862/826 825/861/825 824/860/824
f 825/861/825 823/859/823 824/860/824
f 824/860/824 823/859/823 781/810/781
f 823/859/823 780/809/780 781/810/781
f 772/798/772 780/809/780 823/859/823
f 822/858/822 772/798/772 823/859/823
f 775/801/775 772/798/772 822/858/822
f 791/827/791 775/801/775 822/858/822
f 823/859/823 825/861/825 827/863/827
f 822/858/822 823/859/823 827/863/827
f 822/858/822 827/863/827 794/830/794
f 791/827/791 822/858/822 794/830/794
f 828/864/828 830/866/830 824/860/824
f 828/864/828 829/865/829 830/866/830
f 789/823/789 829/865/829 828/864/828
f 788/822/788 789/823/789 828/864/828
f 824/860/824 781/810/781 788/822/788
f 828/864/828 824/860/824 788/822/788
f 829/865/829 831/867/831 830/866/830
f 830/866/830 831/867/831 834/870/834
f 794/830/794 827/863/827 805/841/805
f 827/863/827 839/875/839 805/841/805
f 801/837/801 805/841/805 839/875/839
f 838/874/838 801/837/801 839/875/839
f 801/837/801 838/874/838 665/691/665
f 615/641/615 801/837/801 665/691/665
f 826/862/826 837/873/837 840/876/840
f 825/861/825 826/862/826 840/876/840
f 827/863/827 825/861/825 840/876/840
f 839/875/839 827/863/827 840/876/840
f 665/691/665 838/874/838 841/877/841
f 841/877/841 838/874/838 839/875/839
f 840/876/840 841/877/841 839/875/839
f 668/694/668 665/691/665 841/877/841
f 662/688/662 668/694/668 841/877/841
f 836/872/836 662/688/662 841/877/841
f 836/872/836 841/877/841 840/876/840
f 837/873/837 836/872/836 840/876/840
f 831/867/831 380/979/380 834/870/834
f 380/979/380 831/867/831 829/865/829
f 380/979/380 385/978/385 834/870/834
f 385/978/385 382/977/382 834/870/834
f 382/977/382 832/868/832 834/870/834
f 382/977/382 146/976/146 832/868/832
f 146/976/146 658/684/658 832/868/832
f 146/976/146 147/975/147 658/684/658
f 147/975/147 657/683/657 658/684/658
f 147/975/147 149/974/149 657/683/657
f 149/974/149 660/686/660 657/683/657
f 660/686/660 149/974/149 143/973/143
f 653/679/653 660/686/660 143/973/143
f 143/973/143 141/972/141 653/679/653
f 141/972/141 651/677/651 653/679/653
f 141/972/141 137/971/137 651/677/651
f 137/971/137 600/626/600 651/677/651
f 137/971/137 138/970/138 600/626/600
f 138/970/138 599/625/599 600/626/600
f 599/625/599 138/970/138 139/969/139
f 602/628/602 599/625/599 139/969/139
f 139/969/139 140/968/140 602/628/602
f 140/968/140 604/630/604 602/628/602
f 604/630/604 140/968/140 135/967/135
f 596/622/596 604/630/604 135/967/135
f 135/967/135 136/966/136 596/622/596
f 136/966/136 595/621/595 596/622/596
f 595/621/595 136/966/136 133/965/133
f 590/616/590 595/621/595 133/965/133
f 133/965/133 134/964/134 590/616/590
f 134/964/134 589/615/589 590/616/590
f 134/964/134 260/963/260 589/615/589
f 260/963/260 699/725/699 589/615/589
f 699/725/699 260/963/260 700/726/700
f 260/963/260 261/962/261 700/726/700
f 261/962/261 262/961/262 700/726/700
f 262/961/262 703/729/703 700/726/700
f 703/729/703 262/961/262 711/737/711
f 262/961/262 266/960/266 711/737/711
f 266/960/266 265/959/265 711/737/711
f 265/959/265 708/734/708 711/737/711
f 708/734/708 265/959/265 704/730/704
f 265/959/265 263/958/263 704/730/704
f 263/958/263 264/957/264 704/730/704
f 264/957/264 707/733/707 704/730/704
f 264/957/264 267/956/267 707/733/707
f 267/956/267 754/780/754 707/733/707
f 267/956/267 269/955/269 754/780/754
f 269/955/269 756/782/756 754/780/754
f 756/782/756 269/955/269 761/787/761
f 269/955/269 276/954/276 761/787/761
f 276/954/276 271/953/271 761/787/761
f 271/953/271 757/783/757 761/787/761
f 271/953/271 272/952/272 757/783/757
f 272/952/272 760/786/760 757/783/757
f 272/952/272 478/990/478 760/786/760
f 478/990/478 898/943/898 760/786/760
f 478/990/478 480/989/480 898/943/898
f 480/989/480 900/945/900 898/943/898
f 900/945/900 480/989/480 476/988/476
f 895/940/895 900/945/900 476/988/476
f 900/945/900 895/940/895 896/941/896
f 896/941/896 895/940/895 893/938/893
f 894/939/894 896/941/896 893/938/893
f 894/939/894 893/938/893 858/901/858
f 855/898/855 894/939/894 858/901/858
f 858/901/858 857/900/857 855/898/855
f 857/900/857 856/899/856 855/898/855
f 856/899/856 857/900/857 554/902/554
f 857/900/857 556/903/556 554/902/554
f 855/898/855 856/899/856 852/891/852
f 849/888/849 855/898/855 852/891/852
f 536/893/536 852/891/852 856/899/856
f 554/902/554 536/893/536 856/899/856
f 894/939/894 889/934/889 896/941/896
f 855/898/855 849/888/849 889/934/889
f 894/939/894 855/898/855 889/934/889
f 556/903/556 857/900/857 473/984/473
f 857/900/857 472/985/472 473/984/473
f 472/985/472 857/900/857 858/901/858
f 471/986/471 472/985/472 858/901/858
f 471/986/471 858/901/858 893/938/893
f 474/987/474 471/986/471 893/938/893
f 474/987/474 893/938/893 895/940/895
f 476/988/476 474/987/474 895/940/895
f 887/932/887 844/880/844 845/881/845
f 860/905/860 887/932/887 845/881/845
f 887/932/887 888/933/888 844/880/844
f 887/932/887 892/937/892 888/933/888
f 892/937/892 890/935/890 888/933/888
f 863/908/863 892/937/892 887/932/887
f 860/905/860 863/908/863 887/932/887
f 863/908/863 874/919/874 892/937/892
f 874/919/874 904/949/904 892/937/892
f 904/949/904 874/919/874 870/915/870
f 903/948/903 904/949/904 870/915/870
f 766/792/766 903/948/903 870/915/870
f 724/750/724 766/792/766 870/915/870
f 905/950/905 890/935/890 892/937/892
f 904/949/904 905/950/905 892/937/892
f 890/935/890 905/950/905 891/936/891
f 905/950/905 902/947/902 891/936/891
f 906/951/906 903/948/903 766/792/766
f 904/949/904 903/948/903 906/951/906
f 905/950/905 904/949/904 906/951/906
f 771/797/771 906/951/906 766/792/766
f 906/951/906 771/797/771 764/790/764
f 901/946/901 906/951/906 764/790/764
f 905/950/905 906/951/906 901/946/901
f 902/947/902 905/950/905 901/946/901
f 378/980/378 380/979/380 829/865/829
f 378/980/378 829/865/829 789/823/789
f 376/981/376 378/980/378 789/823/789
f 376/981/376 789/823/789 786/820/786
f 375/982/375 376/981/376 786/820/786
f 377/983/377 375/982/375 786/820/786
f 531/824/531 377/983/377 786/820/786
v -0.042403 0.773658 0.571908
vt 0.003906275 0.5078094
vn 0.667026 -0.683965 0.295413
v -0.042266 0.776256 0.572323
vt 0.003906275 0.5195282
vn 0.835916 0.373105 0.402539
v -0.042756 0.777074 0.57058
vt 0.01171882 0.5156219
vn 0.87034 0.34203 -0.354293
v -0.043052 0.775018 0.569796
vt 0.01171882 0.5078094
vn 0.684224 -0.148166 -0.714062
vt 0.003906275 0.5278291
v -0.044182 0.775396 0.5731
vt 0.01171882 0.5278291
vn -0.155421 -0.250637 0.955524
v -0.04384 0.777005 0.573134
vt 0.01171882 0.5234345
vn 0.283519 0.26495 0.921639
v -0.044249 0.773407 0.570889
vt 0.00341799 0.5351533
vn -0.388277 -0.921014 -0.031195
v -0.045743 0.775224 0.572206
vt 0.01171882 0.531247
vn -0.562978 -0.580251 0.588528
vt 0.00341799 0.5468721
vt 0.01123054 0.5468721
v -0.044763 0.7746 0.568994
vt 0.01123054 0.5390596
vn 0.088225 -0.635059 -0.767409
v -0.069612 0.806646 0.555972
vt 0.01953137 0.5078094
vn 0.526403 0.106853 -0.843494
v -0.068902 0.809889 0.557991
vt 0.01953137 0.5156219
vn 0.763917 0.535821 -0.35962
vt 0.01953137 0.5468721
v -0.07096 0.803508 0.555752
vt 0.01953137 0.5390596
vn -0.145996 -0.541908 -0.82766
v -0.097907 0.836946 0.541872
vt 0.02734392 0.5468721
vn 0.525145 0.118542 -0.842716
v -0.099877 0.832283 0.541501
vt 0.02734392 0.5390596
vn -0.131617 -0.563127 -0.815822
v -0.096909 0.841679 0.544939
vt 0.02734392 0.5156219
vn 0.738989 0.575045 -0.351024
vt 0.02734392 0.5078094
v -0.072162 0.807069 0.563172
vt 0.01953137 0.5278291
vn -0.33797 0.025523 0.940811
v -0.072802 0.804766 0.561956
vt 0.01953137 0.531247
vn -0.694574 -0.487528 0.529041
v -0.070884 0.809267 0.562587
vt 0.01953137 0.5234345
vn 0.184327 0.493116 0.850212
v -0.101796 0.837222 0.552653
vt 0.02734392 0.5278291
vn -0.310907 0.092009 0.945976
v -0.099891 0.840269 0.551374
vt 0.02734392 0.5234345
vn 0.163536 0.538786 0.826417
v -0.102728 0.834106 0.551237
vt 0.02734392 0.531247
vn -0.684416 -0.493531 0.536659
v -0.072212 0.80323 0.558615
vt 0.01953137 0.5351533
vn -0.68267 -0.725946 -0.083451
v -0.101786 0.831898 0.546071
vt 0.02734392 0.5351533
vn -0.658685 -0.749128 -0.070298
v -0.12997 0.862558 0.541109
vt 0.03515647 0.5278291
vn -0.311475 0.130877 0.941199
v -0.130984 0.85922 0.539692
vt 0.03515647 0.531247
vn -0.663653 -0.502426 0.554196
v -0.127883 0.865852 0.539563
vt 0.03515647 0.5234345
vn 0.120092 0.574376 0.809735
v -0.157662 0.884556 0.528664
vt 0.04296902 0.5278291
vn -0.309238 0.129251 0.94216
v -0.155574 0.887948 0.52708
vt 0.04296902 0.5234345
vn 0.098942 0.580673 0.808102
v -0.158698 0.881092 0.527194
vt 0.04296902 0.531247
vn -0.636802 -0.519466 0.56977
v -0.129933 0.856806 0.533968
vt 0.03515647 0.5351533
vn -0.618806 -0.783477 -0.056954
v -0.127828 0.857223 0.52885
vt 0.03515647 0.5390596
vn -0.101674 -0.58628 -0.803703
v -0.15768 0.878652 0.521502
vt 0.04296902 0.5351533
vn -0.578654 -0.814219 -0.046982
v -0.155441 0.879268 0.516283
vt 0.04296902 0.5390596
vn -0.055347 -0.597596 -0.799885
v -0.125684 0.862383 0.529251
vt 0.03515647 0.5078094
vn 0.514565 0.125051 -0.848284
v -0.124611 0.867587 0.532618
vt 0.03515647 0.5156219
vn 0.701879 0.616036 -0.357583
vt 0.03515647 0.5468721
v -0.153303 0.884468 0.516547
vt 0.04296902 0.5468721
vn 0.515751 0.127955 -0.847129
v -0.152233 0.889916 0.519973
vt 0.04296902 0.5156219
vn 0.685239 0.631686 -0.36252
vt 0.04296902 0.5078094
v -0.187135 0.899113 0.50742
vt 0.05078157 0.5351533
vn -0.526363 -0.849818 -0.027425
v -0.18423 0.899831 0.501562
vt 0.05078157 0.5390596
vn -0.007247 -0.606571 -0.794996
v -0.187908 0.901985 0.514234
vt 0.05078157 0.531247
vn -0.593671 -0.548755 0.588577
v -0.216472 0.915914 0.49478
vt 0.05859412 0.5351533
vn -0.431786 -0.901976 0.000519
v -0.217972 0.919307 0.501893
vt 0.05859412 0.531247
vn -0.514868 -0.590918 0.621069
v -0.214333 0.916891 0.486875
vt 0.05859412 0.5390596
vn 0.03536 -0.635226 -0.771516
v -0.186902 0.905915 0.51602
vt 0.05078157 0.5278291
vn -0.298809 0.119046 0.946859
v -0.18458 0.909917 0.514173
vt 0.05078157 0.5234345
vn 0.072065 0.584485 0.808198
v -0.217242 0.923747 0.503486
vt 0.05859412 0.5278291
vn -0.284444 0.098547 0.953614
v -0.215158 0.928519 0.501075
vt 0.05859412 0.5234345
vn 0.028253 0.598025 0.800979
v -0.182009 0.906077 0.501344
vt 0.05078157 0.5078094
vn 0.511428 0.147552 -0.846563
v -0.180748 0.912451 0.506085
vt 0.05078157 0.5156219
vn 0.653405 0.660495 -0.369877
vt 0.05078157 0.5468721
v -0.212001 0.924758 0.486443
vt 0.05859412 0.5468721
vn 0.478373 0.173133 -0.86092
v -0.211383 0.932209 0.49183
vt 0.05859412 0.5156219
vn 0.567969 0.725608 -0.388464
vt 0.05859412 0.5078094
v -0.249587 0.938768 0.4923
vt 0.06640667 0.5278291
vn -0.265315 0.04582 0.963072
v -0.249665 0.9325 0.49045
vt 0.06640667 0.531247
vn -0.398987 -0.624112 0.671784
v -0.247777 0.945346 0.488405
vt 0.06640667 0.5234345
vn -0.003886 0.584706 0.811236
v -0.28322 0.947137 0.480302
vt 0.07421922 0.5278291
vn -0.270972 0.025678 0.962245
v -0.28509 0.958421 0.475032
vt 0.07421922 0.5234345
vn -0.181183 0.571922 0.800049
v -0.281827 0.941515 0.478796
vt 0.07421922 0.531247
vn -0.272303 -0.630611 0.726761
v -0.246969 0.92775 0.481692
vt 0.06640667 0.5351533
vn -0.291068 -0.956152 0.032459
v -0.245525 0.930175 0.472157
vt 0.06640667 0.5390596
vn 0.07564 -0.675863 -0.733135
v -0.278866 0.936749 0.470482
vt 0.07421922 0.5351533
vn -0.136089 -0.988989 0.058143
v -0.278423 0.938953 0.459205
vt 0.07421922 0.5390596
vn 0.090084 -0.697964 -0.710445
v -0.24474 0.940264 0.470112
vt 0.06640667 0.5078094
vn 0.4227 0.134885 -0.896176
v -0.244804 0.950012 0.475859
vt 0.06640667 0.5156219
vn 0.512868 0.744851 -0.426806
vt 0.06640667 0.5468721
v -0.281648 0.952326 0.454644
vt 0.07421922 0.5468721
vn 0.233025 0.08127 -0.969069
v -0.284328 0.966451 0.458656
vt 0.07421922 0.5156219
vn 0.181622 0.806092 -0.563231
vt 0.07421922 0.5078094
v -0.373272 0.928237 0.450318
vt 0.1289071 0.5195282
vn -0.595686 0.780926 0.187918
v -0.372947 0.92814 0.450715
vt 0.1210945 0.5234345
vn -0.463713 0.543307 0.699849
v -0.373255 0.927699 0.450751
vt 0.1210945 0.5278291
vn -0.534432 0.037735 0.844369
v -0.374063 0.92753 0.450059
vt 0.1289071 0.5278291
vn -0.969718 -0.171323 -0.174055
v -0.372927 0.927415 0.450671
vt 0.1210945 0.531247
vn -0.328049 -0.643699 0.691401
v -0.373083 0.927175 0.450273
vt 0.1289071 0.5351533
vn -0.184502 -0.982316 -0.031851
v -0.069562 0.810485 0.560528
vt 0.01953137 0.5195282
vn 0.614095 0.70018 0.364192
v -0.097916 0.84227 0.548454
vt 0.02734392 0.5195282
vn 0.550351 0.735756 0.394685
v -0.12572 0.86813 0.536398
vt 0.03515647 0.5195282
vn 0.483937 0.77797 0.400709
v -0.153365 0.89042 0.523792
vt 0.04296902 0.5195282
vn 0.452669 0.792956 0.407813
v -0.182028 0.912923 0.509944
vt 0.05078157 0.5195282
vn 0.407299 0.813491 0.415139
v -0.212686 0.932524 0.496608
vt 0.05859412 0.5195282
vn 0.326566 0.864367 0.382393
v -0.246371 0.950643 0.482236
vt 0.06640667 0.5195282
vn 0.295309 0.893746 0.337654
v -0.285436 0.967222 0.467125
vt 0.07421922 0.5195282
vn -0.019279 0.958781 0.283491
v -0.308534 0.944163 0.473915
vt 0.08203177 0.5278291
vn -0.315841 0.055731 0.947174
v -0.307819 0.938598 0.473116
vt 0.08203177 0.531247
vn -0.201313 -0.615254 0.762192
v -0.307996 0.951931 0.470488
vt 0.08203177 0.5234345
vn -0.367181 0.575001 0.731131
v -0.328177 0.939148 0.46657
vt 0.08984432 0.5278291
vn -0.336 0.084997 0.938019
v -0.327619 0.944626 0.464621
vt 0.08984432 0.5234345
vn -0.402678 0.583236 0.705469
v -0.327459 0.935059 0.466194
vt 0.08984432 0.531247
vn -0.164943 -0.599474 0.783214
v -0.307261 0.956547 0.463842
vt 0.08203177 0.5195282
vn -0.352247 0.916455 0.189819
v -0.326052 0.948595 0.459891
vt 0.08984432 0.5195282
vn -0.372829 0.909995 0.181404
v -0.305751 0.956314 0.456812
vt 0.08203177 0.5156219
vn -0.203997 0.783074 -0.587521
v -0.325169 0.948256 0.455
vt 0.08984432 0.5156219
vn -0.221123 0.789091 -0.573097
v -0.303351 0.947004 0.452328
vt 0.08203177 0.5078094
vn 0.038833 0.084645 -0.995654
v -0.323582 0.941251 0.451416
vt 0.08984432 0.5078094
vn 0.0158 0.092463 -0.995591
vt 0.08203177 0.5468721
v -0.303031 0.936478 0.455436
vt 0.08203177 0.5390596
vn 0.094638 -0.707271 -0.700579
vt 0.08984432 0.5468721
v -0.322773 0.933933 0.45385
vt 0.08984432 0.5390596
vn 0.124562 -0.723162 -0.679353
v -0.304912 0.934287 0.46433
vt 0.08203177 0.5351533
vn -0.013894 -0.99687 0.077822
v -0.325113 0.93226 0.459971
vt 0.08984432 0.5351533
vn 0.062367 -0.991649 0.112881
v -0.340201 0.930508 0.456838
vt 0.09765687 0.5351533
vn 0.095309 -0.9869 0.130168
v -0.339466 0.931685 0.452608
vt 0.09765687 0.5390596
vn 0.163561 -0.712839 -0.681988
v -0.341319 0.932566 0.460881
vt 0.09765687 0.531247
vn -0.136267 -0.594127 0.792745
v -0.351274 0.929481 0.454466
vt 0.1054694 0.5351533
vn 0.097897 -0.986238 0.13323
v -0.351975 0.930833 0.457281
vt 0.1054694 0.531247
vn -0.134894 -0.596404 0.791269
v -0.350864 0.930088 0.451458
vt 0.1054694 0.5390596
vn 0.179903 -0.684744 -0.70623
v -0.341747 0.93563 0.461238
vt 0.09765687 0.5278291
vn -0.327623 0.132428 0.935482
v -0.3523 0.932971 0.457511
vt 0.1054694 0.5278291
vn -0.327125 0.166766 0.93015
v -0.341601 0.939066 0.459356
vt 0.09765687 0.5234345
vn -0.391445 0.578484 0.71563
v -0.352403 0.935324 0.456094
vt 0.1054694 0.5234345
vn -0.372879 0.574025 0.729011
v -0.3416 0.941819 0.456398
vt 0.09765687 0.5195282
vn -0.379396 0.889625 0.254218
v -0.35245 0.937321 0.454081
vt 0.1054694 0.5195282
vn -0.383618 0.865171 0.322979
v -0.341144 0.941787 0.453282
vt 0.09765687 0.5156219
vn -0.209158 0.786581 -0.580985
v -0.352178 0.937357 0.45203
vt 0.1054694 0.5156219
vn -0.203962 0.774834 -0.598357
v -0.339922 0.936825 0.451044
vt 0.09765687 0.5078094
vn 0.04425 0.085554 -0.99535
v -0.351409 0.93383 0.45092
vt 0.1054694 0.5078094
vn 0.070308 0.087269 -0.993701
vt 0.09765687 0.5468721
vt 0.1054694 0.5468721
v -0.367366 0.927954 0.450242
vt 0.113282 0.5390596
vn 0.141814 -0.678568 -0.720718
v -0.367591 0.927762 0.451245
vt 0.113282 0.5351533
vn 0.065787 -0.991351 0.113553
v -0.36815 0.92894 0.452314
vt 0.113282 0.5278291
vn -0.347697 0.155798 0.924572
v -0.367961 0.92824 0.452171
vt 0.113282 0.531247
vn -0.159601 -0.607271 0.778299
v -0.368037 0.930442 0.451137
vt 0.113282 0.5195282
vn -0.410119 0.845387 0.342233
v -0.368195 0.929701 0.451888
vt 0.113282 0.5234345
vn -0.389014 0.565912 0.726919
v -0.367656 0.929224 0.45004
vt 0.113282 0.5078094
vn 0.059078 0.06149 -0.996358
v -0.36803 0.930434 0.450406
vt 0.113282 0.5156219
vn -0.23173 0.761452 -0.605386
v -0.373329 0.92824 0.449959
vt 0.1210945 0.5156219
vn -0.380091 0.652256 -0.655815
v -0.3731 0.927713 0.44984
vt 0.1210945 0.5078094
vn -0.162531 -0.030085 -0.986245
vt 0.113282 0.5468721
vt 0.1210945 0.5468721
v -0.372538 0.927363 0.450009
vt 0.1210945 0.5390596
vn 0.029894 -0.662862 -0.748145
vt 0.1289071 0.5078094
vt 0.1289071 0.5468721
v 0.043226 0.767646 0.573737
vt 0.0156251 0.03905642
vn -0.879219 0.305798 -0.365325
v 0.042748 0.766808 0.575474
vt 0.007812549 0.03515017
vn -0.855611 0.338176 0.391876
v 0.042997 0.764218 0.575061
vt 0.007812549 0.04686898
vn -0.641847 -0.710988 0.287278
v 0.043616 0.765604 0.572957
vt 0.0156251 0.04686898
vn -0.668488 -0.176247 -0.722537
v 0.044279 0.767622 0.576304
vt 0.0156251 0.03124386
vn -0.305786 0.252889 0.917901
v 0.044688 0.766028 0.576276
vt 0.0156251 0.02782589
vn 0.153619 -0.244118 0.957501
vt 0.007812549 0.02782589
v 0.046266 0.765921 0.575401
vt 0.0156251 0.0234313
vn 0.579042 -0.556569 0.595769
v 0.044865 0.764044 0.574066
vt 0.007812549 0.01903677
vn 0.426366 -0.904178 -0.025966
v 0.045353 0.765257 0.572178
vt 0.0156251 0.01513052
vn -0.052247 -0.638072 -0.768202
vt 0.0156251 0.007806242
vt 0.007812549 0.007806242
v 0.069684 0.798262 0.562945
vt 0.02343765 0.04686898
vn -0.519727 0.085102 -0.850083
v 0.06891 0.801122 0.564734
vt 0.02343765 0.03905642
vn -0.78084 0.503824 -0.369392
v 0.071001 0.79552 0.562766
vt 0.02343765 0.01513052
vn 0.178661 -0.5353 -0.825551
vt 0.02343765 0.007806242
v 0.10028 0.825982 0.547364
vt 0.0312502 0.01513052
vn 0.165023 -0.557102 -0.813883
v 0.098213 0.83035 0.547693
vt 0.0312502 0.007806242
vn -0.518969 0.096832 -0.849291
v 0.097039 0.834822 0.550606
vt 0.0312502 0.03905642
vn -0.757666 0.544046 -0.360494
vt 0.0312502 0.04686898
v 0.071857 0.798732 0.569385
vt 0.02343765 0.02782589
vn 0.324779 0.039363 0.94497
v 0.072525 0.796706 0.568311
vt 0.02343765 0.0234313
vn 0.707438 -0.458465 0.537905
v 0.070645 0.80064 0.56885
vt 0.02343765 0.03124386
vn -0.215212 0.484966 0.847639
v 0.09986 0.833595 0.556781
vt 0.0312502 0.03124386
vn -0.196038 0.531464 0.824084
v 0.101781 0.830765 0.558025
vt 0.0312502 0.02782589
vn 0.294929 0.104668 0.949769
v 0.102809 0.827831 0.556687
vt 0.0312502 0.0234313
vn 0.697441 -0.464881 0.5454
v 0.072094 0.795318 0.56533
vt 0.02343765 0.01903677
vn 0.71309 -0.697092 -0.074604
v 0.102061 0.825689 0.551747
vt 0.0312502 0.01903677
vn 0.68992 -0.721248 -0.061737
v 0.128957 0.856474 0.546037
vt 0.03906275 0.02782589
vn 0.293951 0.143525 0.944983
v 0.130065 0.853351 0.544706
vt 0.03906275 0.0234313
vn 0.676845 -0.474628 0.562681
v 0.126869 0.859513 0.544545
vt 0.03906275 0.03124386
vn -0.153904 0.568824 0.807931
v 0.154387 0.884964 0.530803
vt 0.0468753 0.03124386
vn -0.133013 0.575993 0.80656
v 0.156551 0.881724 0.532385
vt 0.0468753 0.02782589
vn 0.291766 0.141811 0.945919
v 0.157725 0.878371 0.530957
vt 0.0468753 0.0234313
vn 0.65194 -0.495321 0.574135
v 0.129232 0.851023 0.539267
vt 0.03906275 0.01903677
vn 0.651331 -0.757218 -0.048876
v 0.127283 0.851336 0.534388
vt 0.03906275 0.01513052
vn 0.135904 -0.581476 -0.802132
v 0.156896 0.875938 0.525361
vt 0.0468753 0.01903677
vn 0.614633 -0.787658 -0.042675
v 0.154741 0.876452 0.520213
vt 0.0468753 0.01513052
vn 0.105759 -0.599974 -0.792998
v 0.125044 0.856141 0.534742
vt 0.03906275 0.04686898
vn -0.508602 0.103772 -0.854725
v 0.123784 0.86103 0.537919
vt 0.03906275 0.03905642
vn -0.7222 0.586543 -0.366598
vt 0.03906275 0.007806242
v 0.152432 0.881463 0.520443
vt 0.0468753 0.007806242
vn -0.50211 0.096648 -0.859386
v 0.151119 0.886759 0.52379
vt 0.0468753 0.03905642
vn -0.706158 0.602869 -0.371334
vt 0.0468753 0.04686898
v 0.18483 0.896941 0.511614
vt 0.05468785 0.01903677
vn 0.560835 -0.827318 -0.03178
v 0.18244 0.897652 0.505795
vt 0.05468785 0.01513052
vn 0.067726 -0.620871 -0.780982
v 0.185749 0.899579 0.517654
vt 0.05419956 0.0234313
vn 0.610019 -0.529777 0.589248
v 0.215479 0.919533 0.504312
vt 0.06250039 0.0234313
vn 0.533551 -0.570165 0.624688
v 0.214136 0.916275 0.496663
vt 0.06250039 0.01903677
vn 0.466099 -0.884714 -0.005719
v 0.211868 0.917322 0.490066
vt 0.06250039 0.01513052
vn 0.017479 -0.653272 -0.756921
v 0.184584 0.903384 0.519389
vt 0.05419956 0.02782589
vn 0.281713 0.131177 0.95049
v 0.182172 0.907207 0.51755
vt 0.05419956 0.03124386
vn -0.106318 0.580904 0.806999
v 0.212332 0.928522 0.503464
vt 0.06250039 0.03124386
vn -0.063902 0.586523 0.807408
v 0.214556 0.923891 0.505876
vt 0.06250039 0.02782589
vn 0.268063 0.112264 0.956838
v 0.179957 0.903347 0.505944
vt 0.05468785 0.04686898
vn -0.490907 0.099326 -0.865532
v 0.178418 0.909533 0.509664
vt 0.05468785 0.03905642
vn -0.675452 0.632965 -0.378312
vt 0.05468785 0.007806242
v 0.209535 0.924677 0.489954
vt 0.06250039 0.007806242
vn -0.461948 0.121607 -0.878531
v 0.208566 0.932015 0.494273
vt 0.06250039 0.03905642
vn -0.597088 0.681631 -0.422925
vt 0.06250039 0.04686898
v 0.244334 0.941899 0.493252
vt 0.07031295 0.02782589
vn 0.238173 0.080639 0.967869
v 0.244999 0.936191 0.491507
vt 0.07031295 0.0234313
vn 0.410864 -0.604282 0.682667
v 0.242932 0.947962 0.490955
vt 0.07031295 0.03124386
vn -0.014145 0.561288 0.8275
v 0.282124 0.963042 0.477128
vt 0.07812549 0.03124386
vn 0.152158 0.550917 0.820572
v 0.28102 0.953289 0.479814
vt 0.07812549 0.02782589
vn 0.248247 0.082997 0.965135
v 0.278798 0.945377 0.478893
vt 0.07812549 0.0234313
vn 0.286213 -0.612132 0.73714
v 0.243966 0.932387 0.482271
vt 0.07031295 0.01903677
vn 0.325342 -0.945519 0.012126
v 0.242241 0.934297 0.473849
vt 0.07031295 0.01513052
vn -0.030458 -0.68686 -0.726152
v 0.275108 0.941407 0.470178
vt 0.07812549 0.01903677
vn 0.159385 -0.986891 0.025371
v 0.275391 0.943789 0.460503
vt 0.07812549 0.01513052
vn -0.056999 -0.702793 -0.709107
v 0.241131 0.945376 0.472231
vt 0.07031295 0.04686898
vn -0.416324 0.101827 -0.903496
v 0.240748 0.95296 0.47802
vt 0.07031295 0.03905642
vn -0.539459 0.696703 -0.472852
vt 0.07031295 0.007806242
v 0.27703 0.958441 0.456513
vt 0.07812549 0.007806242
vn -0.227917 0.067879 -0.971312
v 0.280294 0.970928 0.460986
vt 0.07812549 0.03905642
vn -0.215406 0.782672 -0.583973
vt 0.07812549 0.04686898
v 0.370335 0.933617 0.451225
vt 0.1328133 0.03515017
vn 0.560476 0.804873 0.195054
v 0.37126 0.932859 0.450945
vt 0.1328133 0.02782589
vn 0.978051 -0.13122 -0.161855
v 0.370335 0.933012 0.451711
vt 0.1250008 0.02782589
vn 0.521813 0.059583 0.850977
v 0.369997 0.933463 0.451664
vt 0.1250008 0.03124386
vn 0.432009 0.561888 0.705443
v 0.370172 0.93302 0.450685
vt 0.1250008 0.007806242
vn 0.176019 -0.023235 -0.984113
v 0.369556 0.932601 0.450868
vt 0.1250008 0.01513052
vn 0.006941 -0.663457 -0.748182
v 0.370173 0.932415 0.451172
vt 0.1328133 0.01903677
vn 0.225372 -0.973835 -0.029192
vt 0.1328133 0.007806242
v 0.069447 0.801676 0.567001
vt 0.02343765 0.03515017
vn -0.647037 0.674143 0.356194
v 0.097933 0.835425 0.553971
vt 0.0312502 0.03515017
vn -0.585209 0.712325 0.387458
v 0.124768 0.861588 0.541517
vt 0.03906275 0.03515017
vn -0.520675 0.757249 0.394298
v 0.152161 0.887298 0.52755
vt 0.0468753 0.03515017
vn -0.490144 0.773516 0.401785
v 0.179599 0.910045 0.51384
vt 0.05468785 0.03515017
vn -0.445764 0.795907 0.409667
v 0.209781 0.932379 0.499014
vt 0.06250039 0.03515017
vn -0.387445 0.847907 0.361857
v 0.241524 0.953285 0.484306
vt 0.07031295 0.03515017
vn -0.344462 0.883605 0.317155
v 0.281276 0.971507 0.469195
vt 0.07812549 0.03515017
vn -0.019941 0.955211 0.295252
v 0.302382 0.950158 0.474571
vt 0.08593804 0.02782589
vn 0.307599 0.093758 0.946886
v 0.302355 0.944355 0.473725
vt 0.08593804 0.0234313
vn 0.223697 -0.601883 0.766614
v 0.302472 0.957378 0.471686
vt 0.08593804 0.03124386
vn 0.331951 0.574705 0.748012
v 0.322809 0.950499 0.46507
vt 0.0937506 0.03124386
vn 0.378886 0.595452 0.708437
v 0.323592 0.944604 0.467605
vt 0.0937506 0.02782589
vn 0.323805 0.099421 0.940886
v 0.323038 0.94066 0.467208
vt 0.0937506 0.0234313
vn 0.178925 -0.593892 0.784397
v 0.300807 0.962862 0.464435
vt 0.08593804 0.03515017
vn 0.312001 0.931207 0.188439
v 0.321075 0.954294 0.460454
vt 0.0937506 0.03515017
vn 0.342885 0.924387 0.167147
v 0.299225 0.962798 0.457199
vt 0.08593804 0.03905642
vn 0.169066 0.774877 -0.609083
v 0.320296 0.953907 0.455878
vt 0.0937506 0.03905642
vn 0.194529 0.785542 -0.587437
v 0.297751 0.954762 0.453002
vt 0.08593804 0.04686898
vn -0.031927 0.080108 -0.996275
v 0.320165 0.948383 0.451846
vt 0.0937506 0.04686898
vn -0.007335 0.09714 -0.995244
v 0.298185 0.942461 0.455369
vt 0.08593804 0.01513052
vn -0.070624 -0.708153 -0.702519
vt 0.08593804 0.007806242
v 0.318726 0.939233 0.453998
vt 0.0937506 0.01513052
vn -0.090683 -0.715128 -0.693087
vt 0.0937506 0.007806242
v 0.300099 0.939971 0.464486
vt 0.08593804 0.01903677
vn 0.036615 -0.997538 0.059808
v 0.320953 0.937627 0.4607
vt 0.0937506 0.01903677
vn -0.02809 -0.994748 0.098423
v 0.336019 0.936135 0.45793
vt 0.1015631 0.01903677
vn -0.05588 -0.991262 0.11949
v 0.335266 0.937212 0.453165
vt 0.1015631 0.01513052
vn -0.121402 -0.709342 -0.694331
v 0.337042 0.938203 0.462313
vt 0.1015631 0.0234313
vn 0.150236 -0.588852 0.794155
v 0.347527 0.936484 0.458787
vt 0.1093757 0.0234313
vn 0.149489 -0.590393 0.793152
v 0.346896 0.935191 0.455811
vt 0.1093757 0.01903677
vn -0.058706 -0.989453 0.132423
v 0.346483 0.935803 0.45273
vt 0.1093757 0.01513052
vn -0.142553 -0.691527 -0.708145
v 0.337345 0.941157 0.462689
vt 0.1015631 0.02782589
vn 0.310093 0.145737 0.93947
v 0.34777 0.938498 0.459029
vt 0.1093757 0.02782589
vn 0.308244 0.180035 0.934116
v 0.337071 0.945165 0.460732
vt 0.1015631 0.03124386
vn 0.358176 0.594076 0.720266
v 0.347794 0.941103 0.457559
vt 0.1093757 0.03124386
vn 0.339646 0.588861 0.733406
v 0.336974 0.947569 0.457496
vt 0.1015631 0.03515017
vn 0.339068 0.904518 0.258614
v 0.347769 0.943014 0.455396
vt 0.1093757 0.03515017
vn 0.343435 0.880255 0.327421
v 0.33656 0.947518 0.45442
vt 0.1015631 0.03905642
vn 0.183741 0.794631 -0.57862
v 0.347526 0.943041 0.453337
vt 0.1093757 0.03905642
vn 0.179253 0.782679 -0.596055
v 0.335577 0.943409 0.452249
vt 0.1015631 0.04686898
vn -0.032773 0.088839 -0.995507
v 0.346895 0.939848 0.452177
vt 0.1093757 0.04686898
vn -0.061367 0.084409 -0.99454
vt 0.1015631 0.007806242
vt 0.1093757 0.007806242
v 0.363601 0.933066 0.452556
vt 0.1171882 0.01903677
vn -0.026169 -0.993231 0.113168
v 0.363328 0.933273 0.451445
vt 0.1171882 0.01513052
vn -0.10458 -0.683779 -0.722156
v 0.364121 0.934444 0.453808
vt 0.1171882 0.02782589
vn 0.329335 0.169892 0.928803
v 0.363964 0.933626 0.453646
vt 0.1171882 0.0234313
vn 0.174797 -0.600222 0.780499
v 0.364237 0.93613 0.452436
vt 0.1167 0.03515017
vn 0.370472 0.861611 0.346954
v 0.364282 0.935409 0.453254
vt 0.1171882 0.03124386
vn 0.356122 0.581429 0.731517
v 0.363601 0.93473 0.451219
vt 0.1171882 0.04686898
vn -0.049056 0.059117 -0.997045
v 0.363963 0.936121 0.451639
vt 0.1171882 0.03905642
vn 0.20763 0.77044 -0.602754
v 0.370061 0.932651 0.451622
vt 0.1250008 0.0234313
vn 0.345732 -0.629723 0.695643
v 0.370404 0.933622 0.450822
vt 0.1250008 0.03905642
vn 0.361002 0.667462 -0.651285
vt 0.1250008 0.04686898
vt 0.1171882 0.007806242
vt 0.1328133 0.04686898
v -0.02831 0.840426 0.564438
vt 0.8315482 0.01952505
vn -0.032844 0.440464 0.897169
v -0.030492 0.81948 0.570115
vt 0.8242239 0.01952505
vn -0.046175 0.32853 0.943364
v -0.035145 0.81841 0.567668
vt 0.8242239 0.0234313
vn -0.845258 0.302706 0.440349
v -0.032232 0.839396 0.56238
vt 0.8315482 0.0234313
vn -0.836653 0.313781 0.448947
v -0.024255 0.839943 0.562451
vt 0.8315482 0.0156188
vn 0.808907 0.182788 0.558801
v -0.02578 0.819361 0.567699
vt 0.8242239 0.0156188
vn 0.800213 0.057055 0.596996
v -0.026411 0.862213 0.548364
vt 0.8398491 0.01952505
vn -0.035926 0.526329 0.849522
v -0.024085 0.861835 0.546769
vt 0.8398491 0.0156188
vn 0.791384 0.274048 0.546452
v -0.029411 0.861623 0.5467
vt 0.8398491 0.0234313
vn -0.816114 0.349268 0.460401
v -0.040847 0.783227 0.574363
vt 0.800298 0.01952505
vn -0.195454 -0.07368 0.977941
v -0.039291 0.78204 0.573528
vt 0.800298 0.0156188
vn 0.603742 -0.270434 0.749907
v -0.040541 0.779159 0.572789
vt 0.79688 0.0156188
vn 0.490914 -0.395484 0.776271
v -0.041711 0.779887 0.573307
vt 0.7929738 0.01952505
vn -0.210687 -0.353296 0.911479
v -0.038535 0.79119 0.574151
vt 0.8085989 0.01952505
vn -0.140834 0.117528 0.983033
v -0.03657 0.789141 0.573088
vt 0.8085989 0.0156188
vn 0.698115 -0.157368 0.698478
v -0.042486 0.781973 0.573428
vt 0.800298 0.0234313
vn -0.89563 0.138632 0.422644
v -0.040602 0.789324 0.572974
vt 0.8085989 0.0234313
vn -0.878161 0.270368 0.394632
v -0.042918 0.779046 0.57271
vt 0.79688 0.0234313
vn -0.848673 -0.086238 0.52184
v -0.024892 0.886739 0.530955
vt 0.8471733 0.01952505
vn -0.065902 0.584509 0.808707
v -0.026388 0.886438 0.529852
vt 0.8471733 0.0234313
vn -0.746001 0.419876 0.516901
v -0.024239 0.905503 0.515575
vt 0.8627984 0.0234313
vn -0.641387 0.581997 0.499903
v -0.023399 0.906896 0.514584
vt 0.8627984 0.01952505
vn -0.054779 0.78344 0.619048
v -0.023633 0.886922 0.529832
vt 0.8471733 0.0156188
vn 0.704741 0.381196 0.598357
v -0.02283 0.905858 0.515532
vt 0.8627984 0.0156188
vn 0.59604 0.592899 0.541486
v -0.02746 0.8353 0.545165
vt 0.8315482 0.03563845
vn 0.05636 -0.372269 -0.926412
v -0.02058 0.836464 0.547301
vt 0.8315482 0.0395447
vn 0.865615 -0.241893 -0.438404
v -0.021731 0.859697 0.537512
vt 0.8398491 0.0395447
vn 0.859437 -0.245113 -0.448652
v -0.026332 0.858772 0.535792
vt 0.8398491 0.03563845
vn 0.060795 -0.425054 -0.903124
v -0.029625 0.814993 0.55292
vt 0.8242239 0.03563845
vn 0.056416 -0.352427 -0.934137
v -0.022696 0.81639 0.555247
vt 0.8242239 0.0395447
vn 0.860998 -0.304107 -0.407679
v -0.036315 0.835222 0.547035
vt 0.8315482 0.03124386
vn -0.825589 -0.114657 -0.5525
v -0.038966 0.814967 0.554983
vt 0.8242239 0.03124386
vn -0.818322 -0.072352 -0.570188
v -0.032568 0.858669 0.537331
vt 0.8398491 0.03124386
vn -0.825953 -0.166365 -0.538632
v -0.040432 0.776259 0.567282
vt 0.800298 0.03563845
vn 0.054286 -0.513965 -0.856092
v -0.038357 0.783152 0.565191
vt 0.8085989 0.03563845
vn 0.070281 -0.341159 -0.937375
v -0.041727 0.783958 0.566171
vt 0.8085989 0.03124386
vn -0.799034 -0.036654 -0.600168
v -0.042627 0.777188 0.568053
vt 0.800298 0.03124386
vn -0.848227 -0.148576 -0.508367
v -0.037981 0.777303 0.568281
vt 0.800298 0.0395447
vn 0.820774 -0.567122 -0.068577
v -0.035031 0.784355 0.56645
vt 0.8085989 0.0395447
vn 0.854416 -0.434858 -0.284381
v -0.04229 0.772287 0.568581
vt 0.7929738 0.03563845
vn -0.133523 -0.986784 -0.091815
v -0.038969 0.774752 0.569144
vt 0.7929738 0.0395447
vn 0.655164 -0.694876 0.296491
v -0.04314 0.775446 0.569007
vt 0.7929738 0.03124386
vn -0.900082 -0.400721 -0.171102
v -0.024886 0.886269 0.52205
vt 0.8471733 0.03563845
vn 0.070424 -0.463246 -0.883427
v -0.021869 0.886844 0.523163
vt 0.8471733 0.0395447
vn 0.835133 -0.269455 -0.479528
v -0.027904 0.885812 0.523163
vt 0.8471733 0.03124386
vn -0.802188 -0.209052 -0.559278
v -0.023532 0.906185 0.512606
vt 0.8710992 0.03563845
vn 0.06521 -0.039286 -0.997098
v -0.024849 0.904805 0.513268
vt 0.8710992 0.03124386
vn -0.735585 0.014952 -0.677267
v -0.02232 0.905334 0.513231
vt 0.8710992 0.0395447
vn 0.799979 -0.003901 -0.600015
v -0.035798 0.836966 0.553017
vt 0.8315482 0.02733761
vn -0.956677 0.213481 0.197977
v -0.038387 0.816711 0.560979
vt 0.8242239 0.02733761
vn -0.956296 0.227389 0.183827
v -0.032184 0.860107 0.541763
vt 0.8398491 0.02733761
vn -0.956143 0.213088 0.20096
v -0.028998 0.800351 0.566688
vt 0.8159231 0.01171249
vn 0.898117 -0.163556 0.408211
v -0.02364 0.817826 0.561255
vt 0.8242239 0.01171249
vn 0.935604 -0.048486 0.349707
vt 0.8242239 0.007806242
v -0.028314 0.798176 0.562094
vt 0.8159231 0.007806242
vn 0.851979 -0.385292 -0.354518
v -0.030583 0.801805 0.571216
vt 0.8159231 0.0156188
vn 0.758805 -0.073123 0.6472
v -0.035407 0.78734 0.569802
vt 0.8085989 0.01171249
vn 0.846365 -0.239563 0.475684
vt 0.8085989 0.007806242
v -0.042122 0.774445 0.570985
vt 0.7846729 0.01952505
vn -0.218201 -0.65156 0.726538
v -0.039416 0.776527 0.571011
vt 0.7929738 0.01171249
vn 0.541912 -0.501738 0.674233
vt 0.7929738 0.007806242
vt 0.7846729 0.007806242
v -0.043356 0.776762 0.570878
vt 0.7929738 0.02733761
vn -0.918902 -0.238155 0.314485
vt 0.7846729 0.03124386
v -0.03804 0.779798 0.570932
vt 0.800298 0.01171249
vn 0.746587 -0.33801 0.573024
vt 0.800298 0.007806242
v -0.04374 0.779265 0.570713
vt 0.800298 0.02733761
vn -0.990872 0.090823 0.099618
v -0.042744 0.787002 0.569539
vt 0.8085989 0.02733761
vn -0.974168 0.208191 0.08748
v -0.023455 0.907082 0.513285
vt 0.867193 0.01952505
vn 0.009594 0.958575 -0.284678
v -0.024671 0.906458 0.513656
vt 0.867193 0.02733761
vn -0.881196 0.472728 0.004622
vt 0.8710992 0.01952505
v -0.02232 0.906457 0.513996
vt 0.867193 0.01171249
vn 0.891932 0.451028 0.032116
vt 0.8710992 0.007806242
v -0.027739 0.885999 0.526509
vt 0.8471733 0.02733761
vn -0.95349 0.224947 0.200639
v -0.022038 0.887009 0.526496
vt 0.8471733 0.01171249
vn 0.962639 0.12904 0.238064
vt 0.8471733 0.007806242
v -0.022175 0.861032 0.541929
vt 0.8398491 0.01171249
vn 0.959118 0.104234 0.263111
vt 0.8398491 0.007806242
v -0.034809 0.802352 0.572829
vt 0.8159231 0.01952505
vn -0.085089 0.210066 0.973978
v -0.038261 0.801539 0.571069
vt 0.8159231 0.0234313
vn -0.856178 0.297894 0.422159
v -0.033611 0.796944 0.560411
vt 0.8159231 0.03563845
vn 0.060488 -0.352185 -0.933974
vt 0.8159231 0.0395447
v -0.0407 0.797323 0.561808
vt 0.8159231 0.03124386
vn -0.80639 -0.044929 -0.589675
v -0.040856 0.799674 0.566405
vt 0.8159231 0.02733761
vn -0.96105 0.236104 0.143661
v -0.021382 0.83798 0.553285
vt 0.8315482 0.01171249
vn 0.95218 0.056208 0.300324
vt 0.8315482 0.007806242
v 0.034842 0.818536 0.568569
vt 0.9453185 0.0234313
vn 0.841871 0.296344 0.451036
v 0.031247 0.819622 0.571139
vt 0.9453185 0.01952505
vn 0.038654 0.326796 0.944304
v 0.02932 0.840162 0.564943
vt 0.9375059 0.01952505
vn 0.032349 0.439066 0.897872
v 0.032393 0.839069 0.562405
vt 0.9375059 0.0234313
vn 0.836171 0.312435 0.45078
v 0.026788 0.81864 0.568749
vt 0.9453185 0.0156188
vn -0.806029 0.06193 0.588627
v 0.025557 0.839498 0.562567
vt 0.9375059 0.0156188
vn -0.809079 0.183045 0.558468
v 0.024555 0.861901 0.548234
vt 0.9296934 0.0156188
vn -0.791383 0.274048 0.546453
v 0.027084 0.862332 0.549941
vt 0.9296934 0.01952505
vn 0.035929 0.52633 0.849521
v 0.029409 0.861517 0.54816
vt 0.9296934 0.0234313
vn 0.816115 0.349268 0.4604
v 0.040411 0.774499 0.572875
vt 0.9721741 0.0156188
vn -0.586025 -0.510189 0.629509
v 0.039339 0.777863 0.574249
vt 0.9687561 0.0156188
vn -0.695117 -0.345619 0.630365
v 0.040316 0.778636 0.57517
vt 0.9687561 0.01952505
vn 0.075546 -0.182051 0.980383
v 0.04146 0.774287 0.573121
vt 0.9765687 0.01952505
vn 0.086993 -0.432877 0.897246
v 0.037066 0.786022 0.574265
vt 0.9609436 0.0156188
vn -0.761233 -0.186228 0.621163
v 0.038324 0.786766 0.575528
vt 0.9609436 0.01952505
vn 0.058434 0.054493 0.996803
v 0.040425 0.786349 0.574151
vt 0.9609436 0.0234313
vn 0.835165 0.236714 0.496453
v 0.041741 0.778478 0.574174
vt 0.9687561 0.0234313
vn 0.801041 0.093751 0.591222
v 0.042212 0.775065 0.57287
vt 0.9721741 0.0234313
vn 0.719081 -0.102035 0.687394
v 0.024196 0.906565 0.514748
vt 0.9062557 0.0234313
vn 0.682185 0.566238 0.4626
v 0.026198 0.886436 0.529586
vt 0.9218808 0.0234313
vn 0.748009 0.418214 0.515344
v 0.025041 0.886713 0.530602
vt 0.9218808 0.01952505
vn 0.06456 0.583569 0.809493
v 0.023551 0.907489 0.514131
vt 0.9062557 0.01952505
vn 0.110284 0.795463 0.595883
v 0.023882 0.886881 0.529568
vt 0.9218808 0.0156188
vn -0.706712 0.379307 0.597231
v 0.022976 0.906908 0.514706
vt 0.9062557 0.0156188
vn -0.573579 0.613074 0.543275
v 0.02147 0.859913 0.538217
vt 0.9296934 0.03905642
vn -0.859437 -0.245112 -0.448652
v 0.020769 0.836108 0.547534
vt 0.9375059 0.03905642
vn -0.865329 -0.241779 -0.439032
v 0.02885 0.834562 0.545863
vt 0.9375059 0.03515017
vn -0.056222 -0.372199 -0.926449
v 0.026999 0.858964 0.536635
vt 0.9296934 0.03515017
vn -0.060796 -0.425054 -0.903124
v 0.022473 0.815738 0.555423
vt 0.9453185 0.03905642
vn -0.85766 -0.303177 -0.415336
v 0.030549 0.814562 0.554181
vt 0.9453185 0.03515017
vn -0.054981 -0.35191 -0.934418
v 0.038824 0.814307 0.555122
vt 0.9453185 0.03124386
vn 0.82164 -0.072483 -0.56538
v 0.036267 0.834577 0.54717
vt 0.9375059 0.03124386
vn 0.826004 -0.114779 -0.551855
v 0.032215 0.858964 0.537949
vt 0.9296934 0.03124386
vn 0.825953 -0.166365 -0.538632
v 0.042984 0.783707 0.567264
vt 0.9609436 0.03124386
vn 0.823466 -0.007796 -0.567312
v 0.039088 0.78355 0.566867
vt 0.9609436 0.03515017
vn -0.042631 -0.338289 -0.940076
v 0.041475 0.775618 0.569391
vt 0.9687561 0.03515017
vn -0.011662 -0.4017 -0.915697
v 0.043846 0.775745 0.569604
vt 0.9687561 0.03124386
vn 0.86103 -0.041204 -0.506882
v 0.034378 0.783848 0.567609
vt 0.9609436 0.03905642
vn -0.809608 -0.450254 -0.376572
v 0.038506 0.77591 0.569674
vt 0.9687561 0.03905642
vn -0.76193 -0.562386 -0.321223
v 0.040192 0.772987 0.570488
vt 0.9765687 0.03905642
vn -0.697588 -0.700578 -0.150201
v 0.041952 0.771889 0.57064
vt 0.9765687 0.03515017
vn 0.117936 -0.823688 -0.554643
v 0.042603 0.772926 0.570486
vt 0.9765687 0.03124386
vn 0.932786 -0.234989 -0.273296
v 0.025035 0.88628 0.522014
vt 0.9218808 0.03515017
vn -0.070796 -0.465132 -0.882406
v 0.022258 0.886809 0.523038
vt 0.9218808 0.03905642
vn -0.834486 -0.271491 -0.479505
v 0.027886 0.88586 0.523039
vt 0.9218808 0.03124386
vn 0.802925 -0.209886 -0.557907
v 0.024814 0.905084 0.512403
vt 0.8984432 0.03124386
vn 0.809553 0.022277 -0.586624
v 0.023673 0.906606 0.511661
vt 0.8984432 0.03515017
vn -0.021169 -0.074035 -0.997031
v 0.022509 0.905596 0.512367
vt 0.8984432 0.03905642
vn -0.799407 -0.049359 -0.598759
v 0.038181 0.816363 0.562454
vt 0.9453185 0.02782589
vn 0.954537 0.225024 0.195508
v 0.03563 0.836856 0.555511
vt 0.9375059 0.02782589
vn 0.956441 0.212937 0.199695
v 0.031804 0.860079 0.542879
vt 0.9296934 0.02782589
vn 0.956143 0.213088 0.20096
vt 0.9453185 0.007806242
v 0.02364 0.817453 0.562769
vt 0.9453185 0.01220077
vn -0.939942 -0.047131 0.338065
v 0.028872 0.799067 0.567114
vt 0.953131 0.01220077
vn -0.918591 -0.170373 0.356599
v 0.028057 0.798102 0.562423
vt 0.953131 0.007806242
vn -0.836328 -0.386729 -0.388581
v 0.03233 0.80038 0.572775
vt 0.953131 0.0156188
vn -0.78853 -0.068461 0.611174
v 0.034678 0.784706 0.570458
vt 0.9609436 0.01220077
vn -0.893959 -0.279757 0.350106
vt 0.9609436 0.007806242
vt 0.9765687 0.007806242
v 0.040378 0.773032 0.571284
vt 0.9765687 0.01220077
vn -0.700603 -0.626931 0.340754
v 0.041909 0.77176 0.571291
vt 0.9843812 0.01952505
vn 0.156001 -0.810389 0.564742
vt 0.9843812 0.007806242
v 0.042511 0.773005 0.571319
vt 0.9765687 0.02782589
vn 0.917614 -0.147881 0.368938
vt 0.9843812 0.03124386
v 0.038208 0.776871 0.571382
vt 0.9687561 0.01220077
vn -0.845592 -0.419466 0.330185
vt 0.9687561 0.007806242
v 0.043843 0.776719 0.571286
vt 0.9687561 0.02782589
vn 0.959146 0.152688 0.23817
v 0.042615 0.784631 0.570123
vt 0.9609436 0.02782589
vn 0.955923 0.226876 0.186385
v 0.024667 0.906621 0.513504
vt 0.9023495 0.02782589
vn 0.900043 0.434564 0.032807
v 0.0236 0.907915 0.512668
vt 0.9023495 0.01952505
vn 0.128247 0.955867 -0.264331
vt 0.8984432 0.01952505
v 0.022497 0.907233 0.513422
vt 0.9023495 0.01220077
vn -0.896486 0.442455 0.023364
vt 0.8984432 0.007806242
v 0.027734 0.886032 0.526509
vt 0.9218808 0.02782589
vn 0.953351 0.224958 0.201287
v 0.022414 0.886961 0.526496
vt 0.9218808 0.01220077
vn -0.962844 0.12807 0.237759
vt 0.9218808 0.007806242
v 0.021946 0.860916 0.543132
vt 0.9296934 0.01220077
vn -0.959119 0.104233 0.26311
vt 0.9296934 0.007806242
v 0.038025 0.800262 0.572619
vt 0.953131 0.0234313
vn 0.842261 0.283057 0.458775
v 0.034859 0.801222 0.574631
vt 0.953131 0.01952505
vn 0.050661 0.202072 0.97806
vt 0.953131 0.03905642
v 0.034681 0.797265 0.561233
vt 0.953131 0.03515017
vn -0.052984 -0.350634 -0.935013
v 0.041052 0.797233 0.562043
vt 0.953131 0.03124386
vn 0.8183 -0.039309 -0.573445
v 0.040567 0.798408 0.566737
vt 0.953131 0.02782589
vn 0.953946 0.236073 0.185088
vt 0.9375059 0.007806242
v 0.021758 0.838108 0.555878
vt 0.9375059 0.01220077
vn -0.952402 0.056393 0.299584
o Object_4
g polygon_0
usemtl BodyC
f 909/993/909 908/992/908 907/991/907
f 910/994/910 909/993/909 907/991/907
f 909/993/909 910/994/910 916/1003/916
f 917/1004/917 909/993/909 916/1003/916
f 921/1009/921 917/1004/917 916/1003/916
f 919/1010/919 921/1009/921 916/1003/916
f 921/1009/921 919/1010/919 940/1029/940
f 941/1030/941 921/1009/921 940/1029/940
f 943/1033/943 941/1030/941 940/1029/940
f 942/1034/942 943/1033/943 940/1029/940
f 943/1033/943 942/1034/942 954/1045/954
f 955/1046/955 943/1033/943 954/1045/954
f 957/1049/957 955/1046/955 954/1045/954
f 956/1050/956 957/1049/957 954/1045/954
f 957/1049/957 956/1050/956 968/1061/968
f 969/1062/969 957/1049/957 968/1061/968
f 971/1065/971 969/1062/969 968/1061/968
f 970/1066/970 971/1065/971 968/1061/968
f 909/993/909 917/1004/917 978/1073/978
f 908/992/908 909/993/909 978/1073/978
f 917/1004/917 921/1009/921 978/1073/978
f 912/997/912 908/992/908 978/1073/978
f 908/992/908 912/997/912 907/995/907
f 912/997/912 911/996/911 907/995/907
f 911/996/911 914/999/914 907/995/907
f 914/999/914 913/998/913 907/995/907
f 914/999/914 911/996/911 922/1011/922
f 911/996/911 912/997/912 922/1011/922
f 923/1012/923 914/999/914 922/1011/922
f 912/997/912 924/1013/924 922/1011/922
f 924/1013/924 912/997/912 978/1073/978
f 924/1013/924 926/1015/926 922/1011/922
f 926/1015/926 924/1013/924 978/1073/978
f 926/1015/926 925/1014/925 922/1011/922
f 927/1016/927 923/1012/923 922/1011/922
f 925/1014/925 927/1016/927 922/1011/922
f 914/999/914 923/1012/923 928/1017/928
f 913/998/913 914/999/914 928/1017/928
f 923/1012/923 927/1016/927 928/1017/928
f 915/1002/915 913/998/913 928/1017/928
f 913/998/913 915/1002/915 907/1000/907
f 915/1002/915 910/1001/910 907/1000/907
f 910/1001/910 915/1002/915 916/1005/916
f 915/1002/915 918/1006/918 916/1005/916
f 918/1006/918 915/1002/915 928/1017/928
f 918/1006/918 920/1008/920 916/1005/916
f 920/1008/920 918/1006/918 928/1017/928
f 920/1008/920 919/1007/919 916/1005/916
f 927/1016/927 929/1018/929 928/1017/928
f 929/1018/929 920/1008/920 928/1017/928
f 927/1016/927 925/1014/925 930/1019/930
f 925/1014/925 926/1015/926 930/1019/930
f 931/1020/931 927/1016/927 930/1019/930
f 926/1015/926 932/1021/932 930/1019/930
f 932/1021/932 934/1023/934 930/1019/930
f 934/1023/934 933/1022/933 930/1019/930
f 935/1024/935 931/1020/931 930/1019/930
f 933/1022/933 935/1024/935 930/1019/930
f 920/1008/920 929/1018/929 936/1025/936
f 927/1016/927 931/1020/931 936/1025/936
f 929/1018/929 927/1016/927 936/1025/936
f 931/1020/931 935/1024/935 936/1025/936
f 937/1026/937 920/1008/920 936/1025/936
f 935/1024/935 938/1027/938 936/1025/936
f 939/1028/939 937/1026/937 936/1025/936
f 938/1027/938 939/1028/939 936/1025/936
f 920/1008/920 937/1026/937 940/1031/940
f 919/1007/919 920/1008/920 940/1031/940
f 937/1026/937 939/1028/939 940/1031/940
f 939/1028/939 942/1032/942 940/1031/940
f 939/1028/939 938/1027/938 944/1035/944
f 938/1027/938 935/1024/935 944/1035/944
f 945/1036/945 939/1028/939 944/1035/944
f 935/1024/935 946/1037/946 944/1035/944
f 946/1037/946 948/1039/948 944/1035/944
f 948/1039/948 947/1038/947 944/1035/944
f 949/1040/949 945/1036/945 944/1035/944
f 947/1038/947 949/1040/949 944/1035/944
f 935/1024/935 933/1022/933 950/1041/950
f 946/1037/946 935/1024/935 950/1041/950
f 933/1022/933 934/1023/934 950/1041/950
f 948/1039/948 946/1037/946 950/1041/950
f 934/1023/934 951/1042/951 950/1041/950
f 951/1042/951 953/1044/953 950/1041/950
f 953/1044/953 952/1043/952 950/1041/950
f 952/1043/952 948/1039/948 950/1041/950
f 939/1028/939 945/1036/945 954/1047/954
f 942/1032/942 939/1028/939 954/1047/954
f 945/1036/945 949/1040/949 954/1047/954
f 949/1040/949 956/1048/956 954/1047/954
f 948/1039/948 952/1043/952 958/1051/958
f 952/1043/952 953/1044/953 958/1051/958
f 959/1052/959 948/1039/948 958/1051/958
f 953/1044/953 960/1053/960 958/1051/958
f 960/1053/960 962/1055/962 958/1051/958
f 962/1055/962 961/1054/961 958/1051/958
f 963/1056/963 959/1052/959 958/1051/958
f 961/1054/961 963/1056/963 958/1051/958
f 949/1040/949 947/1038/947 964/1057/964
f 948/1039/948 959/1052/959 964/1057/964
f 947/1038/947 948/1039/948 964/1057/964
f 959/1052/959 963/1056/963 964/1057/964
f 965/1058/965 949/1040/949 964/1057/964
f 963/1056/963 966/1059/966 964/1057/964
f 967/1060/967 965/1058/965 964/1057/964
f 966/1059/966 967/1060/967 964/1057/964
f 949/1040/949 965/1058/965 968/1063/968
f 956/1048/956 949/1040/949 968/1063/968
f 965/1058/965 967/1060/967 968/1063/968
f 967/1060/967 970/1064/970 968/1063/968
f 951/1042/951 934/1023/934 982/1077/982
f 953/1044/953 951/1042/951 982/1077/982
f 934/1023/934 981/1076/981 982/1077/982
f 981/1076/981 934/1023/934 980/1075/980
f 943/1033/943 981/1076/981 980/1075/980
f 981/1076/981 943/1033/943 982/1077/982
f 941/1030/941 943/1033/943 980/1075/980
f 921/1009/921 941/1030/941 980/1075/980
f 979/1074/979 921/1009/921 980/1075/980
f 921/1009/921 979/1074/979 978/1073/978
f 979/1074/979 926/1015/926 978/1073/978
f 926/1015/926 979/1074/979 980/1075/980
f 932/1021/932 926/1015/926 980/1075/980
f 934/1023/934 932/1021/932 980/1075/980
f 943/1033/943 955/1046/955 982/1077/982
f 955/1046/955 957/1049/957 982/1077/982
f 957/1049/957 983/1078/983 982/1077/982
f 983/1078/983 953/1044/953 982/1077/982
f 953/1044/953 983/1078/983 984/1079/984
f 983/1078/983 957/1049/957 984/1079/984
f 960/1053/960 953/1044/953 984/1079/984
f 957/1049/957 969/1062/969 984/1079/984
f 969/1062/969 971/1065/971 984/1079/984
f 971/1065/971 985/1080/985 984/1079/984
f 962/1055/962 960/1053/960 984/1079/984
f 985/1080/985 962/1055/962 984/1079/984
f 962/1055/962 985/1080/985 992/1087/992
f 985/1080/985 971/1065/971 992/1087/992
f 988/1083/988 962/1055/962 992/1087/992
f 962/1055/962 988/1083/988 986/1081/986
f 961/1054/961 962/1055/962 986/1081/986
f 963/1056/963 961/1054/961 986/1081/986
f 987/1082/987 963/1056/963 986/1081/986
f 988/1083/988 990/1085/990 986/1081/986
f 990/1085/990 988/1083/988 992/1087/992
f 990/1085/990 989/1084/989 986/1081/986
f 991/1086/991 987/1082/987 986/1081/986
f 989/1084/989 991/1086/991 986/1081/986
f 993/1088/993 990/1085/990 992/1087/992
f 971/1065/971 994/1089/994 992/1087/992
f 995/1090/995 993/1088/993 992/1087/992
f 994/1089/994 995/1090/995 992/1087/992
f 995/1090/995 994/1089/994 996/1091/996
f 994/1089/994 971/1065/971 996/1091/996
f 997/1092/997 995/1090/995 996/1091/996
f 971/1065/971 970/1066/970 996/1091/996
f 963/1056/963 987/1082/987 1000/1097/1000
f 987/1082/987 991/1086/991 1000/1097/1000
f 966/1059/966 963/1056/963 1000/1097/1000
f 967/1060/967 966/1059/966 1000/1097/1000
f 998/1094/998 967/1060/967 1000/1097/1000
f 967/1060/967 998/1094/998 996/1093/996
f 970/1064/970 967/1060/967 996/1093/996
f 998/1094/998 999/1096/999 996/1093/996
f 999/1096/999 998/1094/998 1000/1097/1000
f 999/1096/999 997/1095/997 996/1093/996
f 1001/1098/1001 999/1096/999 1000/1097/1000
f 991/1086/991 1001/1098/1001 1000/1097/1000
f 999/1096/999 1001/1098/1001 1002/1099/1002
f 1001/1098/1001 991/1086/991 1002/1099/1002
f 1003/1100/1003 999/1096/999 1002/1099/1002
f 991/1086/991 1004/1101/1004 1002/1099/1002
f 1004/1101/1004 1006/1103/1006 1002/1099/1002
f 1006/1103/1006 1005/1102/1005 1002/1099/1002
f 1007/1104/1007 1003/1100/1003 1002/1099/1002
f 1005/1102/1005 1007/1104/1007 1002/1099/1002
f 1006/1103/1006 1004/1101/1004 1008/1105/1008
f 1004/1101/1004 991/1086/991 1008/1105/1008
f 1009/1106/1009 1006/1103/1006 1008/1105/1008
f 991/1086/991 989/1084/989 1008/1105/1008
f 989/1084/989 990/1085/990 1008/1105/1008
f 990/1085/990 1010/1107/1010 1008/1105/1008
f 1011/1108/1011 1009/1106/1009 1008/1105/1008
f 1010/1107/1010 1011/1108/1011 1008/1105/1008
f 1011/1108/1011 1010/1107/1010 1012/1109/1012
f 1010/1107/1010 990/1085/990 1012/1109/1012
f 1013/1110/1013 1011/1108/1011 1012/1109/1012
f 990/1085/990 993/1088/993 1012/1109/1012
f 993/1088/993 995/1090/995 1012/1109/1012
f 995/1090/995 1014/1111/1014 1012/1109/1012
f 1015/1112/1015 1013/1110/1013 1012/1109/1012
f 1014/1111/1014 1015/1112/1015 1012/1109/1012
f 1015/1112/1015 1014/1111/1014 1016/1113/1016
f 1014/1111/1014 995/1090/995 1016/1113/1016
f 1017/1114/1017 1015/1112/1015 1016/1113/1016
f 995/1090/995 997/1092/997 1016/1113/1016
f 999/1096/999 1003/1100/1003 1016/1115/1016
f 997/1095/997 999/1096/999 1016/1115/1016
f 1003/1100/1003 1007/1104/1007 1016/1115/1016
f 1007/1104/1007 1017/1116/1017 1016/1115/1016
f 1007/1104/1007 1005/1102/1005 1018/1117/1018
f 1007/1104/1007 1018/1117/1018 1017/1116/1017
f 1005/1102/1005 1019/1118/1019 1018/1117/1018
f 1019/1118/1019 1005/1102/1005 1006/1103/1006
f 1006/1103/1006 1009/1106/1009 1020/1119/1020
f 1020/1119/1020 1009/1106/1009 1011/1108/1011
f 1021/1120/1021 1006/1103/1006 1020/1119/1020
f 1021/1120/1021 1019/1118/1019 1006/1103/1006
f 1011/1108/1011 1013/1110/1013 1022/1121/1022
f 1022/1121/1022 1013/1110/1013 1015/1112/1015
f 1023/1122/1023 1011/1108/1011 1022/1121/1022
f 1023/1122/1023 1020/1119/1020 1011/1108/1011
f 1015/1112/1015 1017/1114/1017 1024/1123/1024
f 1025/1124/1025 1015/1112/1015 1024/1123/1024
f 1025/1124/1025 1022/1121/1022 1015/1112/1015
f 1023/1122/1023 973/1068/973 1020/1119/1020
f 973/1068/973 1023/1122/1023 1022/1121/1022
f 973/1068/973 974/1069/974 1020/1119/1020
f 974/1069/974 973/1068/973 972/1067/972
f 972/1067/972 973/1068/973 1022/1121/1022
f 975/1070/975 974/1069/974 972/1067/972
f 975/1070/975 977/1072/977 974/1069/974
f 977/1072/977 976/1071/976 974/1069/974
f 976/1071/976 1021/1120/1021 1020/1119/1020
f 974/1069/974 976/1071/976 1020/1119/1020
f 976/1071/976 977/1072/977 1019/1118/1019
f 1021/1120/1021 976/1071/976 1019/1118/1019
f 1026/1125/1026 972/1067/972 1022/1121/1022
f 1025/1124/1025 1026/1125/1026 1022/1121/1022
f 1026/1125/1026 1025/1124/1025 1024/1123/1024
f 1027/1126/1027 1026/1125/1026 1024/1123/1024
f 1026/1125/1026 1027/1126/1027 972/1067/972
f 1018/1117/1018 1024/1127/1024 1017/1116/1017
f 1018/1117/1018 1028/1129/1028 1024/1127/1024
f 1028/1129/1028 1018/1117/1018 1019/1118/1019
f 977/1072/977 1028/1129/1028 1019/1118/1019
f 1028/1129/1028 1027/1128/1027 1024/1127/1024
f 1028/1129/1028 977/1072/977 1027/1128/1027
f 1027/1126/1027 975/1130/975 972/1067/972
f 977/1072/977 975/1131/975 1027/1128/1027
f 1031/1134/1031 1030/1133/1030 1029/1132/1029
f 1032/1135/1032 1031/1134/1031 1029/1132/1029
f 1038/1144/1038 1032/1135/1032 1029/1132/1029
f 1039/1145/1039 1038/1144/1038 1029/1132/1029
f 1038/1144/1038 1039/1145/1039 1043/1150/1043
f 1042/1151/1042 1038/1144/1038 1043/1150/1043
f 1062/1170/1062 1042/1151/1042 1043/1150/1043
f 1063/1171/1063 1062/1170/1062 1043/1150/1043
f 1062/1170/1062 1063/1171/1063 1065/1174/1065
f 1064/1175/1064 1062/1170/1062 1065/1174/1065
f 1076/1186/1076 1064/1175/1064 1065/1174/1065
f 1077/1187/1077 1076/1186/1076 1065/1174/1065
f 1076/1186/1076 1077/1187/1077 1079/1190/1079
f 1078/1191/1078 1076/1186/1076 1079/1190/1079
f 1090/1202/1090 1078/1191/1078 1079/1190/1079
f 1091/1203/1091 1090/1202/1090 1079/1190/1079
f 1090/1202/1090 1091/1203/1091 1093/1206/1093
f 1092/1207/1092 1090/1202/1090 1093/1206/1093
f 1101/1216/1101 1039/1145/1039 1029/1132/1029
f 1030/1133/1030 1101/1216/1101 1029/1132/1029
f 1039/1145/1039 1101/1216/1101 1043/1150/1043
f 1101/1216/1101 1030/1133/1030 1033/1136/1033
f 1030/1133/1030 1031/1138/1031 1033/1136/1033
f 1031/1138/1031 1034/1137/1034 1033/1136/1033
f 1034/1137/1034 1031/1138/1031 1035/1139/1035
f 1031/1138/1031 1036/1140/1036 1035/1139/1035
f 1044/1152/1044 1034/1137/1034 1035/1139/1035
f 1034/1137/1034 1044/1152/1044 1033/1136/1033
f 1045/1153/1045 1044/1152/1044 1035/1139/1035
f 1044/1152/1044 1046/1154/1046 1033/1136/1033
f 1046/1154/1046 1101/1216/1101 1033/1136/1033
f 1046/1154/1046 1044/1152/1044 1047/1155/1047
f 1101/1216/1101 1046/1154/1046 1047/1155/1047
f 1044/1152/1044 1048/1156/1048 1047/1155/1047
f 1044/1152/1044 1045/1153/1045 1049/1157/1049
f 1048/1156/1048 1044/1152/1044 1049/1157/1049
f 1050/1158/1050 1045/1153/1045 1035/1139/1035
f 1036/1140/1036 1050/1158/1050 1035/1139/1035
f 1045/1153/1045 1050/1158/1050 1049/1157/1049
f 1050/1158/1050 1036/1140/1036 1037/1141/1037
f 1036/1140/1036 1031/1143/1031 1037/1141/1037
f 1031/1143/1031 1032/1142/1032 1037/1141/1037
f 1032/1142/1032 1038/1147/1038 1037/1141/1037
f 1038/1147/1038 1040/1146/1040 1037/1141/1037
f 1040/1146/1040 1050/1158/1050 1037/1141/1037
f 1040/1146/1040 1038/1147/1038 1041/1148/1041
f 1050/1158/1050 1040/1146/1040 1041/1148/1041
f 1038/1147/1038 1042/1149/1042 1041/1148/1041
f 1050/1158/1050 1051/1159/1051 1049/1157/1049
f 1051/1159/1051 1050/1158/1050 1041/1148/1041
f 1052/1160/1052 1048/1156/1048 1049/1157/1049
f 1048/1156/1048 1052/1160/1052 1047/1155/1047
f 1053/1161/1053 1052/1160/1052 1049/1157/1049
f 1052/1160/1052 1054/1162/1054 1047/1155/1047
f 1054/1162/1054 1052/1160/1052 1055/1163/1055
f 1052/1160/1052 1056/1164/1056 1055/1163/1055
f 1052/1160/1052 1053/1161/1053 1057/1165/1057
f 1056/1164/1056 1052/1160/1052 1057/1165/1057
f 1058/1166/1058 1051/1159/1051 1041/1148/1041
f 1058/1166/1058 1053/1161/1053 1049/1157/1049
f 1051/1159/1051 1058/1166/1058 1049/1157/1049
f 1053/1161/1053 1058/1166/1058 1057/1165/1057
f 1059/1167/1059 1058/1166/1058 1041/1148/1041
f 1058/1166/1058 1060/1168/1060 1057/1165/1057
f 1058/1166/1058 1059/1167/1059 1061/1169/1061
f 1060/1168/1060 1058/1166/1058 1061/1169/1061
f 1062/1172/1062 1059/1167/1059 1041/1148/1041
f 1042/1149/1042 1062/1172/1062 1041/1148/1041
f 1059/1167/1059 1062/1172/1062 1061/1169/1061
f 1062/1172/1062 1064/1173/1064 1061/1169/1061
f 1066/1176/1066 1060/1168/1060 1061/1169/1061
f 1060/1168/1060 1066/1176/1066 1057/1165/1057
f 1067/1177/1067 1066/1176/1066 1061/1169/1061
f 1066/1176/1066 1068/1178/1068 1057/1165/1057
f 1068/1178/1068 1066/1176/1066 1069/1179/1069
f 1066/1176/1066 1070/1180/1070 1069/1179/1069
f 1066/1176/1066 1067/1177/1067 1071/1181/1071
f 1070/1180/1070 1066/1176/1066 1071/1181/1071
f 1072/1182/1072 1056/1164/1056 1057/1165/1057
f 1068/1178/1068 1072/1182/1072 1057/1165/1057
f 1056/1164/1056 1072/1182/1072 1055/1163/1055
f 1072/1182/1072 1068/1178/1068 1069/1179/1069
f 1072/1182/1072 1073/1183/1073 1055/1163/1055
f 1073/1183/1073 1072/1182/1072 1074/1184/1074
f 1072/1182/1072 1075/1185/1075 1074/1184/1074
f 1075/1185/1075 1072/1182/1072 1069/1179/1069
f 1076/1188/1076 1067/1177/1067 1061/1169/1061
f 1064/1173/1064 1076/1188/1076 1061/1169/1061
f 1067/1177/1067 1076/1188/1076 1071/1181/1071
f 1076/1188/1076 1078/1189/1078 1071/1181/1071
f 1080/1192/1080 1075/1185/1075 1069/1179/1069
f 1075/1185/1075 1080/1192/1080 1074/1184/1074
f 1081/1193/1081 1080/1192/1080 1069/1179/1069
f 1080/1192/1080 1082/1194/1082 1074/1184/1074
f 1082/1194/1082 1080/1192/1080 1083/1195/1083
f 1080/1192/1080 1084/1196/1084 1083/1195/1083
f 1080/1192/1080 1081/1193/1081 1085/1197/1085
f 1084/1196/1084 1080/1192/1080 1085/1197/1085
f 1086/1198/1086 1070/1180/1070 1071/1181/1071
f 1086/1198/1086 1081/1193/1081 1069/1179/1069
f 1070/1180/1070 1086/1198/1086 1069/1179/1069
f 1081/1193/1081 1086/1198/1086 1085/1197/1085
f 1087/1199/1087 1086/1198/1086 1071/1181/1071
f 1086/1198/1086 1088/1200/1088 1085/1197/1085
f 1086/1198/1086 1087/1199/1087 1089/1201/1089
f 1088/1200/1088 1086/1198/1086 1089/1201/1089
f 1090/1204/1090 1087/1199/1087 1071/1181/1071
f 1078/1189/1078 1090/1204/1090 1071/1181/1071
f 1087/1199/1087 1090/1204/1090 1089/1201/1089
f 1090/1204/1090 1092/1205/1092 1089/1201/1089
f 1073/1183/1073 1105/1220/1105 1055/1163/1055
f 1105/1220/1105 1073/1183/1073 1074/1184/1074
f 1105/1220/1105 1104/1219/1104 1055/1163/1055
f 1104/1219/1104 1103/1218/1103 1055/1163/1055
f 1103/1218/1103 1104/1219/1104 1065/1174/1065
f 1104/1219/1104 1105/1220/1105 1065/1174/1065
f 1063/1171/1063 1103/1218/1103 1065/1174/1065
f 1103/1218/1103 1063/1171/1063 1043/1150/1043
f 1102/1217/1102 1103/1218/1103 1043/1150/1043
f 1101/1216/1101 1102/1217/1102 1043/1150/1043
f 1102/1217/1102 1101/1216/1101 1047/1155/1047
f 1103/1218/1103 1102/1217/1102 1047/1155/1047
f 1054/1162/1054 1103/1218/1103 1047/1155/1047
f 1103/1218/1103 1054/1162/1054 1055/1163/1055
f 1105/1220/1105 1077/1187/1077 1065/1174/1065
f 1077/1187/1077 1105/1220/1105 1079/1190/1079
f 1105/1220/1105 1106/1221/1106 1079/1190/1079
f 1106/1221/1106 1105/1220/1105 1074/1184/1074
f 1107/1222/1107 1106/1221/1106 1074/1184/1074
f 1106/1221/1106 1107/1222/1107 1079/1190/1079
f 1082/1194/1082 1107/1222/1107 1074/1184/1074
f 1107/1222/1107 1091/1203/1091 1079/1190/1079
f 1091/1203/1091 1107/1222/1107 1093/1206/1093
f 1107/1222/1107 1108/1223/1108 1093/1206/1093
f 1107/1222/1107 1082/1194/1082 1083/1195/1083
f 1108/1223/1108 1107/1222/1107 1083/1195/1083
f 1115/1230/1115 1108/1223/1108 1083/1195/1083
f 1108/1223/1108 1115/1230/1115 1093/1206/1093
f 1111/1226/1111 1115/1230/1115 1083/1195/1083
f 1109/1224/1109 1111/1226/1111 1083/1195/1083
f 1084/1196/1084 1109/1224/1109 1083/1195/1083
f 1109/1224/1109 1084/1196/1084 1085/1197/1085
f 1110/1225/1110 1109/1224/1109 1085/1197/1085
f 1111/1226/1111 1109/1224/1109 1112/1227/1112
f 1115/1230/1115 1111/1226/1111 1112/1227/1112
f 1109/1224/1109 1113/1228/1113 1112/1227/1112
f 1109/1224/1109 1110/1225/1110 1114/1229/1114
f 1113/1228/1113 1109/1224/1109 1114/1229/1114
f 1116/1231/1116 1115/1230/1115 1112/1227/1112
f 1115/1230/1115 1117/1232/1117 1093/1206/1093
f 1115/1230/1115 1116/1231/1116 1118/1233/1118
f 1117/1232/1117 1115/1230/1115 1118/1233/1118
f 1119/1234/1119 1117/1232/1117 1118/1233/1118
f 1117/1232/1117 1119/1234/1119 1093/1206/1093
f 1120/1235/1120 1119/1234/1119 1118/1233/1118
f 1119/1234/1119 1092/1207/1092 1093/1206/1093
f 1123/1240/1123 1110/1225/1110 1085/1197/1085
f 1110/1225/1110 1123/1240/1123 1114/1229/1114
f 1088/1200/1088 1123/1240/1123 1085/1197/1085
f 1123/1240/1123 1088/1200/1088 1089/1201/1089
f 1121/1236/1121 1123/1240/1123 1089/1201/1089
f 1119/1237/1119 1121/1236/1121 1089/1201/1089
f 1092/1205/1092 1119/1237/1119 1089/1201/1089
f 1121/1236/1121 1119/1237/1119 1122/1238/1122
f 1123/1240/1123 1121/1236/1121 1122/1238/1122
f 1119/1237/1119 1120/1239/1120 1122/1238/1122
f 1124/1241/1124 1123/1240/1123 1122/1238/1122
f 1123/1240/1123 1124/1241/1124 1114/1229/1114
f 1125/1242/1125 1124/1241/1124 1122/1238/1122
f 1124/1241/1124 1125/1242/1125 1114/1229/1114
f 1126/1243/1126 1125/1242/1125 1122/1238/1122
f 1125/1242/1125 1127/1244/1127 1114/1229/1114
f 1127/1244/1127 1125/1242/1125 1128/1245/1128
f 1125/1242/1125 1129/1246/1129 1128/1245/1128
f 1125/1242/1125 1126/1243/1126 1130/1247/1130
f 1129/1246/1129 1125/1242/1125 1130/1247/1130
f 1131/1248/1131 1127/1244/1127 1128/1245/1128
f 1127/1244/1127 1131/1248/1131 1114/1229/1114
f 1132/1249/1132 1131/1248/1131 1128/1245/1128
f 1131/1248/1131 1113/1228/1113 1114/1229/1114
f 1113/1228/1113 1131/1248/1131 1112/1227/1112
f 1131/1248/1131 1133/1250/1133 1112/1227/1112
f 1131/1248/1131 1132/1249/1132 1134/1251/1134
f 1133/1250/1133 1131/1248/1131 1134/1251/1134
f 1135/1252/1135 1133/1250/1133 1134/1251/1134
f 1133/1250/1133 1135/1252/1135 1112/1227/1112
f 1136/1253/1136 1135/1252/1135 1134/1251/1134
f 1135/1252/1135 1116/1231/1116 1112/1227/1112
f 1116/1231/1116 1135/1252/1135 1118/1233/1118
f 1135/1252/1135 1137/1254/1137 1118/1233/1118
f 1135/1252/1135 1136/1253/1136 1138/1255/1138
f 1137/1254/1137 1135/1252/1135 1138/1255/1138
f 1139/1256/1139 1137/1254/1137 1138/1255/1138
f 1137/1254/1137 1139/1256/1139 1118/1233/1118
f 1140/1257/1140 1139/1256/1139 1138/1255/1138
f 1139/1256/1139 1120/1235/1120 1118/1233/1118
f 1139/1258/1139 1126/1243/1126 1122/1238/1122
f 1126/1243/1126 1139/1258/1139 1130/1247/1130
f 1120/1239/1120 1139/1258/1139 1122/1238/1122
f 1139/1258/1139 1140/1259/1140 1130/1247/1130
f 1130/1247/1130 1142/1261/1142 1129/1246/1129
f 1130/1247/1130 1140/1259/1140 1142/1261/1142
f 1142/1261/1142 1141/1260/1141 1129/1246/1129
f 1128/1245/1128 1129/1246/1129 1141/1260/1141
f 1143/1262/1143 1132/1249/1132 1128/1245/1128
f 1134/1251/1134 1132/1249/1132 1143/1262/1143
f 1144/1263/1144 1143/1262/1143 1128/1245/1128
f 1144/1263/1144 1128/1245/1128 1141/1260/1141
f 1145/1264/1145 1136/1253/1136 1134/1251/1134
f 1138/1255/1138 1136/1253/1136 1145/1264/1145
f 1146/1265/1146 1145/1264/1145 1134/1251/1134
f 1146/1265/1146 1134/1251/1134 1143/1262/1143
f 1147/1266/1147 1140/1257/1140 1138/1255/1138
f 1148/1267/1148 1147/1266/1147 1138/1255/1138
f 1148/1267/1148 1138/1255/1138 1145/1264/1145
f 1146/1265/1146 1143/1262/1143 1097/1211/1097
f 1145/1264/1145 1146/1265/1146 1097/1211/1097
f 1143/1262/1143 1096/1210/1096 1097/1211/1097
f 1097/1211/1097 1096/1210/1096 1094/1208/1094
f 1094/1208/1094 1145/1264/1145 1097/1211/1097
f 1096/1210/1096 1095/1209/1095 1094/1208/1094
f 1143/1262/1143 1144/1263/1144 1149/1268/1149
f 1096/1210/1096 1143/1262/1143 1149/1268/1149
f 1144/1263/1144 1141/1260/1141 1149/1268/1149
f 1145/1264/1145 1094/1208/1094 1150/1269/1150
f 1148/1267/1148 1145/1264/1145 1150/1269/1150
f 1147/1266/1147 1148/1267/1148 1150/1269/1150
f 1098/1270/1098 1147/1266/1147 1150/1269/1150
f 1150/1269/1150 1094/1208/1094 1098/1270/1098
f 1140/1259/1140 1147/1271/1147 1142/1261/1142
f 1142/1261/1142 1147/1271/1147 1099/1213/1099
f 1141/1260/1141 1142/1261/1142 1099/1213/1099
f 1147/1271/1147 1098/1212/1098 1099/1213/1099
f 1100/1214/1100 1099/1213/1099 1098/1212/1098
f 1100/1214/1100 1141/1260/1141 1099/1213/1099
f 1141/1260/1141 1100/1214/1100 1149/1268/1149
f 1096/1210/1096 1149/1268/1149 1100/1214/1100
f 1095/1209/1095 1096/1210/1096 1100/1214/1100
f 1095/1215/1095 1100/1214/1100 1098/1212/1098
f 1094/1208/1094 1095/1272/1095 1098/1270/1098
f 1153/1275/1153 1152/1274/1152 1151/1273/1151
f 1154/1276/1154 1153/1275/1153 1151/1273/1151
f 1152/1274/1152 1156/1278/1156 1151/1273/1151
f 1156/1278/1156 1155/1277/1155 1151/1273/1151
f 1155/1277/1155 1158/1280/1158 1151/1273/1151
f 1158/1280/1158 1157/1279/1157 1151/1273/1151
f 1159/1281/1159 1154/1276/1154 1151/1273/1151
f 1157/1279/1157 1159/1281/1159 1151/1273/1151
f 1159/1281/1159 1157/1279/1157 1169/1291/1169
f 1157/1279/1157 1158/1280/1158 1169/1291/1169
f 1170/1292/1170 1159/1281/1159 1169/1291/1169
f 1171/1293/1171 1170/1292/1170 1169/1291/1169
f 1172/1294/1172 1171/1293/1171 1169/1291/1169
f 1158/1280/1158 1173/1295/1173 1169/1291/1169
f 1174/1296/1174 1172/1294/1172 1169/1291/1169
f 1173/1295/1173 1174/1296/1174 1169/1291/1169
f 1153/1275/1153 1154/1276/1154 1199/1321/1199
f 1154/1276/1154 1159/1281/1159 1199/1321/1199
f 1200/1322/1200 1153/1275/1153 1199/1321/1199
f 1182/1304/1182 1200/1322/1200 1199/1321/1199
f 1181/1303/1181 1182/1304/1182 1199/1321/1199
f 1182/1304/1182 1181/1303/1181 1175/1297/1175
f 1179/1301/1179 1182/1304/1182 1175/1297/1175
f 1180/1302/1180 1179/1301/1179 1175/1297/1175
f 1176/1298/1176 1180/1302/1180 1175/1297/1175
f 1177/1299/1177 1176/1298/1176 1175/1297/1175
f 1178/1300/1178 1177/1299/1177 1175/1297/1175
f 1183/1305/1183 1178/1300/1178 1175/1297/1175
f 1181/1303/1181 1183/1305/1183 1175/1297/1175
f 1183/1305/1183 1181/1303/1181 1199/1321/1199
f 1177/1299/1177 1178/1300/1178 1193/1315/1193
f 1178/1300/1178 1183/1305/1183 1193/1315/1193
f 1194/1316/1194 1177/1299/1177 1193/1315/1193
f 1183/1305/1183 1195/1317/1195 1193/1315/1193
f 1195/1317/1195 1197/1319/1197 1193/1315/1193
f 1197/1319/1197 1196/1318/1196 1193/1315/1193
f 1198/1320/1198 1194/1316/1194 1193/1315/1193
f 1196/1318/1196 1198/1320/1198 1193/1315/1193
f 1159/1281/1159 1201/1323/1201 1199/1321/1199
f 1201/1323/1201 1183/1305/1183 1199/1321/1199
f 1171/1293/1171 1172/1294/1172 1213/1341/1213
f 1172/1294/1172 1174/1296/1174 1213/1341/1213
f 1197/1319/1197 1214/1342/1214 1213/1341/1213
f 1214/1342/1214 1171/1293/1171 1213/1341/1213
f 1196/1343/1196 1197/1319/1197 1213/1341/1213
f 1174/1296/1174 1215/1344/1215 1213/1341/1213
f 1198/1345/1198 1196/1343/1196 1213/1341/1213
f 1215/1344/1215 1198/1345/1198 1213/1341/1213
f 1183/1305/1183 1201/1323/1201 1216/1346/1216
f 1195/1317/1195 1183/1305/1183 1216/1346/1216
f 1201/1323/1201 1159/1281/1159 1216/1346/1216
f 1171/1293/1171 1214/1342/1214 1216/1346/1216
f 1197/1319/1197 1195/1317/1195 1216/1346/1216
f 1214/1342/1214 1197/1319/1197 1216/1346/1216
f 1159/1281/1159 1170/1292/1170 1216/1346/1216
f 1170/1292/1170 1171/1293/1171 1216/1346/1216
f 1198/1345/1198 1215/1344/1215 1217/1347/1217
f 1215/1344/1215 1174/1296/1174 1217/1347/1217
f 1194/1348/1194 1198/1345/1198 1217/1347/1217
f 1174/1296/1174 1173/1295/1173 1217/1347/1217
f 1173/1295/1173 1158/1280/1158 1217/1347/1217
f 1158/1280/1158 1218/1349/1218 1217/1347/1217
f 1177/1350/1177 1194/1348/1194 1217/1347/1217
f 1218/1349/1218 1177/1350/1177 1217/1347/1217
f 1177/1350/1177 1218/1349/1218 1224/1357/1224
f 1218/1349/1218 1158/1280/1158 1224/1357/1224
f 1176/1358/1176 1177/1350/1177 1224/1357/1224
f 1180/1326/1180 1176/1358/1176 1224/1357/1224
f 1203/1325/1203 1180/1326/1180 1224/1357/1224
f 1180/1326/1180 1203/1325/1203 1202/1324/1202
f 1204/1327/1204 1180/1326/1180 1202/1324/1202
f 1203/1325/1203 1156/1278/1156 1202/1324/1202
f 1156/1278/1156 1203/1325/1203 1224/1357/1224
f 1156/1278/1156 1205/1328/1205 1202/1324/1202
f 1205/1328/1205 1165/1287/1165 1202/1324/1202
f 1165/1287/1165 1206/1329/1206 1202/1324/1202
f 1189/1330/1189 1204/1327/1204 1202/1324/1202
f 1206/1329/1206 1189/1330/1189 1202/1324/1202
f 1189/1330/1189 1206/1329/1206 1210/1337/1210
f 1206/1329/1206 1165/1287/1165 1210/1337/1210
f 1188/1338/1188 1189/1330/1189 1210/1337/1210
f 1165/1287/1165 1161/1283/1161 1210/1337/1210
f 1161/1283/1161 1165/1287/1165 1160/1282/1160
f 1162/1284/1162 1161/1283/1161 1160/1282/1160
f 1161/1283/1161 1162/1284/1162 1210/1337/1210
f 1163/1285/1163 1162/1284/1162 1160/1282/1160
f 1165/1287/1165 1164/1286/1164 1160/1282/1160
f 1164/1286/1164 1167/1289/1167 1160/1282/1160
f 1167/1289/1167 1166/1288/1166 1160/1282/1160
f 1168/1290/1168 1163/1285/1163 1160/1282/1160
f 1166/1288/1166 1168/1290/1168 1160/1282/1160
f 1162/1284/1162 1163/1285/1163 1207/1331/1207
f 1163/1285/1163 1168/1290/1168 1207/1331/1207
f 1208/1332/1208 1162/1284/1162 1207/1331/1207
f 1162/1284/1162 1208/1332/1208 1210/1337/1210
f 1191/1333/1191 1208/1332/1208 1207/1331/1207
f 1191/1333/1191 1188/1338/1188 1210/1337/1210
f 1208/1332/1208 1191/1333/1191 1210/1337/1210
f 1190/1334/1190 1191/1333/1191 1207/1331/1207
f 1168/1290/1168 1209/1335/1209 1207/1331/1207
f 1209/1335/1209 1192/1314/1192 1207/1331/1207
f 1192/1314/1192 1190/1336/1190 1207/1331/1207
f 1192/1314/1192 1209/1335/1209 1211/1339/1211
f 1168/1290/1168 1166/1288/1166 1211/1339/1211
f 1209/1335/1209 1168/1290/1168 1211/1339/1211
f 1166/1288/1166 1167/1289/1167 1211/1339/1211
f 1187/1309/1187 1192/1314/1192 1211/1339/1211
f 1192/1314/1192 1187/1309/1187 1184/1306/1184
f 1187/1309/1187 1186/1308/1186 1184/1306/1184
f 1186/1308/1186 1187/1309/1187 1211/1339/1211
f 1186/1308/1186 1185/1307/1185 1184/1306/1184
f 1185/1307/1185 1189/1311/1189 1184/1306/1184
f 1189/1311/1189 1188/1310/1188 1184/1306/1184
f 1188/1310/1188 1191/1313/1191 1184/1306/1184
f 1191/1313/1191 1190/1312/1190 1184/1306/1184
f 1190/1312/1190 1192/1314/1192 1184/1306/1184
f 1167/1289/1167 1212/1340/1212 1211/1339/1211
f 1212/1340/1212 1186/1308/1186 1211/1339/1211
f 1167/1289/1167 1164/1286/1164 1219/1351/1219
f 1220/1352/1220 1167/1289/1167 1219/1351/1219
f 1153/1275/1153 1220/1352/1220 1219/1351/1219
f 1152/1274/1152 1153/1275/1153 1219/1351/1219
f 1164/1286/1164 1165/1287/1165 1219/1351/1219
f 1165/1287/1165 1205/1328/1205 1219/1351/1219
f 1156/1278/1156 1152/1274/1152 1219/1351/1219
f 1205/1328/1205 1156/1278/1156 1219/1351/1219
f 1189/1311/1189 1185/1307/1185 1221/1353/1221
f 1185/1307/1185 1186/1308/1186 1221/1353/1221
f 1204/1354/1204 1189/1311/1189 1221/1353/1221
f 1180/1302/1180 1204/1354/1204 1221/1353/1221
f 1179/1301/1179 1180/1302/1180 1221/1353/1221
f 1186/1308/1186 1222/1355/1222 1221/1353/1221
f 1182/1304/1182 1179/1301/1179 1221/1353/1221
f 1222/1355/1222 1182/1304/1182 1221/1353/1221
f 1182/1304/1182 1222/1355/1222 1223/1356/1223
f 1186/1308/1186 1212/1340/1212 1223/1356/1223
f 1222/1355/1222 1186/1308/1186 1223/1356/1223
f 1167/1289/1167 1220/1352/1220 1223/1356/1223
f 1212/1340/1212 1167/1289/1167 1223/1356/1223
f 1220/1352/1220 1153/1275/1153 1223/1356/1223
f 1200/1322/1200 1182/1304/1182 1223/1356/1223
f 1153/1275/1153 1200/1322/1200 1223/1356/1223
f 1155/1277/1155 1156/1278/1156 1224/1357/1224
f 1158/1280/1158 1155/1277/1155 1224/1357/1224
f 1227/1361/1227 1226/1360/1226 1225/1359/1225
f 1228/1362/1228 1227/1361/1227 1225/1359/1225
f 1226/1360/1226 1227/1361/1227 1229/1363/1229
f 1227/1361/1227 1230/1364/1230 1229/1363/1229
f 1230/1364/1230 1227/1361/1227 1231/1365/1231
f 1227/1361/1227 1232/1366/1232 1231/1365/1231
f 1227/1361/1227 1228/1362/1228 1233/1367/1233
f 1232/1366/1232 1227/1361/1227 1233/1367/1233
f 1245/1379/1245 1232/1366/1232 1233/1367/1233
f 1232/1366/1232 1245/1379/1245 1231/1365/1231
f 1244/1378/1244 1245/1379/1245 1233/1367/1233
f 1245/1379/1245 1244/1378/1244 1243/1377/1243
f 1246/1380/1246 1245/1379/1245 1243/1377/1243
f 1245/1379/1245 1247/1381/1247 1231/1365/1231
f 1245/1379/1245 1246/1380/1246 1248/1382/1248
f 1247/1381/1247 1245/1379/1245 1248/1382/1248
f 1274/1408/1274 1228/1362/1228 1225/1359/1225
f 1228/1362/1228 1274/1408/1274 1233/1367/1233
f 1273/1407/1273 1274/1408/1274 1225/1359/1225
f 1274/1408/1274 1273/1407/1273 1255/1389/1255
f 1256/1390/1256 1274/1408/1274 1255/1389/1255
f 1251/1385/1251 1256/1390/1256 1255/1389/1255
f 1254/1388/1254 1251/1385/1251 1255/1389/1255
f 1251/1385/1251 1254/1388/1254 1253/1387/1253
f 1250/1384/1250 1251/1385/1251 1253/1387/1253
f 1251/1385/1251 1250/1384/1250 1249/1383/1249
f 1252/1386/1252 1251/1385/1251 1249/1383/1249
f 1251/1385/1251 1252/1386/1252 1257/1391/1257
f 1256/1390/1256 1251/1385/1251 1257/1391/1257
f 1274/1408/1274 1256/1390/1256 1257/1391/1257
f 1267/1401/1267 1252/1386/1252 1249/1383/1249
f 1252/1386/1252 1267/1401/1267 1257/1391/1257
f 1268/1402/1268 1267/1401/1267 1249/1383/1249
f 1267/1401/1267 1269/1403/1269 1257/1391/1257
f 1269/1403/1269 1267/1401/1267 1270/1404/1270
f 1267/1401/1267 1271/1405/1271 1270/1404/1270
f 1267/1401/1267 1268/1402/1268 1272/1406/1272
f 1271/1405/1271 1267/1401/1267 1272/1406/1272
f 1274/1408/1274 1275/1409/1275 1233/1367/1233
f 1275/1409/1275 1274/1408/1274 1257/1391/1257
f 1288/1428/1288 1246/1380/1246 1243/1377/1243
f 1246/1380/1246 1288/1428/1288 1248/1382/1248
f 1288/1428/1288 1287/1427/1287 1270/1404/1270
f 1287/1427/1287 1288/1428/1288 1243/1377/1243
f 1271/1429/1271 1288/1428/1288 1270/1404/1270
f 1288/1428/1288 1289/1430/1289 1248/1382/1248
f 1288/1428/1288 1271/1429/1271 1272/1431/1272
f 1289/1430/1289 1288/1428/1288 1272/1431/1272
f 1290/1432/1290 1275/1409/1275 1257/1391/1257
f 1269/1403/1269 1290/1432/1290 1257/1391/1257
f 1275/1409/1275 1290/1432/1290 1233/1367/1233
f 1290/1432/1290 1287/1427/1287 1243/1377/1243
f 1290/1432/1290 1269/1403/1269 1270/1404/1270
f 1287/1427/1287 1290/1432/1290 1270/1404/1270
f 1290/1432/1290 1244/1378/1244 1233/1367/1233
f 1244/1378/1244 1290/1432/1290 1243/1377/1243
f 1291/1433/1291 1289/1430/1289 1272/1431/1272
f 1289/1430/1289 1291/1433/1291 1248/1382/1248
f 1268/1434/1268 1291/1433/1291 1272/1431/1272
f 1291/1433/1291 1247/1381/1247 1248/1382/1248
f 1247/1381/1247 1291/1433/1291 1231/1365/1231
f 1291/1433/1291 1292/1435/1292 1231/1365/1231
f 1291/1433/1291 1268/1434/1268 1249/1436/1249
f 1292/1435/1292 1291/1433/1291 1249/1436/1249
f 1298/1444/1298 1292/1435/1292 1249/1436/1249
f 1292/1435/1292 1298/1444/1298 1231/1365/1231
f 1250/1443/1250 1298/1444/1298 1249/1436/1249
f 1298/1444/1298 1250/1443/1250 1253/1410/1253
f 1276/1411/1276 1298/1444/1298 1253/1410/1253
f 1277/1412/1277 1276/1411/1276 1253/1410/1253
f 1278/1413/1278 1277/1412/1277 1253/1410/1253
f 1276/1411/1276 1277/1412/1277 1229/1363/1229
f 1298/1444/1298 1276/1411/1276 1229/1363/1229
f 1277/1412/1277 1279/1414/1279 1229/1363/1229
f 1279/1414/1279 1277/1412/1277 1238/1372/1238
f 1277/1412/1277 1280/1415/1280 1238/1372/1238
f 1277/1412/1277 1278/1413/1278 1262/1416/1262
f 1280/1415/1280 1277/1412/1277 1262/1416/1262
f 1284/1423/1284 1280/1415/1280 1262/1416/1262
f 1280/1415/1280 1284/1423/1284 1238/1372/1238
f 1263/1424/1263 1284/1423/1284 1262/1416/1262
f 1284/1423/1284 1235/1369/1235 1238/1372/1238
f 1235/1369/1235 1236/1370/1236 1238/1372/1238
f 1236/1370/1236 1235/1369/1235 1234/1368/1234
f 1235/1369/1235 1284/1423/1284 1234/1368/1234
f 1237/1371/1237 1236/1370/1236 1234/1368/1234
f 1236/1370/1236 1239/1373/1239 1238/1372/1238
f 1239/1373/1239 1236/1370/1236 1240/1374/1240
f 1236/1370/1236 1241/1375/1241 1240/1374/1240
f 1236/1370/1236 1237/1371/1237 1242/1376/1242
f 1241/1375/1241 1236/1370/1236 1242/1376/1242
f 1282/1419/1282 1237/1371/1237 1234/1368/1234
f 1237/1371/1237 1282/1419/1282 1242/1376/1242
f 1281/1418/1281 1282/1419/1282 1234/1368/1234
f 1284/1423/1284 1281/1418/1281 1234/1368/1234
f 1282/1419/1282 1281/1418/1281 1264/1417/1264
f 1284/1423/1284 1263/1424/1263 1264/1417/1264
f 1281/1418/1281 1284/1423/1284 1264/1417/1264
f 1265/1420/1265 1282/1419/1282 1264/1417/1264
f 1282/1419/1282 1283/1421/1283 1242/1376/1242
f 1283/1421/1283 1282/1419/1282 1266/1400/1266
f 1282/1419/1282 1265/1422/1265 1266/1400/1266
f 1285/1425/1285 1283/1421/1283 1266/1400/1266
f 1285/1425/1285 1241/1375/1241 1242/1376/1242
f 1283/1421/1283 1285/1425/1285 1242/1376/1242
f 1241/1375/1241 1285/1425/1285 1240/1374/1240
f 1261/1395/1261 1285/1425/1285 1266/1400/1266
f 1260/1394/1260 1261/1395/1261 1266/1400/1266
f 1261/1395/1261 1260/1394/1260 1258/1392/1258
f 1285/1425/1285 1261/1395/1261 1258/1392/1258
f 1260/1394/1260 1259/1393/1259 1258/1392/1258
f 1259/1393/1259 1260/1394/1260 1262/1396/1262
f 1260/1394/1260 1263/1397/1263 1262/1396/1262
f 1263/1397/1263 1260/1394/1260 1264/1398/1264
f 1260/1394/1260 1265/1399/1265 1264/1398/1264
f 1265/1399/1265 1260/1394/1260 1266/1400/1266
f 1285/1425/1285 1286/1426/1286 1240/1374/1240
f 1286/1426/1286 1285/1425/1285 1258/1392/1258
f 1294/1438/1294 1239/1373/1239 1240/1374/1240
f 1293/1437/1293 1294/1438/1294 1240/1374/1240
f 1294/1438/1294 1293/1437/1293 1225/1359/1225
f 1226/1360/1226 1294/1438/1294 1225/1359/1225
f 1239/1373/1239 1294/1438/1294 1238/1372/1238
f 1294/1438/1294 1279/1414/1279 1238/1372/1238
f 1294/1438/1294 1226/1360/1226 1229/1363/1229
f 1279/1414/1279 1294/1438/1294 1229/1363/1229
f 1295/1440/1295 1259/1393/1259 1262/1396/1262
f 1259/1393/1259 1295/1440/1295 1258/1392/1258
f 1278/1439/1278 1295/1440/1295 1262/1396/1262
f 1295/1440/1295 1278/1439/1278 1253/1387/1253
f 1254/1388/1254 1295/1440/1295 1253/1387/1253
f 1295/1440/1295 1296/1441/1296 1258/1392/1258
f 1295/1440/1295 1254/1388/1254 1255/1389/1255
f 1296/1441/1296 1295/1440/1295 1255/1389/1255
f 1297/1442/1297 1296/1441/1296 1255/1389/1255
f 1297/1442/1297 1286/1426/1286 1258/1392/1258
f 1296/1441/1296 1297/1442/1297 1258/1392/1258
f 1297/1442/1297 1293/1437/1293 1240/1374/1240
f 1286/1426/1286 1297/1442/1297 1240/1374/1240
f 1293/1437/1293 1297/1442/1297 1225/1359/1225
f 1273/1407/1273 1297/1442/1297 1255/1389/1255
f 1297/1442/1297 1273/1407/1273 1225/1359/1225
f 1230/1364/1230 1298/1444/1298 1229/1363/1229
f 1298/1444/1298 1230/1364/1230 1231/1365/1231
