<?xml version="1.0" encoding="utf-8"?>
<COLLADA xmlns:xsi="http://www.w3.org/2001/XMLSchema-instance" xmlns:xsd="http://www.w3.org/2001/XMLSchema" version="1.4.1" xmlns="http://www.collada.org/2005/11/COLLADASchema">
    <asset>
        <created>2022-10-15T12:27:57.3706033-05:00</created>
        <modified>2022-10-15T12:27:57.3706033-05:00</modified>
        <unit name="Meter" />
        <contributor>
            <authoring_tool>IONET Exporter</authoring_tool>
        </contributor>
    </asset>
    <library_images>
        <image id="Marumine_bodyCl_ctr-image" name="Marumine_bodyCl_ctr">
            <init_from>Marumine_bodyCl_ctr.png</init_from>
        </image>
        <image id="Marumine_bodyCl_ctr-image_0" name="Marumine_bodyCl_ctr">
            <init_from>Marumine_bodyCl_ctr.png</init_from>
        </image>
        <image id="Marumine_bodyCl_ctr-image_1" name="Marumine_bodyCl_ctr">
            <init_from>Marumine_bodyCl_ctr.png</init_from>
        </image>
        <image id="Marumine_eyeCl_ctr-image" name="Marumine_eyeCl_ctr">
            <init_from>Marumine_eyeCl_ctr.png</init_from>
        </image>
        <image id="Marumine_mouthCl_ctr-image" name="Marumine_mouthCl_ctr">
            <init_from>Marumine_mouthCl_ctr.png</init_from>
        </image>
    </library_images>
    <library_materials>
        <material id="Body" name="Body">
            <instance_effect url="#Body-effect" />
        </material>
        <material id="BodyB" name="BodyB">
            <instance_effect url="#BodyB-effect" />
        </material>
        <material id="BodyC" name="BodyC">
            <instance_effect url="#BodyC-effect" />
        </material>
        <material id="Eye" name="Eye">
            <instance_effect url="#Eye-effect" />
        </material>
        <material id="Mouth" name="Mouth">
            <instance_effect url="#Mouth-effect" />
        </material>
        <material id="shadow_w" name="shadow_w">
            <instance_effect url="#shadow_w-effect" />
        </material>
    </library_materials>
    <library_effects>
        <effect id="Body-effect" name="Body">
            <profile_COMMON>
                <newparam sid="Marumine_bodyCl_ctr-image_surface">
                    <surface type="2D">
                        <init_from>Marumine_bodyCl_ctr-image</init_from>
                    </surface>
                </newparam>
                <newparam sid="Marumine_bodyCl_ctr-image_sampler">
                    <sampler2D>
                        <source>Marumine_bodyCl_ctr-image_surface</source>
                    </sampler2D>
                </newparam>
                <technique sid="standard">
                    <phong>
                        <emission>
                            <color sid="emission">0 0 0 1</color>
                        </emission>
                        <ambient>
                            <color sid="ambient">0.8 0.8 0.8 1</color>
                        </ambient>
                        <diffuse>
                            <texture texture="Marumine_bodyCl_ctr-image_sampler" texcoord="CHANNEL0" />
                        </diffuse>
                        <specular>
                            <color sid="specular">0.4666667 0.4666667 0.4666667 1</color>
                        </specular>
                        <reflective>
                            <color sid="reflective">1 1 1 1</color>
                        </reflective>
                        <shininess>
                            <float sid="shininess">20</float>
                        </shininess>
                        <reflectivity>
                            <float sid="reflectivity">1</float>
                        </reflectivity>
                        <transparency>
                            <float sid="transparency">1</float>
                        </transparency>
                    </phong>
                </technique>
            </profile_COMMON>
        </effect>
        <effect id="BodyB-effect" name="BodyB">
            <profile_COMMON>
                <newparam sid="Marumine_bodyCl_ctr-image_0_surface">
                    <surface type="2D">
                        <init_from>Marumine_bodyCl_ctr-image_0</init_from>
                    </surface>
                </newparam>
                <newparam sid="Marumine_bodyCl_ctr-image_0_sampler">
                    <sampler2D>
                        <source>Marumine_bodyCl_ctr-image_0_surface</source>
                    </sampler2D>
                </newparam>
                <technique sid="standard">
                    <phong>
                        <emission>
                            <color sid="emission">0 0 0 1</color>
                        </emission>
                        <ambient>
                            <color sid="ambient">0.7019608 0.7019608 0.7019608 1</color>
                        </ambient>
                        <diffuse>
                            <texture texture="Marumine_bodyCl_ctr-image_0_sampler" texcoord="CHANNEL0" />
                        </diffuse>
                        <specular>
                            <color sid="specular">1 1 1 1</color>
                        </specular>
                        <reflective>
                            <color sid="reflective">1 1 1 1</color>
                        </reflective>
                        <shininess>
                            <float sid="shininess">20</float>
                        </shininess>
                        <reflectivity>
                            <float sid="reflectivity">1</float>
                        </reflectivity>
                        <transparency>
                            <float sid="transparency">1</float>
                        </transparency>
                    </phong>
                </technique>
            </profile_COMMON>
        </effect>
        <effect id="BodyC-effect" name="BodyC">
            <profile_COMMON>
                <newparam sid="Marumine_bodyCl_ctr-image_1_surface">
                    <surface type="2D">
                        <init_from>Marumine_bodyCl_ctr-image_1</init_from>
                    </surface>
                </newparam>
                <newparam sid="Marumine_bodyCl_ctr-image_1_sampler">
                    <sampler2D>
                        <source>Marumine_bodyCl_ctr-image_1_surface</source>
                    </sampler2D>
                </newparam>
                <technique sid="standard">
                    <phong>
                        <emission>
                            <color sid="emission">0 0 0 1</color>
                        </emission>
                        <ambient>
                            <color sid="ambient">0.2666667 0.2666667 0.2666667 1</color>
                        </ambient>
                        <diffuse>
                            <texture texture="Marumine_bodyCl_ctr-image_1_sampler" texcoord="CHANNEL0" />
                        </diffuse>
                        <specular>
                            <color sid="specular">0.1098039 0.1098039 0.1098039 1</color>
                        </specular>
                        <reflective>
                            <color sid="reflective">1 1 1 1</color>
                        </reflective>
                        <shininess>
                            <float sid="shininess">20</float>
                        </shininess>
                        <reflectivity>
                            <float sid="reflectivity">1</float>
                        </reflectivity>
                        <transparency>
                            <float sid="transparency">1</float>
                        </transparency>
                    </phong>
                </technique>
            </profile_COMMON>
        </effect>
        <effect id="Eye-effect" name="Eye">
            <profile_COMMON>
                <newparam sid="Marumine_eyeCl_ctr-image_surface">
                    <surface type="2D">
                        <init_from>Marumine_eyeCl_ctr-image</init_from>
                    </surface>
                </newparam>
                <newparam sid="Marumine_eyeCl_ctr-image_sampler">
                    <sampler2D>
                        <source>Marumine_eyeCl_ctr-image_surface</source>
                    </sampler2D>
                </newparam>
                <technique sid="standard">
                    <phong>
                        <emission>
                            <color sid="emission">0 0 0 1</color>
                        </emission>
                        <ambient>
                            <color sid="ambient">0.8 0.8 0.8 1</color>
                        </ambient>
                        <diffuse>
                            <texture texture="Marumine_eyeCl_ctr-image_sampler" texcoord="CHANNEL0" />
                        </diffuse>
                        <specular>
                            <color sid="specular">0.4666667 0.4666667 0.4666667 1</color>
                        </specular>
                        <reflective>
                            <color sid="reflective">1 1 1 1</color>
                        </reflective>
                        <shininess>
                            <float sid="shininess">20</float>
                        </shininess>
                        <reflectivity>
                            <float sid="reflectivity">1</float>
                        </reflectivity>
                        <transparency>
                            <float sid="transparency">1</float>
                        </transparency>
                    </phong>
                </technique>
            </profile_COMMON>
        </effect>
        <effect id="Mouth-effect" name="Mouth">
            <profile_COMMON>
                <newparam sid="Marumine_mouthCl_ctr-image_surface">
                    <surface type="2D">
                        <init_from>Marumine_mouthCl_ctr-image</init_from>
                    </surface>
                </newparam>
                <newparam sid="Marumine_mouthCl_ctr-image_sampler">
                    <sampler2D>
                        <source>Marumine_mouthCl_ctr-image_surface</source>
                    </sampler2D>
                </newparam>
                <technique sid="standard">
                    <phong>
                        <emission>
                            <color sid="emission">0 0 0 1</color>
                        </emission>
                        <ambient>
                            <color sid="ambient">0.7019608 0.7019608 0.7019608 1</color>
                        </ambient>
                        <diffuse>
                            <texture texture="Marumine_mouthCl_ctr-image_sampler" texcoord="CHANNEL0" />
                        </diffuse>
                        <specular>
                            <color sid="specular">1 1 1 1</color>
                        </specular>
                        <reflective>
                            <color sid="reflective">1 1 1 1</color>
                        </reflective>
                        <shininess>
                            <float sid="shininess">20</float>
                        </shininess>
                        <reflectivity>
                            <float sid="reflectivity">1</float>
                        </reflectivity>
                        <transparency>
                            <float sid="transparency">1</float>
                        </transparency>
                    </phong>
                </technique>
            </profile_COMMON>
        </effect>
        <effect id="shadow_w-effect" name="shadow_w">
            <profile_COMMON>
                <technique sid="standard">
                    <phong>
                        <emission>
                            <color sid="emission">0 0 0 1</color>
                        </emission>
                        <ambient>
                            <color sid="ambient">0 0 0 1</color>
                        </ambient>
                        <diffuse>
                            <color sid="diffuse">0 0 0 1</color>
                        </diffuse>
                        <specular>
                            <color sid="specular">0 0 0 1</color>
                        </specular>
                        <reflective>
                            <color sid="reflective">1 1 1 1</color>
                        </reflective>
                        <shininess>
                            <float sid="shininess">20</float>
                        </shininess>
                        <reflectivity>
                            <float sid="reflectivity">1</float>
                        </reflectivity>
                        <transparency>
                            <float sid="transparency">1</float>
                        </transparency>
                    </phong>
                </technique>
            </profile_COMMON>
        </effect>
    </library_effects>
    <library_geometries>
        <geometry id="Object_0-geometry" name="Object_0">
            <mesh>
                <source id="Object_0-geometry-POSITION">
                    <float_array id="Object_0-geometry-POSITION-array" count="108">-0.230538 0.614181 0.55134 -0.297644 0.614448 0.518467 -0.295122 0.693611 0.512074 -0.228921 0.695093 0.544376 -0.290024 0.769159 0.494824 -0.225552 0.773091 0.526068 0 0.699046 0.591559 0 0.613992 0.59944 -0.081805 0.614075 0.593009 -0.081262 0.698527 0.58529 -0.080549 0.779941 0.565837 0 0.780982 0.571864 -0.155542 0.776917 0.550153 -0.157419 0.697027 0.569135 -0.158413 0.614048 0.57655 0 0.563844 0.598557 -0.081682 0.563844 0.592149 -0.158566 0.563844 0.575643 -0.230778 0.563844 0.550316 -0.29805 0.563844 0.517257 0.295122 0.693611 0.512074 0.297644 0.614448 0.518467 0.230538 0.614181 0.55134 0.228921 0.695093 0.544376 0.225552 0.773091 0.526068 0.290024 0.769159 0.494824 0.081805 0.614075 0.593009 0.081262 0.698527 0.585289 0.080549 0.779941 0.565837 0.157419 0.697027 0.569135 0.155542 0.776917 0.550153 0.158413 0.614048 0.57655 0.081682 0.563844 0.592149 0.230778 0.563844 0.550316 0.158566 0.563844 0.575643 0.29805 0.563844 0.517257</float_array>
                    <technique_common>
                        <accessor count="36" offset="0" source="Object_0-geometry-POSITION-array" stride="3">
                            <param name="X" type="float" />
                            <param name="Y" type="float" />
                            <param name="Z" type="float" />
                        </accessor>
                    </technique_common>
                </source>
                <source id="Object_0-geometry-NORMAL">
                    <float_array id="Object_0-geometry-NORMAL-array" count="108">-0.358323 0.032075 0.933047 -0.478133 0.034093 0.877625 -0.478212 0.171424 0.861352 -0.357284 0.166908 0.918961 -0.477582 0.289949 0.829364 -0.360439 0.288138 0.887164 0 0.171195 0.985237 0 0.030173 0.999545 -0.125129 0.030313 0.991677 -0.123469 0.169972 0.977683 -0.121004 0.28795 0.94997 0 0.290003 0.957026 -0.239799 0.285935 0.92776 -0.240135 0.167314 0.956212 -0.242596 0.030954 0.969634 0 -0.083032 0.996547 -0.124345 -0.082118 0.988835 -0.240976 -0.079288 0.967287 -0.356457 -0.074785 0.931314 -0.476941 -0.071824 0.875996 0.47821 0.171415 0.861355 0.478132 0.034092 0.877626 0.358321 0.032075 0.933047 0.357278 0.166904 0.918964 0.360428 0.288141 0.887168 0.47758 0.289952 0.829364 0.125129 0.030313 0.991677 0.123469 0.169972 0.977683 0.121004 0.28795 0.94997 0.240134 0.167314 0.956212 0.239798 0.285936 0.927759 0.242595 0.030954 0.969634 0.124345 -0.082118 0.988835 0.356456 -0.074785 0.931314 0.240974 -0.079288 0.967287 0.476941 -0.071823 0.875996</float_array>
                    <technique_common>
                        <accessor count="36" offset="0" source="Object_0-geometry-NORMAL-array" stride="3">
                            <param name="X" type="float" />
                            <param name="Y" type="float" />
                            <param name="Z" type="float" />
                        </accessor>
                    </technique_common>
                </source>
                <source id="Object_0-geometry-TEXCOORD">
                    <float_array id="Object_0-geometry-TEXCOORD-array" count="72">0.1284188 1.79688 0.007812549 1.79688 0.007812549 1.882818 0.1284188 1.882818 0.007812549 1.9961 0.1274422 1.9961 0.5000032 1.882818 0.5000032 1.79688 0.3725609 1.79688 0.3725609 1.882818 0.3720727 1.9961 0.5000032 1.9961 0.249025 1.9961 0.2500016 1.882818 0.2495133 1.79688 0.5000032 1.753423 0.3720727 1.753423 0.2485367 1.753423 0.1269539 1.753423 0.007812549 1.753423 0.9921938 1.88233 0.9921938 1.79688 0.8710992 1.79688 0.8710992 1.882818 0.8720758 1.9961 0.9921938 1.9961 0.6274454 1.79688 0.6269571 1.882818 0.6274454 1.9961 0.7495164 1.882818 0.750493 1.9961 0.7500048 1.79688 0.6274454 1.753423 0.8725641 1.753423 0.7509813 1.753423 0.9921938 1.753423</float_array>
                    <technique_common>
                        <accessor count="36" offset="0" source="Object_0-geometry-TEXCOORD-array" stride="2">
                            <param name="S" type="float" />
                            <param name="T" type="float" />
                        </accessor>
                    </technique_common>
                </source>
                <vertices id="Object_0-vertices">
                    <input semantic="POSITION" source="#Object_0-geometry-POSITION" />
                </vertices>
                <triangles count="48" material="Eye">
                    <input semantic="VERTEX" source="#Object_0-vertices" offset="0" set="0" />
                    <input semantic="NORMAL" source="#Object_0-geometry-NORMAL" offset="1" set="0" />
                    <input semantic="TEXCOORD" source="#Object_0-geometry-TEXCOORD" offset="2" set="0" />
                    <p>2 2 2 1 1 1 0 0 0 3 3 3 2 2 2 0 0 0 2 2 2 3 3 3 4 4 4 3 3 3 5 5 5 4 4 4 5 5 5 3 3 3 12 12 12 3 3 3 13 13 13 12 12 12 3 3 3 0 0 0 13 13 13 13 13 13 9 9 9 12 12 12 9 9 9 10 10 10 12 12 12 9 9 9 6 6 6 10 10 10 9 9 9 8 8 8 6 6 6 8 8 8 7 7 7 6 6 6 6 6 6 11 11 11 10 10 10 0 0 0 14 14 14 13 13 13 9 9 9 13 13 13 14 14 14 8 8 8 9 9 9 14 14 14 7 7 7 8 8 8 15 15 15 8 8 8 16 16 16 15 15 15 14 14 14 0 0 0 17 17 17 8 8 8 14 14 14 17 17 17 16 16 16 8 8 8 17 17 17 0 0 0 18 18 18 17 17 17 0 0 0 1 1 1 19 19 19 18 18 18 0 0 0 19 19 19 6 6 6 7 7 7 26 26 26 7 7 7 15 15 15 26 26 26 27 27 27 6 6 6 26 26 26 28 28 28 11 11 11 6 6 6 27 27 27 28 28 28 6 6 6 30 30 30 28 28 28 27 27 27 29 29 29 30 30 30 27 27 27 30 30 30 29 29 29 23 23 23 24 24 24 30 30 30 23 23 23 25 25 25 24 24 24 23 23 23 20 20 20 25 25 25 23 23 23 23 23 23 22 22 22 20 20 20 23 23 23 29 29 29 22 22 22 22 22 22 21 21 21 20 20 20 29 29 29 31 31 31 22 22 22 31 31 31 29 29 29 27 27 27 26 26 26 31 31 31 27 27 27 15 15 15 32 32 32 26 26 26 31 31 31 34 34 34 22 22 22 34 34 34 31 31 31 26 26 26 32 32 32 34 34 34 26 26 26 34 34 34 33 33 33 22 22 22 35 35 35 21 21 21 22 22 22 33 33 33 35 35 35 22 22 22</p>
                </triangles>
            </mesh>
        </geometry>
        <geometry id="Object_1-geometry" name="Object_1">
            <mesh>
                <source id="Object_1-geometry-POSITION">
                    <float_array id="Object_1-geometry-POSITION-array" count="1440">-0.357573 0.970781 -0.304536 -0.362442 0.999137 -0.262353 -0.395182 0.97009 -0.255076 -0.384289 0.957576 -0.289235 -0.319454 0.989857 -0.325084 -0.320948 1.024938 -0.274355 -0.271913 1.049324 -0.288447 -0.27051 1.008291 -0.344546 -0.21391 1.026073 -0.362683 -0.215254 1.070931 -0.301914 -0.275684 1.082462 -0.224314 -0.218149 1.107165 -0.233362 -0.32646 1.054076 -0.215222 -0.370923 1.02225 -0.20775 -0.410147 0.986715 -0.204431 -0.079121 1.050681 -0.386681 0 1.055135 -0.390868 0 1.105164 -0.323106 -0.080137 1.100109 -0.319782 0 1.145804 -0.248096 -0.081994 1.140605 -0.245919 -0.151139 1.088625 -0.312756 -0.153485 1.126783 -0.240759 -0.149625 1.040378 -0.377018 -0.088498 1.193247 0 -0.086781 1.187286 -0.083582 0 1.193795 -0.083874 0 1.199996 0 -0.084205 1.169926 -0.167259 0 1.175485 -0.168204 -0.22592 1.155689 0 -0.224685 1.149839 -0.081078 -0.159484 1.172179 -0.083054 -0.160747 1.177589 0 -0.156731 1.155231 -0.163954 -0.22196 1.134089 -0.159272 -0.431396 1.016549 0 -0.430074 1.011148 -0.07219 -0.385044 1.053305 -0.073816 -0.386223 1.05896 0 -0.336731 1.096061 0 -0.336239 1.089971 -0.076377 -0.379255 1.040468 -0.14397 -0.422382 1.00084 -0.141924 -0.332234 1.075801 -0.148402 -0.279988 1.107147 -0.153921 -0.283654 1.128298 0 -0.282987 1.122226 -0.078907 -0.39748 0.928372 -0.304649 -0.364205 0.934102 -0.337733 -0.415437 0.884046 -0.324199 -0.376645 0.887028 -0.367055 -0.330124 0.893734 -0.403263 -0.32249 0.945806 -0.366971 -0.391052 0.830077 -0.39247 -0.434063 0.828463 -0.343333 -0.340159 0.833708 -0.433742 -0.277182 0.903205 -0.435034 -0.283649 0.839458 -0.468998 -0.221451 0.846117 -0.498211 -0.217663 0.913466 -0.461889 -0.272745 0.959898 -0.393748 -0.214868 0.973623 -0.416564 -0.416948 0.615703 -0.429704 -0.412375 0.691807 -0.425053 -0.461389 0.692183 -0.369762 -0.466637 0.616598 -0.373651 -0.359807 0.614976 -0.478544 -0.356474 0.69239 -0.472706 -0.295122 0.693611 -0.512074 -0.297644 0.614448 -0.518468 -0.230538 0.61418 -0.55134 -0.228921 0.695093 -0.544376 -0.290024 0.769159 -0.494824 -0.225552 0.773091 -0.526068 -0.349194 0.765999 -0.457058 -0.449709 0.76352 -0.358871 -0.403059 0.763954 -0.411809 -0.081805 0.614075 -0.593009 0 0.613992 -0.59944 0 0.699046 -0.591559 -0.081262 0.698527 -0.58529 -0.080549 0.779941 -0.565837 0 0.780982 -0.571865 0 0.858681 -0.540917 -0.079689 0.856875 -0.535487 -0.155542 0.776917 -0.550153 -0.153192 0.852336 -0.520802 -0.157419 0.697027 -0.569135 -0.158413 0.614048 -0.57655 -0.079021 0.991674 -0.44689 0 0.996473 -0.449954 -0.079137 0.928579 -0.49517 0 0.930814 -0.500014 -0.149826 0.98523 -0.434028 -0.151245 0.922393 -0.482096 -0.081682 0.563844 -0.592149 0 0.563844 -0.598557 -0.230778 0.563844 -0.550316 -0.158566 0.563844 -0.575643 -0.466532 0.563844 -0.372701 -0.416998 0.563844 -0.428681 -0.360201 0.563844 -0.477172 -0.29805 0.563844 -0.517257 -0.51003 0.563844 -0.309935 -0.51034 0.617422 -0.310684 -0.546568 0.563844 -0.240038 -0.547026 0.618337 -0.240529 -0.599151 0.621235 0 -0.598678 0.563844 0 -0.592238 0.563844 -0.081795 -0.592771 0.620214 -0.08176 -0.57455 0.563844 -0.163447 -0.575083 0.619271 -0.163647 -0.42203 0.933736 -0.261603 -0.447663 0.88709 -0.273792 -0.443844 0.94431 -0.207547 -0.474898 0.893919 -0.214772 -0.50284 0.835138 -0.223461 -0.471507 0.830642 -0.287311 -0.473691 0.967537 0 -0.47148 0.963087 -0.07267 -0.512416 0.912014 0 -0.508829 0.908032 -0.073916 -0.495975 0.901507 -0.147491 -0.461223 0.955107 -0.14359 -0.541226 0.845065 -0.075939 -0.54579 0.848131 0 -0.5266 0.840427 -0.152489 -0.585178 0.699365 -0.080557 -0.591147 0.701127 0 -0.568018 0.697248 -0.161886 -0.540645 0.695081 -0.237935 -0.551072 0.771821 -0.157852 -0.525028 0.768126 -0.231711 -0.572858 0.7775 0 -0.567392 0.775026 -0.078407 -0.504463 0.693378 -0.307595 -0.490614 0.765168 -0.299042 0.395182 0.97009 -0.255076 0.362442 0.999138 -0.262353 0.357573 0.970781 -0.304536 0.384289 0.957576 -0.289235 0.319454 0.989857 -0.325084 0.320948 1.024938 -0.274355 0.21391 1.026073 -0.362683 0.27051 1.008291 -0.344546 0.271913 1.049325 -0.288447 0.215254 1.070931 -0.301914 0.275684 1.082462 -0.224314 0.218149 1.107165 -0.233362 0.32646 1.054076 -0.215222 0.410147 0.986715 -0.204432 0.370923 1.02225 -0.20775 0.079121 1.050681 -0.386681 0.080137 1.100109 -0.319782 0.081994 1.140605 -0.245919 0.153485 1.126783 -0.240759 0.151139 1.088625 -0.312756 0.149625 1.040378 -0.377018 0.086781 1.187286 -0.083582 0.088498 1.193247 0 0.084205 1.169926 -0.167259 0.159484 1.172179 -0.083054 0.224685 1.149839 -0.081078 0.22592 1.155689 0 0.160747 1.177589 0 0.156731 1.155231 -0.163954 0.22196 1.134089 -0.159272 0.385044 1.053305 -0.073816 0.430074 1.011148 -0.07219 0.431395 1.016549 0 0.386223 1.05896 0 0.336731 1.096061 0 0.336239 1.089971 -0.076377 0.379255 1.040468 -0.14397 0.422382 1.00084 -0.141924 0.332234 1.075801 -0.148402 0.279988 1.107148 -0.153921 0.282987 1.122226 -0.078907 0.283654 1.128298 0 0.364205 0.934102 -0.337733 0.39748 0.928372 -0.304649 0.376645 0.887028 -0.367055 0.415437 0.884046 -0.324199 0.32249 0.945806 -0.366971 0.330124 0.893734 -0.403264 0.391052 0.830077 -0.39247 0.434063 0.828463 -0.343333 0.340159 0.833708 -0.433742 0.221451 0.846117 -0.498211 0.283649 0.839458 -0.468999 0.277182 0.903205 -0.435034 0.217663 0.913466 -0.461889 0.272746 0.959898 -0.393748 0.214868 0.973623 -0.416564 0.461389 0.692183 -0.369763 0.412375 0.691807 -0.425053 0.416948 0.615703 -0.429704 0.466637 0.616598 -0.373651 0.359808 0.614976 -0.478544 0.356474 0.69239 -0.472707 0.230538 0.61418 -0.55134 0.297644 0.614448 -0.518468 0.295122 0.693611 -0.512074 0.228921 0.695093 -0.544376 0.290024 0.769159 -0.494825 0.225552 0.773091 -0.526068 0.349194 0.765999 -0.457058 0.403059 0.763954 -0.411809 0.449709 0.76352 -0.358871 0.081805 0.614075 -0.593009 0.081262 0.698527 -0.58529 0.080549 0.779941 -0.565837 0.079689 0.856875 -0.535487 0.155542 0.776917 -0.550153 0.153192 0.852336 -0.520802 0.157419 0.697027 -0.569135 0.158413 0.614048 -0.57655 0.079021 0.991674 -0.44689 0.079137 0.928579 -0.49517 0.149826 0.98523 -0.434028 0.151245 0.922393 -0.482096 0.081682 0.563844 -0.592149 0.158566 0.563844 -0.575643 0.230778 0.563844 -0.550316 0.416998 0.563844 -0.428681 0.466532 0.563844 -0.372702 0.360202 0.563844 -0.477172 0.29805 0.563844 -0.517257 0.51003 0.563844 -0.309935 0.51034 0.617422 -0.310684 0.546569 0.563844 -0.240038 0.547026 0.618337 -0.240529 0.592238 0.563844 -0.081795 0.598678 0.563844 0 0.599151 0.621235 0 0.592771 0.620214 -0.08176 0.575083 0.619271 -0.163647 0.57455 0.563844 -0.163447 0.42203 0.933736 -0.261603 0.447663 0.88709 -0.273792 0.443844 0.94431 -0.207547 0.474899 0.89392 -0.214772 0.471507 0.830642 -0.287311 0.50284 0.835138 -0.223461 0.47148 0.963087 -0.07267 0.473691 0.967537 0 0.508829 0.908032 -0.073916 0.512416 0.912014 0 0.461223 0.955107 -0.14359 0.495975 0.901507 -0.147491 0.541227 0.845065 -0.075939 0.545789 0.848131 0 0.5266 0.840427 -0.152489 0.591147 0.701127 0 0.585178 0.699365 -0.080557 0.568018 0.697248 -0.161886 0.540645 0.695081 -0.237935 0.551072 0.771821 -0.157852 0.525028 0.768126 -0.231711 0.567392 0.775026 -0.078407 0.572857 0.7775 0 0.504463 0.693378 -0.307595 0.490614 0.765168 -0.299042 -0.395182 0.970089 0.255076 -0.362442 0.999137 0.262353 -0.357573 0.970781 0.304536 -0.384289 0.957576 0.289235 -0.319453 0.989857 0.325083 -0.320948 1.024938 0.274355 -0.21391 1.026073 0.362683 -0.27051 1.008291 0.344546 -0.271913 1.049324 0.288447 -0.215254 1.070931 0.301914 -0.275684 1.082462 0.224314 -0.218149 1.107165 0.233362 -0.32646 1.054076 0.215222 -0.410147 0.986715 0.204431 -0.370923 1.02225 0.20775 0 1.105164 0.323106 0 1.055135 0.390868 -0.079121 1.050681 0.38668 -0.080137 1.100109 0.319782 -0.081994 1.140605 0.245919 0 1.145804 0.248096 -0.153485 1.126783 0.240759 -0.151139 1.088625 0.312756 -0.149625 1.040378 0.377018 0 1.193795 0.083874 -0.086781 1.187286 0.083582 0 1.175485 0.168204 -0.084205 1.169926 0.167259 -0.159484 1.172179 0.083054 -0.224685 1.149839 0.081078 -0.156731 1.155231 0.163954 -0.22196 1.134089 0.159272 -0.385044 1.053305 0.073816 -0.430074 1.011148 0.07219 -0.33624 1.089971 0.076377 -0.379255 1.040468 0.14397 -0.422382 1.00084 0.141924 -0.332234 1.075801 0.148402 -0.279988 1.107148 0.153921 -0.282987 1.122226 0.078907 -0.364205 0.934102 0.337733 -0.39748 0.928372 0.304649 -0.376645 0.887028 0.367055 -0.415437 0.884045 0.324199 -0.32249 0.945806 0.36697 -0.330124 0.893734 0.403263 -0.391052 0.830077 0.39247 -0.434063 0.828463 0.343333 -0.340159 0.833708 0.433742 -0.221451 0.846117 0.498211 -0.283649 0.839458 0.468998 -0.277182 0.903205 0.435034 -0.217663 0.913466 0.461889 -0.272745 0.959898 0.393748 -0.214868 0.973623 0.416564 -0.461389 0.692183 0.369762 -0.412374 0.691807 0.425053 -0.416948 0.615702 0.429704 -0.466637 0.616598 0.373651 -0.359807 0.614976 0.478544 -0.356474 0.69239 0.472706 -0.295122 0.693611 0.512074 -0.297644 0.614448 0.518467 -0.290024 0.769159 0.494824 -0.225552 0.773091 0.526068 -0.349194 0.765999 0.457058 -0.403059 0.763954 0.411808 -0.449709 0.76352 0.358871 0 0.858681 0.540917 0 0.780982 0.571864 -0.080549 0.779941 0.565837 -0.079689 0.856875 0.535487 -0.155542 0.776917 0.550153 -0.153192 0.852336 0.520802 0 0.996473 0.449954 -0.079021 0.991674 0.44689 -0.079137 0.928579 0.49517 0 0.930814 0.500014 -0.149826 0.98523 0.434028 -0.151245 0.922392 0.482096 -0.416998 0.563844 0.42868 -0.466532 0.563844 0.372701 -0.360201 0.563844 0.477172 -0.29805 0.563844 0.517257 -0.51003 0.563844 0.309935 -0.51034 0.617422 0.310684 -0.546568 0.563844 0.240038 -0.547026 0.618337 0.240529 -0.592238 0.563844 0.081795 -0.592771 0.620214 0.08176 -0.575083 0.619271 0.163647 -0.574549 0.563844 0.163447 -0.42203 0.933736 0.261603 -0.447663 0.88709 0.273792 -0.443844 0.94431 0.207547 -0.474898 0.893919 0.214772 -0.471507 0.830642 0.287311 -0.50284 0.835138 0.223461 -0.47148 0.963087 0.07267 -0.508829 0.908032 0.073916 -0.461223 0.955107 0.14359 -0.495975 0.901507 0.147491 -0.541226 0.845065 0.075939 -0.5266 0.840427 0.152489 -0.585178 0.699365 0.080557 -0.568018 0.697248 0.161886 -0.540645 0.695081 0.237935 -0.551072 0.771821 0.157852 -0.525028 0.768126 0.231711 -0.567392 0.775026 0.078407 -0.504463 0.693378 0.307595 -0.490614 0.765168 0.299042 0.357573 0.970781 0.304536 0.362442 0.999137 0.262353 0.395182 0.97009 0.255076 0.384289 0.957576 0.289235 0.319454 0.989857 0.325083 0.320948 1.024938 0.274355 0.271913 1.049324 0.288447 0.27051 1.00829 0.344546 0.21391 1.026073 0.362682 0.215254 1.070931 0.301914 0.275684 1.082462 0.224314 0.218149 1.107165 0.233362 0.32646 1.054075 0.215222 0.370923 1.02225 0.20775 0.410147 0.986715 0.204431 0.079121 1.050681 0.38668 0.080137 1.100109 0.319782 0.081994 1.140605 0.245919 0.151139 1.088625 0.312756 0.153485 1.126783 0.240759 0.149625 1.040377 0.377018 0.086781 1.187286 0.083582 0.084205 1.169926 0.167259 0.224685 1.149839 0.081078 0.159484 1.172179 0.083054 0.156731 1.155231 0.163954 0.22196 1.134089 0.159272 0.430074 1.011148 0.07219 0.385044 1.053305 0.073816 0.336239 1.089971 0.076377 0.379255 1.040468 0.14397 0.422382 1.00084 0.141924 0.332234 1.075801 0.148402 0.279988 1.107147 0.15392 0.282987 1.122226 0.078907 0.39748 0.928372 0.304649 0.364205 0.934102 0.337733 0.415437 0.884045 0.324199 0.376645 0.887028 0.367055 0.330124 0.893734 0.403263 0.32249 0.945806 0.36697 0.391052 0.830077 0.39247 0.434063 0.828463 0.343333 0.340159 0.833708 0.433742 0.277182 0.903205 0.435034 0.283649 0.839458 0.468998 0.221451 0.846117 0.498211 0.217663 0.913466 0.461889 0.272745 0.959898 0.393748 0.214868 0.973623 0.416564 0.416948 0.615703 0.429704 0.412374 0.691807 0.425053 0.461389 0.692183 0.369762 0.466637 0.616598 0.373651 0.359807 0.614976 0.478544 0.356474 0.69239 0.472706 0.297644 0.614448 0.518467 0.295122 0.693611 0.512074 0.290024 0.769159 0.494824 0.225552 0.773091 0.526068 0.349194 0.765999 0.457058 0.449709 0.76352 0.358871 0.403059 0.763954 0.411808 0.080549 0.779941 0.565837 0.079689 0.856875 0.535487 0.155542 0.776917 0.550153 0.153192 0.852336 0.520802 0.079021 0.991674 0.44689 0.079137 0.928579 0.495169 0.149826 0.98523 0.434028 0.151245 0.922392 0.482096 0.466532 0.563844 0.372701 0.416998 0.563844 0.428681 0.360201 0.563844 0.477172 0.29805 0.563844 0.517257 0.51003 0.563844 0.309935 0.51034 0.617422 0.310684 0.546568 0.563844 0.240038 0.547026 0.618337 0.240529 0.592238 0.563844 0.081795 0.592771 0.620214 0.08176 0.574549 0.563844 0.163447 0.575083 0.619271 0.163647 0.42203 0.933736 0.261603 0.447663 0.88709 0.273792 0.443844 0.94431 0.207547 0.474898 0.893919 0.214772 0.50284 0.835138 0.223461 0.471507 0.830642 0.287311 0.47148 0.963087 0.07267 0.508829 0.908032 0.073916 0.495975 0.901507 0.147491 0.461222 0.955107 0.14359 0.541226 0.845065 0.075939 0.5266 0.840427 0.152489 0.585178 0.699365 0.080557 0.568017 0.697248 0.161886 0.540645 0.695081 0.237935 0.551072 0.771821 0.157852 0.525028 0.768126 0.231711 0.567392 0.775026 0.078407 0.504463 0.693378 0.307595 0.490614 0.765168 0.299042</float_array>
                    <technique_common>
                        <accessor count="480" offset="0" source="Object_1-geometry-POSITION-array" stride="3">
                            <param name="X" type="float" />
                            <param name="Y" type="float" />
                            <param name="Z" type="float" />
                        </accessor>
                    </technique_common>
                </source>
                <source id="Object_1-geometry-NORMAL">
                    <float_array id="Object_1-geometry-NORMAL-array" count="1440">-0.596613 0.627849 -0.499858 -0.597841 0.679451 -0.425361 -0.672151 0.613634 -0.414326 -0.655255 0.592725 -0.468314 -0.515491 0.667048 -0.537882 -0.518207 0.727332 -0.449945 -0.435293 0.764246 -0.475867 -0.432001 0.698401 -0.570623 -0.346744 0.722711 -0.597877 -0.350304 0.793421 -0.497765 -0.44367 0.812024 -0.379175 -0.355111 0.848414 -0.392544 -0.528636 0.767157 -0.363337 -0.609999 0.711196 -0.349429 -0.689729 0.637181 -0.343911 -0.13913 0.753546 -0.642505 0 0.760097 -0.64981 0 0.849711 -0.527249 -0.13971 0.840211 -0.523952 0 0.917377 -0.39802 -0.134982 0.907032 -0.39884 -0.259152 0.817936 -0.513636 -0.256483 0.880484 -0.398704 -0.254052 0.740088 -0.622678 -0.130049 0.991508 0 -0.128488 0.980891 -0.146096 0 0.989213 -0.146487 0 1 0 -0.129272 0.953537 -0.272131 0 0.962695 -0.270589 -0.342923 0.939364 0 -0.347928 0.923967 -0.158844 -0.238515 0.959532 -0.149699 -0.235228 0.97194 0 -0.247651 0.928218 -0.277632 -0.355204 0.891368 -0.281591 -0.728392 0.68516 0 -0.72009 0.675487 -0.15871 -0.634397 0.755667 -0.162814 -0.641443 0.767171 -1E-06 -0.548988 0.83583 -1E-06 -0.544269 0.822143 -0.166892 -0.623202 0.735858 -0.264826 -0.706183 0.658397 -0.260422 -0.537733 0.79792 -0.272337 -0.449734 0.848494 -0.278923 -0.449575 0.893242 -1E-06 -0.449915 0.877447 -0.166326 -0.684902 0.533523 -0.496249 -0.614656 0.550925 -0.564517 -0.714538 0.456969 -0.529731 -0.640679 0.464803 -0.611138 -0.551617 0.485733 -0.678073 -0.528958 0.581976 -0.617663 -0.662837 0.377529 -0.646622 -0.738453 0.375495 -0.560081 -0.571784 0.388443 -0.722616 -0.453437 0.508917 -0.73171 -0.468521 0.402811 -0.786277 -0.361115 0.413264 -0.835948 -0.355191 0.527438 -0.771783 -0.438935 0.610814 -0.65897 -0.348414 0.632523 -0.691753 -0.70049 0.040738 -0.712498 -0.692551 0.182927 -0.69779 -0.77509 0.187028 -0.603536 -0.787332 0.043497 -0.614994 -0.597668 0.037343 -0.800874 -0.594404 0.177727 -0.784281 -0.47821 0.171414 -0.861355 -0.478132 0.034091 -0.877626 -0.358323 0.032074 -0.933047 -0.357279 0.166903 -0.918964 -0.47758 0.289951 -0.829365 -0.360428 0.28814 -0.887168 -0.586766 0.286875 -0.757237 -0.75954 0.283161 -0.585592 -0.680883 0.282864 -0.675564 -0.125129 0.030313 -0.991677 0 0.030173 -0.999545 0 0.171195 -0.985237 -0.123469 0.169972 -0.977683 -0.121004 0.28795 -0.94997 0 0.290003 -0.957026 0 0.417156 -0.908835 -0.121072 0.416791 -0.900903 -0.239798 0.285935 -0.92776 -0.243905 0.416586 -0.875766 -0.240134 0.167314 -0.956212 -0.242596 0.030954 -0.969634 -0.133765 0.656271 -0.742573 0 0.659242 -0.751931 -0.126548 0.545387 -0.828576 0 0.545281 -0.838253 -0.248081 0.647887 -0.720207 -0.24698 0.540604 -0.804207 -0.124345 -0.082118 -0.988835 0 -0.083032 -0.996547 -0.356457 -0.074785 -0.931314 -0.240976 -0.079288 -0.967287 -0.786041 -0.07952 -0.613039 -0.699804 -0.078166 -0.710046 -0.597271 -0.073945 -0.798624 -0.476942 -0.071824 -0.875995 -0.86143 -0.07645 -0.502089 -0.862815 0.044827 -0.503528 -0.921198 -0.068227 -0.383065 -0.922537 0.044122 -0.383378 -0.999135 0.041581 1E-06 -0.998546 -0.053914 1E-06 -0.990869 -0.05452 -0.123315 -0.991431 0.041623 -0.123822 -0.965451 -0.058881 -0.253845 -0.966224 0.042475 -0.254179 -0.729032 0.537932 -0.423252 -0.766732 0.463343 -0.444337 -0.755404 0.554115 -0.349745 -0.802839 0.4744 -0.361101 -0.843935 0.386932 -0.37156 -0.797904 0.380943 -0.467152 -0.805956 0.591976 0 -0.796096 0.584591 -0.156476 -0.869833 0.493346 0 -0.858376 0.4891 -0.154826 -0.834644 0.482913 -0.264887 -0.777916 0.571216 -0.261837 -0.909156 0.388506 -0.149993 -0.921896 0.387438 0 -0.881616 0.389574 -0.266432 -0.977952 0.164932 -0.128095 -0.987029 0.160544 0 -0.949773 0.175042 -0.259407 -0.904819 0.184037 -0.383971 -0.920664 0.286256 -0.265397 -0.878639 0.288592 -0.380406 -0.962794 0.270237 0 -0.950809 0.276741 -0.1392 -0.846796 0.187963 -0.4976 -0.825634 0.286217 -0.486218 0.672152 0.613626 -0.414336 0.597841 0.679451 -0.425361 0.596624 0.627839 -0.499857 0.655271 0.592698 -0.468326 0.515491 0.667048 -0.537882 0.518207 0.727332 -0.449945 0.346744 0.722711 -0.597877 0.432001 0.698401 -0.570623 0.435293 0.764246 -0.475867 0.350304 0.793421 -0.497766 0.44367 0.812024 -0.379175 0.355111 0.848414 -0.392544 0.528636 0.767157 -0.363337 0.689729 0.637181 -0.343911 0.609999 0.711196 -0.349429 0.13913 0.753546 -0.642505 0.13971 0.840211 -0.523952 0.134982 0.907032 -0.39884 0.256483 0.880484 -0.398704 0.259152 0.817936 -0.513636 0.254052 0.740088 -0.622678 0.128488 0.980891 -0.146096 0.130049 0.991508 0 0.129272 0.953537 -0.272131 0.238515 0.959532 -0.149698 0.347928 0.923967 -0.158844 0.342922 0.939364 0 0.235228 0.97194 0 0.247651 0.928219 -0.277631 0.355204 0.891368 -0.281591 0.634397 0.755667 -0.162814 0.720089 0.675487 -0.15871 0.728392 0.685161 0 0.641443 0.767171 0 0.548989 0.83583 -1E-06 0.544269 0.822143 -0.166892 0.623202 0.735858 -0.264825 0.706183 0.658397 -0.260422 0.537733 0.797919 -0.272337 0.449734 0.848494 -0.278922 0.449915 0.877447 -0.166326 0.449575 0.893242 -1E-06 0.61467 0.55092 -0.564506 0.684907 0.533513 -0.496252 0.640683 0.464809 -0.611129 0.714533 0.456981 -0.529727 0.528958 0.581976 -0.617663 0.551617 0.485733 -0.678073 0.662837 0.377529 -0.646622 0.738452 0.375496 -0.560081 0.571781 0.388439 -0.722622 0.361121 0.413259 -0.835948 0.468522 0.402802 -0.786281 0.453437 0.508917 -0.731709 0.355191 0.527438 -0.771783 0.438935 0.610814 -0.65897 0.348414 0.632523 -0.691753 0.77509 0.187028 -0.603536 0.692549 0.182928 -0.697792 0.700488 0.040755 -0.712499 0.787334 0.043505 -0.614989 0.597663 0.037354 -0.800877 0.5944 0.177732 -0.784283 0.358323 0.032074 -0.933047 0.478134 0.034093 -0.877625 0.478213 0.171423 -0.861352 0.357283 0.166908 -0.918962 0.477581 0.289949 -0.829365 0.360438 0.288139 -0.887164 0.586757 0.286872 -0.757245 0.680882 0.282863 -0.675566 0.75954 0.283161 -0.585592 0.125129 0.030313 -0.991677 0.123469 0.169972 -0.977683 0.121004 0.28795 -0.94997 0.121072 0.416791 -0.900903 0.239798 0.285935 -0.92776 0.243904 0.416586 -0.875766 0.240134 0.167314 -0.956212 0.242596 0.030954 -0.969634 0.133765 0.656271 -0.742573 0.126548 0.545387 -0.828576 0.248081 0.647887 -0.720207 0.24698 0.540604 -0.804207 0.124344 -0.082118 -0.988835 0.240976 -0.079288 -0.967287 0.356457 -0.074785 -0.931314 0.699805 -0.078135 -0.710048 0.786054 -0.079504 -0.613024 0.597255 -0.07393 -0.798637 0.476942 -0.071824 -0.875995 0.86143 -0.07645 -0.502089 0.862815 0.044827 -0.503529 0.921198 -0.068227 -0.383065 0.922537 0.044122 -0.383378 0.990869 -0.05452 -0.123315 0.998546 -0.053914 0 0.999135 0.041582 0 0.991431 0.041624 -0.123822 0.966224 0.042475 -0.254179 0.965451 -0.058881 -0.253845 0.729025 0.537929 -0.423267 0.766723 0.463351 -0.444344 0.755404 0.554115 -0.349745 0.802839 0.4744 -0.361101 0.797904 0.380944 -0.467152 0.843935 0.386932 -0.37156 0.796096 0.584591 -0.156476 0.805956 0.591975 0 0.858377 0.4891 -0.154826 0.869833 0.493346 0 0.777916 0.571216 -0.261837 0.834644 0.482913 -0.264887 0.909156 0.388506 -0.149993 0.921895 0.387439 0 0.881616 0.389574 -0.266432 0.987029 0.160544 0 0.977952 0.164932 -0.128095 0.949773 0.175042 -0.259407 0.904819 0.184037 -0.383971 0.920664 0.286256 -0.265397 0.878639 0.288592 -0.380406 0.950809 0.276741 -0.1392 0.962794 0.270237 0 0.846796 0.187963 -0.4976 0.825634 0.286217 -0.486218 -0.672152 0.613626 0.414337 -0.597843 0.679449 0.425362 -0.596625 0.627839 0.499857 -0.65527 0.5927 0.468325 -0.515492 0.667046 0.537882 -0.518209 0.72733 0.449946 -0.346745 0.72271 0.597878 -0.432001 0.6984 0.570624 -0.435292 0.764245 0.475868 -0.350305 0.79342 0.497766 -0.443669 0.812024 0.379176 -0.35511 0.848414 0.392545 -0.528638 0.767156 0.363337 -0.689729 0.637181 0.343911 -0.610001 0.711195 0.349429 0 0.849711 0.527249 0 0.760096 0.64981 -0.13913 0.753545 0.642505 -0.13971 0.840212 0.523952 -0.134982 0.907032 0.39884 0 0.917377 0.39802 -0.256483 0.880484 0.398704 -0.259152 0.817936 0.513635 -0.254052 0.740087 0.622678 0 0.989213 0.146487 -0.128488 0.980891 0.146096 0 0.962695 0.27059 -0.129272 0.953537 0.272131 -0.238514 0.959532 0.149698 -0.347927 0.923967 0.158843 -0.247651 0.928219 0.277631 -0.355203 0.891368 0.281591 -0.634397 0.755667 0.162814 -0.72009 0.675486 0.15871 -0.544269 0.822143 0.166891 -0.623203 0.735857 0.264826 -0.706183 0.658396 0.260423 -0.537734 0.797919 0.272337 -0.449734 0.848494 0.278923 -0.449915 0.877447 0.166324 -0.61467 0.550921 0.564505 -0.684906 0.533516 0.496251 -0.640683 0.464808 0.611129 -0.714533 0.456981 0.529727 -0.528958 0.581977 0.617663 -0.551616 0.485733 0.678073 -0.662837 0.377528 0.646622 -0.738452 0.375495 0.560082 -0.571781 0.388438 0.722622 -0.361121 0.413259 0.835948 -0.468522 0.402802 0.786281 -0.453436 0.508918 0.731709 -0.355191 0.527439 0.771783 -0.438934 0.610814 0.658971 -0.348415 0.632522 0.691754 -0.77509 0.187029 0.603536 -0.692548 0.18293 0.697792 -0.700488 0.040757 0.712499 -0.787336 0.043506 0.614987 -0.597661 0.037356 0.800878 -0.594399 0.177734 0.784284 -0.478212 0.171424 0.861352 -0.478133 0.034093 0.877625 -0.477582 0.289949 0.829364 -0.360439 0.288138 0.887164 -0.586758 0.286872 0.757245 -0.680881 0.282862 0.675566 -0.75954 0.283161 0.585593 1E-06 0.417156 0.908835 0 0.290003 0.957026 -0.121004 0.28795 0.94997 -0.121072 0.416791 0.900903 -0.239799 0.285935 0.92776 -0.243905 0.416586 0.875766 0 0.659242 0.751931 -0.133765 0.656271 0.742574 -0.126549 0.545387 0.828576 0 0.545281 0.838254 -0.248082 0.647886 0.720208 -0.246981 0.540604 0.804206 -0.699806 -0.078135 0.710047 -0.786057 -0.079504 0.613021 -0.597253 -0.07393 0.798639 -0.476941 -0.071824 0.875996 -0.86143 -0.07645 0.502089 -0.862815 0.044827 0.503529 -0.921198 -0.068229 0.383066 -0.922537 0.044122 0.383378 -0.990869 -0.05452 0.123315 -0.991431 0.041622 0.123822 -0.966224 0.042474 0.254178 -0.965452 -0.058882 0.253843 -0.729024 0.537931 0.423267 -0.766724 0.463351 0.444343 -0.755403 0.554116 0.349746 -0.802839 0.4744 0.361101 -0.797904 0.380944 0.467152 -0.843935 0.386932 0.37156 -0.796096 0.584591 0.156476 -0.858376 0.4891 0.154826 -0.777916 0.571216 0.261838 -0.834644 0.482912 0.264887 -0.909156 0.388506 0.149994 -0.881616 0.389574 0.266432 -0.977952 0.164932 0.128095 -0.949773 0.175042 0.259406 -0.904819 0.184037 0.383971 -0.920664 0.286256 0.265397 -0.878639 0.288593 0.380405 -0.950809 0.276741 0.1392 -0.846796 0.187963 0.497601 -0.825634 0.286217 0.486218 0.596613 0.627849 0.499859 0.597842 0.679451 0.425361 0.67215 0.613635 0.414326 0.655255 0.592725 0.468314 0.51549 0.667047 0.537883 0.518207 0.727331 0.449946 0.435292 0.764245 0.475869 0.432001 0.698401 0.570624 0.346745 0.722711 0.597877 0.350304 0.79342 0.497768 0.44367 0.812024 0.379176 0.35511 0.848413 0.392545 0.528637 0.767156 0.363337 0.61 0.711196 0.349428 0.689729 0.637181 0.343911 0.139131 0.753546 0.642504 0.139711 0.840211 0.523952 0.134983 0.907031 0.398841 0.259152 0.817935 0.513637 0.256482 0.880484 0.398705 0.254052 0.740088 0.622678 0.128488 0.980891 0.146096 0.129272 0.953537 0.272132 0.347927 0.923968 0.158842 0.238514 0.959532 0.149697 0.24765 0.928219 0.27763 0.355203 0.891369 0.281589 0.720089 0.675487 0.15871 0.634396 0.755667 0.162814 0.54427 0.822142 0.166892 0.623202 0.735858 0.264825 0.706183 0.658397 0.260422 0.537735 0.797918 0.272338 0.449734 0.848494 0.278922 0.449915 0.877447 0.166325 0.684901 0.533523 0.496249 0.614655 0.550926 0.564517 0.714538 0.456968 0.529731 0.640678 0.464803 0.611138 0.551616 0.485733 0.678073 0.528957 0.581976 0.617663 0.662836 0.377529 0.646622 0.738453 0.375494 0.560081 0.571784 0.388444 0.722617 0.453437 0.508917 0.73171 0.468521 0.402812 0.786277 0.361115 0.413264 0.835948 0.355191 0.527437 0.771783 0.438935 0.610815 0.65897 0.348415 0.632523 0.691753 0.700491 0.04074 0.712497 0.692551 0.18293 0.697789 0.775091 0.187029 0.603535 0.787334 0.043497 0.614991 0.597666 0.037345 0.800875 0.594404 0.17773 0.784281 0.478132 0.034092 0.877626 0.47821 0.171415 0.861355 0.47758 0.289952 0.829364 0.360428 0.288141 0.887168 0.586766 0.286875 0.757237 0.75954 0.283162 0.585592 0.680883 0.282864 0.675564 0.121004 0.28795 0.94997 0.121072 0.416791 0.900903 0.239798 0.285936 0.927759 0.243905 0.416586 0.875766 0.133766 0.656271 0.742574 0.126549 0.545387 0.828576 0.248082 0.647887 0.720207 0.24698 0.540603 0.804207 0.786043 -0.07952 0.613036 0.699806 -0.078166 0.710044 0.597269 -0.073944 0.798625 0.476941 -0.071823 0.875996 0.86143 -0.07645 0.502089 0.862815 0.044826 0.503528 0.921198 -0.068228 0.383066 0.922537 0.044121 0.383379 0.990869 -0.05452 0.123315 0.991431 0.041623 0.123821 0.965451 -0.058882 0.253845 0.966224 0.042474 0.25418 0.729032 0.537931 0.423253 0.766732 0.463342 0.444338 0.755404 0.554115 0.349746 0.802839 0.4744 0.361102 0.843935 0.386932 0.371561 0.797904 0.380943 0.467152 0.796096 0.584591 0.156475 0.858376 0.4891 0.154826 0.834644 0.482913 0.264887 0.777916 0.571216 0.261837 0.909156 0.388506 0.149993 0.881616 0.389574 0.266432 0.977951 0.164933 0.128095 0.949773 0.175042 0.259407 0.904818 0.184037 0.383971 0.920664 0.286256 0.265397 0.878638 0.288593 0.380406 0.950809 0.276742 0.1392 0.846796 0.187963 0.4976 0.825634 0.286218 0.486218</float_array>
                    <technique_common>
                        <accessor count="480" offset="0" source="Object_1-geometry-NORMAL-array" stride="3">
                            <param name="X" type="float" />
                            <param name="Y" type="float" />
                            <param name="Z" type="float" />
                        </accessor>
                    </technique_common>
                </source>
                <source id="Object_1-geometry-TEXCOORD">
                    <float_array id="Object_1-geometry-TEXCOORD-array" count="960">0.2880878 0.8115222 0.2944354 0.7988269 0.2705095 0.7983385 0.2714861 0.8081043 0.3129902 0.8159168 0.3208028 0.8002917 0.3505881 0.8022448 0.3427756 0.8198231 0.3769555 0.8227528 0.3837915 0.804198 0.355471 0.7851549 0.3872095 0.7861314 0.3251974 0.7841783 0.2968769 0.78369 0.2690447 0.7846666 0.455081 0.8266591 0.5000032 0.8271474 0.5000032 0.8071277 0.4575224 0.8066394 0.5000032 0.7871081 0.458499 0.7871081 0.418948 0.8056629 0.4218777 0.7866198 0.4145534 0.8251942 0.4575224 0.7304671 0.458499 0.7490219 0.5000032 0.7490219 0.5000032 0.7299788 0.4589873 0.768065 0.5000032 0.768065 0.3891626 0.7314436 0.3896509 0.7499985 0.4228542 0.7495102 0.422366 0.7309554 0.4228542 0.768065 0.3891626 0.7675766 0.2675798 0.7353499 0.2670915 0.7519516 0.2978534 0.750975 0.2983417 0.7343733 0.3286154 0.7329085 0.3281271 0.7504867 0.2973652 0.768065 0.2675798 0.7685533 0.3271505 0.7675766 0.3574241 0.7675766 0.3584007 0.7324202 0.3584007 0.7499985 0.2548844 0.8144519 0.2734392 0.8237293 0.2294936 0.8232411 0.2495133 0.836913 0.2773455 0.8481436 0.29883 0.8315419 0.2177748 0.8515615 0.195802 0.8339833 0.2475602 0.8662101 0.3115254 0.8569327 0.2856463 0.8779289 0.3315451 0.8857415 0.352053 0.8632804 0.3300802 0.8374013 0.3667015 0.8422841 0.05566441 0.9057611 0.1230476 0.8862298 0.1044929 0.8569327 0.04638701 0.8666984 0.07714892 0.9526364 0.1538096 0.9145502 0.2036146 0.9311519 0.1357431 0.9677733 0.2250991 0.9741209 0.2695329 0.9404293 0.2509781 0.9018549 0.3046894 0.9111323 0.2075208 0.8876946 0.1542978 0.8457022 0.1757824 0.8681632 0.4101588 0.9780272 0.5000032 0.9785155 0.5000032 0.9492185 0.4204128 0.9482418 0.4306668 0.9199214 0.5000032 0.920898 0.5000032 0.8950189 0.4394559 0.8940423 0.365725 0.9169917 0.3833032 0.8911126 0.3437522 0.9453121 0.319338 0.9765624 0.4511747 0.8486319 0.5000032 0.8486319 0.4462919 0.8701164 0.5000032 0.8710929 0.4077174 0.8457022 0.3974634 0.8676749 0.4062526 0.996582 0.5000032 0.996582 0.1943372 0.996582 0.3071308 0.996582 0.00341799 0.8686515 0.00341799 0.9135737 0.00341799 0.996582 0.07373094 0.996582 0.00341799 0.8339833 0.04150417 0.833495 0.00341799 0.8037097 0.03808618 0.8046862 0.03564475 0.7387679 0.00341799 0.7377913 0.00341799 0.7558578 0.03564475 0.7573227 0.00341799 0.7783189 0.03662132 0.7792954 0.245607 0.8017566 0.21631 0.8081043 0.2402359 0.7871081 0.2080091 0.7910143 0.1718761 0.7954088 0.1811535 0.8149402 0.2348648 0.7363265 0.2348648 0.7534164 0.2001966 0.737303 0.2006849 0.7548813 0.2031263 0.7729478 0.2368179 0.7705064 0.163087 0.7563461 0.1625987 0.7382796 0.1660167 0.7753892 0.08007863 0.7573227 0.08007863 0.7387679 0.08203177 0.7788072 0.08642633 0.8022448 0.1259774 0.7778306 0.1313485 0.7993152 0.1225594 0.7387679 0.1230476 0.7573227 0.09326231 0.8291005 0.1401376 0.8222645 0.7290085 0.7983385 0.7050826 0.7988269 0.7114303 0.8115222 0.7280319 0.8081043 0.6865278 0.8159168 0.6787152 0.8002917 0.6225625 0.8227528 0.6567425 0.8198231 0.6489299 0.8022448 0.6157265 0.804198 0.644047 0.7851549 0.6123086 0.7861314 0.6743206 0.7841783 0.7304733 0.7846666 0.7026411 0.78369 0.5444371 0.8266591 0.5419956 0.8066394 0.541019 0.7871081 0.5776404 0.7866198 0.5805701 0.8056629 0.5849646 0.8251942 0.541019 0.7490219 0.5419956 0.7304671 0.5405307 0.768065 0.5766638 0.7495102 0.6098672 0.7499985 0.6103554 0.7314436 0.5771521 0.7309554 0.5766638 0.768065 0.6103554 0.7675766 0.7016646 0.750975 0.7324265 0.7519516 0.7319382 0.7353499 0.7011763 0.7343733 0.6709027 0.7329085 0.671391 0.7504867 0.7021528 0.768065 0.7319382 0.7685533 0.6723675 0.7675766 0.6420939 0.7675766 0.6411173 0.7499985 0.6411173 0.7324202 0.7260788 0.8237293 0.7446336 0.8144519 0.7500048 0.836913 0.7700244 0.8232411 0.700688 0.8315419 0.7221726 0.8481436 0.7817432 0.8515615 0.803716 0.8339833 0.7519579 0.8662101 0.667973 0.8857415 0.7138717 0.8779289 0.6879926 0.8569327 0.6474651 0.8632804 0.6694378 0.8374013 0.6328165 0.8422841 0.8950252 0.8569327 0.8764704 0.8862298 0.9438536 0.9057611 0.953131 0.8666984 0.9223691 0.9526364 0.8457085 0.9145502 0.774419 0.9741209 0.863775 0.9677733 0.7959034 0.9311519 0.7299851 0.9404293 0.7485399 0.9018549 0.6948286 0.9111323 0.7919972 0.8876946 0.8237357 0.8681632 0.8452202 0.8457022 0.5893592 0.9780272 0.5791052 0.9482418 0.5688512 0.9199214 0.5600621 0.8940423 0.6337931 0.9169917 0.6162148 0.8911126 0.6557659 0.9453121 0.6801801 0.9765624 0.5483433 0.8486319 0.5532262 0.8701164 0.5918006 0.8457022 0.6020546 0.8676749 0.5932655 0.996582 0.6923872 0.996582 0.8051808 0.996582 0.9961001 0.9135737 0.9961001 0.8686515 0.9961001 0.996582 0.9257871 0.996582 0.9961001 0.8339833 0.9580139 0.833495 0.9961001 0.8037097 0.9614319 0.8046862 0.9961001 0.7558578 0.9961001 0.7377913 0.9638733 0.7387679 0.9638733 0.7573227 0.9628967 0.7792954 0.9961001 0.7783189 0.753911 0.8017566 0.7832081 0.8081043 0.7592821 0.7871081 0.7915089 0.7910143 0.8183646 0.8149402 0.827642 0.7954088 0.7646533 0.7534164 0.7646533 0.7363265 0.7988332 0.7548813 0.7993215 0.737303 0.7627001 0.7705064 0.7963917 0.7729478 0.8364311 0.7563461 0.8369194 0.7382796 0.8335013 0.7753892 0.9194394 0.7387679 0.9194394 0.7573227 0.9174863 0.7788072 0.9130917 0.8022448 0.8735407 0.7778306 0.8681695 0.7993152 0.8764704 0.7573227 0.8769587 0.7387679 0.9062557 0.8291005 0.8593804 0.8222645 0.2641618 0.6723613 0.2880878 0.6699198 0.2807635 0.6572244 0.2646501 0.6625955 0.3051777 0.6494119 0.3149434 0.6650369 0.3686547 0.634275 0.3344748 0.6415993 0.3447287 0.6601541 0.3779321 0.654783 0.3510764 0.6782206 0.3837915 0.6752909 0.3208028 0.6816386 0.2641618 0.6865215 0.291994 0.6845683 0.5000032 0.6469704 0.5000032 0.6220679 0.4506865 0.6235328 0.4545927 0.647947 0.4570341 0.6708964 0.5000032 0.6699198 0.418948 0.6723613 0.4145534 0.6508767 0.4072291 0.6279273 0.5000032 0.7109357 0.4580107 0.711424 0.5000032 0.690916 0.4580107 0.6914043 0.4218777 0.7119123 0.3886743 0.7128888 0.4209011 0.6928692 0.3867212 0.694334 0.2963886 0.7172834 0.2656267 0.7187482 0.3266622 0.7158185 0.2944354 0.7006817 0.2646501 0.7021465 0.3242208 0.6987286 0.3549827 0.6962872 0.3569359 0.7143537 0.2646501 0.6469704 0.2475602 0.6586893 0.2402359 0.6381813 0.2216811 0.6542947 0.288576 0.6352516 0.2651384 0.6215796 0.2075208 0.6308571 0.1879895 0.6499001 0.2348648 0.6098608 0.2983417 0.5605441 0.2700212 0.5859349 0.2963886 0.6044897 0.3315451 0.5873997 0.3188497 0.6230445 0.3540061 0.611814 0.09716858 0.6489236 0.1093757 0.627439 0.04638701 0.6289039 0.04248074 0.6499001 0.0468753 0.6020483 0.1210945 0.60156 0.1328133 0.5703098 0.0468753 0.5703098 0.2460953 0.5703098 0.2460953 0.531247 0.195802 0.60156 0.1650401 0.6269507 0.1464853 0.647947 0.5000032 0.5258759 0.5000032 0.4843717 0.4272488 0.4843717 0.4238308 0.5283173 0.2460953 0.4843717 0.3388693 0.5375947 0.5000032 0.5942357 0.4443387 0.5957006 0.4350613 0.5654269 0.5000032 0.5624973 0.3955103 0.6025366 0.3759789 0.5732395 0.00341799 0.6328102 0.00341799 0.6528298 0.00341799 0.6064428 0.00341799 0.5703098 0.00341799 0.6704081 0.03906275 0.6689432 0.00341799 0.687498 0.03710961 0.6865215 0.00341799 0.7207013 0.03515647 0.7211896 0.03564475 0.7036114 0.00341799 0.7040997 0.2397476 0.6718729 0.2104505 0.6699198 0.2353531 0.6865215 0.2036146 0.6860331 0.1752941 0.6679667 0.1674815 0.6855448 0.2333999 0.7197248 0.19922 0.7202131 0.2333999 0.7026348 0.2001966 0.7031231 0.1621104 0.7211896 0.1635752 0.7031231 0.07959034 0.7211896 0.08056691 0.7036114 0.08349662 0.6860331 0.1235359 0.7031231 0.1274422 0.6855448 0.1220711 0.7211896 0.08886775 0.6679667 0.1347665 0.66699 0.7187545 0.6572244 0.7114303 0.6699198 0.7353562 0.6723613 0.7348679 0.6625955 0.6943403 0.6494119 0.6845747 0.6650369 0.6547893 0.6601541 0.6650432 0.6415993 0.6308634 0.634275 0.621586 0.654783 0.6484416 0.6782206 0.6157265 0.6752909 0.6787152 0.6816386 0.707524 0.6845683 0.7353562 0.6865215 0.5488316 0.6235328 0.5449253 0.647947 0.5424839 0.6708964 0.5849646 0.6508767 0.5805701 0.6723613 0.5922889 0.6279273 0.5415073 0.711424 0.5415073 0.6914043 0.6108437 0.7128888 0.5776404 0.7119123 0.5786169 0.6928692 0.6127968 0.694334 0.7338914 0.7187482 0.7031295 0.7172834 0.6728558 0.7158185 0.7050826 0.7006817 0.7348679 0.7021465 0.6752973 0.6987286 0.6445353 0.6962872 0.6425822 0.7143537 0.7519579 0.6586893 0.7348679 0.6469704 0.7778369 0.6542947 0.7592821 0.6381813 0.7343796 0.6215796 0.710942 0.6352516 0.7919972 0.6308571 0.8115286 0.6499001 0.7646533 0.6098608 0.7031295 0.6044897 0.7294968 0.5859349 0.7011763 0.5605441 0.667973 0.5873997 0.6806684 0.6230445 0.6455119 0.611814 0.953131 0.6289039 0.8901423 0.627439 0.9023495 0.6489236 0.9570373 0.6499001 0.953131 0.6020483 0.8784235 0.60156 0.953131 0.5703098 0.867193 0.5703098 0.7534227 0.5703098 0.7534227 0.531247 0.803716 0.60156 0.8530327 0.647947 0.8344779 0.6269507 0.5722693 0.4843717 0.5756872 0.5283173 0.7534227 0.4843717 0.6606487 0.5375947 0.5551793 0.5957006 0.5644567 0.5654269 0.6040077 0.6025366 0.6235391 0.5732395 0.9961001 0.6528298 0.9961001 0.6328102 0.9961001 0.6064428 0.9961001 0.5703098 0.9961001 0.6704081 0.9604553 0.6689432 0.9961001 0.687498 0.9624084 0.6865215 0.9961001 0.7207013 0.9643615 0.7211896 0.9961001 0.7040997 0.9638733 0.7036114 0.7597705 0.6718729 0.7890675 0.6699198 0.764165 0.6865215 0.7959034 0.6860331 0.8320365 0.6855448 0.8242239 0.6679667 0.7661181 0.7197248 0.800298 0.7202131 0.7993215 0.7031231 0.7661181 0.7026348 0.8374076 0.7211896 0.8359428 0.7031231 0.9199277 0.7211896 0.9189511 0.7036114 0.9160214 0.6860331 0.8759821 0.7031231 0.8720758 0.6855448 0.8774469 0.7211896 0.9106503 0.6679667 0.8647516 0.66699</float_array>
                    <technique_common>
                        <accessor count="480" offset="0" source="Object_1-geometry-TEXCOORD-array" stride="2">
                            <param name="S" type="float" />
                            <param name="T" type="float" />
                        </accessor>
                    </technique_common>
                </source>
                <vertices id="Object_1-vertices">
                    <input semantic="POSITION" source="#Object_1-geometry-POSITION" />
                </vertices>
                <triangles count="904" material="Body">
                    <input semantic="VERTEX" source="#Object_1-vertices" offset="0" set="0" />
                    <input semantic="NORMAL" source="#Object_1-geometry-NORMAL" offset="1" set="0" />
                    <input semantic="TEXCOORD" source="#Object_1-geometry-TEXCOORD" offset="2" set="0" />
                    <p>2 2 2 1 1 1 0 0 0 3 3 3 2 2 2 0 0 0 4 4 4 0 0 0 1 1 1 5 5 5 4 4 4 1 1 1 5 5 5 6 6 6 4 4 4 6 6 6 7 7 7 4 4 4 8 8 8 7 7 7 6 6 6 9 9 9 8 8 8 6 6 6 9 9 9 6 6 6 10 10 10 11 11 11 9 9 9 10 10 10 12 12 12 10 10 10 6 6 6 5 5 5 12 12 12 6 6 6 5 5 5 1 1 1 12 12 12 2 2 2 14 14 14 1 1 1 14 14 14 13 13 13 1 1 1 1 1 1 13 13 13 12 12 12 11 11 11 22 22 22 9 9 9 22 22 22 21 21 21 9 9 9 9 9 9 21 21 21 8 8 8 21 21 21 22 22 22 20 20 20 18 18 18 21 21 21 20 20 20 18 18 18 20 20 20 17 17 17 18 18 18 17 17 17 15 15 15 17 17 17 16 16 16 15 15 15 20 20 20 19 19 19 17 17 17 21 21 21 23 23 23 8 8 8 23 23 23 21 21 21 18 18 18 15 15 15 23 23 23 18 18 18 34 34 34 22 22 22 11 11 11 22 22 22 34 34 34 20 20 20 35 35 35 34 34 34 11 11 11 34 34 34 28 28 28 20 20 20 20 20 20 28 28 28 19 19 19 25 25 25 28 28 28 34 34 34 29 29 29 28 28 28 25 25 25 28 28 28 29 29 29 19 19 19 26 26 26 29 29 29 25 25 25 26 26 26 25 25 25 24 24 24 27 27 27 26 26 26 24 24 24 25 25 25 32 32 32 24 24 24 32 32 32 25 25 25 34 34 34 32 32 32 33 33 33 24 24 24 33 33 33 32 32 32 30 30 30 32 32 32 31 31 31 30 30 30 31 31 31 32 32 32 34 34 34 35 35 35 31 31 31 34 34 34 13 13 13 42 42 42 12 12 12 42 42 42 13 13 13 14 14 14 43 43 43 42 42 42 14 14 14 42 42 42 44 44 44 12 12 12 41 41 41 44 44 44 42 42 42 38 38 38 41 41 41 42 42 42 41 41 41 38 38 38 40 40 40 38 38 38 39 39 39 40 40 40 39 39 39 38 38 38 36 36 36 38 38 38 37 37 37 36 36 36 37 37 37 38 38 38 42 42 42 43 43 43 37 37 37 42 42 42 45 45 45 35 35 35 11 11 11 44 44 44 45 45 45 12 12 12 35 35 35 45 45 45 31 31 31 10 10 10 45 45 45 11 11 11 45 45 45 10 10 10 12 12 12 31 31 31 47 47 47 30 30 30 47 47 47 41 41 41 40 40 40 44 44 44 41 41 41 47 47 47 45 45 45 44 44 44 47 47 47 45 45 45 47 47 47 31 31 31 47 47 47 46 46 46 30 30 30 46 46 46 47 47 47 40 40 40 37 37 37 121 121 121 36 36 36 121 121 121 120 120 120 36 36 36 120 120 120 121 121 121 122 122 122 121 121 121 123 123 123 122 122 122 121 121 121 125 125 125 123 123 123 125 125 125 121 121 121 37 37 37 43 43 43 125 125 125 37 37 37 125 125 125 43 43 43 14 14 14 125 125 125 124 124 124 123 123 123 122 122 122 123 123 123 126 126 126 123 123 123 124 124 124 126 126 126 127 127 127 122 122 122 126 126 126 124 124 124 128 128 128 126 126 126 128 128 128 124 124 124 117 117 117 124 124 124 125 125 125 117 117 117 118 118 118 128 128 128 117 117 117 119 119 119 118 118 118 117 117 117 115 115 115 119 119 119 117 117 117 115 115 115 117 117 117 114 114 114 115 115 115 114 114 114 48 48 48 48 48 48 114 114 114 2 2 2 2 2 2 114 114 114 14 14 14 3 3 3 48 48 48 2 2 2 49 49 49 48 48 48 3 3 3 0 0 0 49 49 49 3 3 3 48 48 48 49 49 49 50 50 50 50 50 50 115 115 115 48 48 48 115 115 115 50 50 50 119 119 119 49 49 49 51 51 51 50 50 50 51 51 51 49 49 49 52 52 52 49 49 49 53 53 53 52 52 52 49 49 49 0 0 0 4 4 4 53 53 53 49 49 49 4 4 4 50 50 50 51 51 51 54 54 54 55 55 55 50 50 50 54 54 54 50 50 50 55 55 55 119 119 119 56 56 56 54 54 54 51 51 51 52 52 52 56 56 56 51 51 51 52 52 52 57 57 57 56 56 56 57 57 57 58 58 58 56 56 56 59 59 59 58 58 58 57 57 57 60 60 60 59 59 59 57 57 57 61 61 61 53 53 53 4 4 4 61 61 61 57 57 57 52 52 52 53 53 53 61 61 61 52 52 52 57 57 57 61 61 61 60 60 60 7 7 7 61 61 61 4 4 4 61 61 61 7 7 7 8 8 8 62 62 62 61 61 61 8 8 8 61 61 61 62 62 62 60 60 60 73 73 73 58 58 58 59 59 59 58 58 58 73 73 73 56 56 56 74 74 74 73 73 73 59 59 59 73 73 73 75 75 75 56 56 56 75 75 75 73 73 73 68 68 68 73 73 73 69 69 69 68 68 68 68 68 68 69 69 69 67 67 67 68 68 68 67 67 67 64 64 64 67 67 67 63 63 63 64 64 64 65 65 65 64 64 64 63 63 63 66 66 66 65 65 65 63 63 63 69 69 69 70 70 70 67 67 67 71 71 71 70 70 70 69 69 69 72 72 72 71 71 71 69 69 69 73 73 73 74 74 74 72 72 72 69 69 69 73 73 73 72 72 72 77 77 77 64 64 64 65 65 65 77 77 77 75 75 75 68 68 68 64 64 64 77 77 77 68 68 68 75 75 75 77 77 77 56 56 56 76 76 76 77 77 77 65 65 65 77 77 77 76 76 76 55 55 55 54 54 54 77 77 77 55 55 55 77 77 77 54 54 54 56 56 56 86 86 86 74 74 74 59 59 59 74 74 74 86 86 86 72 72 72 87 87 87 86 86 86 59 59 59 86 86 86 88 88 88 72 72 72 72 72 72 88 88 88 71 71 71 88 88 88 86 86 86 81 81 81 86 86 86 82 82 82 81 81 81 81 81 81 82 82 82 80 80 80 81 81 81 80 80 80 78 78 78 80 80 80 79 79 79 78 78 78 82 82 82 83 83 83 80 80 80 84 84 84 83 83 83 82 82 82 85 85 85 84 84 84 82 82 82 86 86 86 87 87 87 85 85 85 82 82 82 86 86 86 85 85 85 88 88 88 89 89 89 71 71 71 89 89 89 88 88 88 81 81 81 78 78 78 89 89 89 81 81 81 95 95 95 87 87 87 59 59 59 85 85 85 87 87 87 95 95 95 60 60 60 95 95 95 59 59 59 94 94 94 95 95 95 60 60 60 62 62 62 94 94 94 60 60 60 94 94 94 62 62 62 8 8 8 23 23 23 94 94 94 8 8 8 95 95 95 94 94 94 92 92 92 92 92 92 85 85 85 95 95 95 84 84 84 85 85 85 92 92 92 94 94 94 90 90 90 92 92 92 92 92 92 90 90 90 91 91 91 91 91 91 90 90 90 15 15 15 94 94 94 23 23 23 15 15 15 90 90 90 94 94 94 15 15 15 16 16 16 91 91 91 15 15 15 93 93 93 92 92 92 91 91 91 93 93 93 84 84 84 92 92 92 79 79 79 97 97 97 78 78 78 97 97 97 96 96 96 78 78 78 89 89 89 99 99 99 71 71 71 99 99 99 89 89 89 78 78 78 96 96 96 99 99 99 78 78 78 99 99 99 98 98 98 71 71 71 98 98 98 103 103 103 71 71 71 103 103 103 70 70 70 71 71 71 70 70 70 103 103 103 67 67 67 103 103 103 102 102 102 67 67 67 102 102 102 101 101 101 67 67 67 101 101 101 63 63 63 67 67 67 63 63 63 101 101 101 66 66 66 101 101 101 100 100 100 66 66 66 66 66 66 100 100 100 104 104 104 105 105 105 66 66 66 104 104 104 105 105 105 104 104 104 106 106 106 107 107 107 105 105 105 106 106 106 106 106 106 112 112 112 107 107 107 112 112 112 113 113 113 107 107 107 113 113 113 112 112 112 110 110 110 111 111 111 113 113 113 110 110 110 111 111 111 110 110 110 108 108 108 110 110 110 109 109 109 108 108 108 108 108 108 130 130 130 111 111 111 130 130 130 129 129 129 111 111 111 107 107 107 113 113 113 131 131 131 131 131 131 113 113 113 111 111 111 129 129 129 131 131 131 111 111 111 132 132 132 107 107 107 131 131 131 131 131 131 133 133 133 132 132 132 133 133 133 134 134 134 132 132 132 134 134 134 133 133 133 118 118 118 133 133 133 128 128 128 118 118 118 136 136 136 129 129 129 130 130 130 131 131 131 129 129 129 136 136 136 133 133 133 131 131 131 136 136 136 135 135 135 136 136 136 130 130 130 136 136 136 135 135 135 127 127 127 126 126 126 136 136 136 127 127 127 133 133 133 136 136 136 126 126 126 128 128 128 133 133 133 126 126 126 105 105 105 137 137 137 66 66 66 107 107 107 132 132 132 137 137 137 105 105 105 107 107 107 137 137 137 137 137 137 65 65 65 66 66 66 137 137 137 138 138 138 65 65 65 138 138 138 134 134 134 118 118 118 132 132 132 134 134 134 138 138 138 137 137 137 132 132 132 138 138 138 138 138 138 76 76 76 65 65 65 76 76 76 138 138 138 119 119 119 119 119 119 138 138 138 118 118 118 55 55 55 76 76 76 119 119 119 108 108 108 109 109 109 353 353 353 354 354 354 108 108 108 353 353 353 108 108 108 354 354 354 130 130 130 354 354 354 353 353 353 355 355 355 353 353 353 356 356 356 355 355 355 352 352 352 355 355 355 356 356 356 351 351 351 352 352 352 356 356 356 352 352 352 351 351 351 350 350 350 351 351 351 349 349 349 350 350 350 350 350 350 349 349 349 323 323 323 349 349 349 346 346 346 323 323 323 323 323 323 346 346 346 345 345 345 322 322 322 323 323 323 345 345 345 323 323 323 322 322 322 320 320 320 322 322 322 321 321 321 320 320 320 321 321 321 322 322 322 324 324 324 324 324 324 322 322 322 345 345 345 325 325 325 321 321 321 324 324 324 325 325 325 324 324 324 326 326 326 324 324 324 327 327 327 326 326 326 325 325 325 326 326 326 328 328 328 330 330 330 325 325 325 328 328 328 313 313 313 330 330 330 328 328 328 315 315 315 313 313 313 328 328 328 313 313 313 315 315 315 316 316 316 316 316 316 315 315 315 314 314 314 314 314 314 315 315 315 328 328 328 317 317 317 316 316 316 314 314 314 310 310 310 313 313 313 316 316 316 310 310 310 307 307 307 313 313 313 307 307 307 310 310 310 305 305 305 308 308 308 307 307 307 305 305 305 306 306 306 308 308 308 305 305 305 268 268 268 306 306 306 305 305 305 267 267 267 268 268 268 305 305 305 268 268 268 267 267 267 265 265 265 268 268 268 265 265 265 306 306 306 267 267 267 266 266 266 265 265 265 266 266 266 267 267 267 269 269 269 269 269 269 267 267 267 305 305 305 270 270 270 266 266 266 269 269 269 270 270 270 269 269 269 273 273 273 269 269 269 272 272 272 273 273 273 273 273 273 272 272 272 271 271 271 274 274 274 273 273 273 271 271 271 275 275 275 273 273 273 274 274 274 276 276 276 275 275 275 274 274 274 273 273 273 275 275 275 277 277 277 270 270 270 273 273 273 277 277 277 270 270 270 277 277 277 266 266 266 265 265 265 266 266 266 278 278 278 266 266 266 279 279 279 278 278 278 277 277 277 279 279 279 266 266 266 276 276 276 274 274 274 286 286 286 274 274 274 287 287 287 286 286 286 274 274 274 271 271 271 287 287 287 284 284 284 286 286 286 287 287 287 283 283 283 284 284 284 287 287 287 283 283 283 280 280 280 284 284 284 283 283 283 282 282 282 280 280 280 282 282 282 281 281 281 280 280 280 280 280 280 285 285 285 284 284 284 271 271 271 288 288 288 287 287 287 283 283 283 287 287 287 288 288 288 282 282 282 283 283 283 288 288 288 276 276 276 286 286 286 295 295 295 286 286 286 284 284 284 295 295 295 296 296 296 276 276 276 295 295 295 284 284 284 292 292 292 295 295 295 284 284 284 285 285 285 292 292 292 295 295 295 292 292 292 290 290 290 290 290 290 292 292 292 291 291 291 285 285 285 291 291 291 292 292 292 289 289 289 290 290 290 291 291 291 24 24 24 290 290 290 289 289 289 27 27 27 24 24 24 289 289 289 290 290 290 24 24 24 293 293 293 293 293 293 295 295 295 290 290 290 24 24 24 33 33 33 293 293 293 33 33 33 30 30 30 293 293 293 30 30 30 294 294 294 293 293 293 295 295 295 293 293 293 294 294 294 296 296 296 295 295 295 294 294 294 279 279 279 277 277 277 300 300 300 278 278 278 279 279 279 300 300 300 301 301 301 278 278 278 300 300 300 277 277 277 302 302 302 300 300 300 300 300 300 302 302 302 299 299 299 297 297 297 300 300 300 299 299 299 299 299 299 40 40 40 297 297 297 40 40 40 39 39 39 297 297 297 39 39 39 36 36 36 297 297 297 36 36 36 298 298 298 297 297 297 300 300 300 297 297 297 298 298 298 301 301 301 300 300 300 298 298 298 276 276 276 296 296 296 303 303 303 302 302 302 277 277 277 303 303 303 296 296 296 294 294 294 303 303 303 275 275 275 276 276 276 303 303 303 277 277 277 275 275 275 303 303 303 294 294 294 30 30 30 304 304 304 40 40 40 299 299 299 304 304 304 304 304 304 299 299 299 302 302 302 303 303 303 304 304 304 302 302 302 294 294 294 304 304 304 303 303 303 30 30 30 46 46 46 304 304 304 46 46 46 40 40 40 304 304 304 298 298 298 36 36 36 363 363 363 36 36 36 120 120 120 363 363 363 120 120 120 122 122 122 363 363 363 122 122 122 364 364 364 363 363 363 363 363 363 364 364 364 365 365 365 298 298 298 363 363 363 365 365 365 301 301 301 298 298 298 365 365 365 278 278 278 301 301 301 365 365 365 364 364 364 366 366 366 365 365 365 367 367 367 364 364 364 122 122 122 364 364 364 367 367 367 366 366 366 127 127 127 367 367 367 122 122 122 367 367 367 368 368 368 366 366 366 360 360 360 366 366 366 368 368 368 366 366 366 360 360 360 365 365 365 362 362 362 360 360 360 368 368 368 360 360 360 362 362 362 361 361 361 358 358 358 360 360 360 361 361 361 358 358 358 357 357 357 360 360 360 306 306 306 357 357 357 358 358 358 265 265 265 357 357 357 306 306 306 265 265 265 278 278 278 357 357 357 308 308 308 306 306 306 358 358 358 358 358 358 361 361 361 308 308 308 278 278 278 359 359 359 357 357 357 357 357 357 359 359 359 360 360 360 359 359 359 278 278 278 365 365 365 360 360 360 359 359 359 365 365 365 361 361 361 312 312 312 308 308 308 312 312 312 311 311 311 308 308 308 311 311 311 307 307 307 308 308 308 307 307 307 311 311 311 313 313 313 311 311 311 312 312 312 331 331 331 313 313 313 311 311 311 331 331 331 312 312 312 332 332 332 331 331 331 312 312 312 361 361 361 332 332 332 332 332 332 320 320 320 331 331 331 320 320 320 321 321 321 331 331 331 321 321 321 325 325 325 331 331 331 325 325 325 330 330 330 331 331 331 330 330 330 313 313 313 331 331 331 362 362 362 368 368 368 372 372 372 368 368 368 367 367 367 372 372 372 373 373 373 362 362 362 372 372 372 371 371 371 373 373 373 372 372 372 370 370 370 371 371 371 372 372 372 371 371 371 370 370 370 352 352 352 370 370 370 355 355 355 352 352 352 354 354 354 355 355 355 370 370 370 369 369 369 354 354 354 370 370 370 354 354 354 369 369 369 130 130 130 130 130 130 369 369 369 374 374 374 374 374 374 369 369 369 370 370 370 372 372 372 374 374 374 370 370 370 367 367 367 374 374 374 372 372 372 367 367 367 127 127 127 374 374 374 127 127 127 135 135 135 374 374 374 135 135 135 130 130 130 374 374 374 361 361 361 376 376 376 332 332 332 320 320 320 332 332 332 376 376 376 362 362 362 373 373 373 376 376 376 361 361 361 362 362 362 376 376 376 376 376 376 373 373 373 371 371 371 375 375 375 320 320 320 376 376 376 375 375 375 376 376 376 371 371 371 375 375 375 371 371 371 352 352 352 323 323 323 320 320 320 375 375 375 350 350 350 323 323 323 375 375 375 350 350 350 375 375 375 352 352 352 114 114 114 116 116 116 14 14 14 117 117 117 116 116 116 114 114 114 116 116 116 125 125 125 14 14 14 125 125 125 116 116 116 117 117 117 141 141 141 140 140 140 139 139 139 142 142 142 141 141 141 139 139 139 140 140 140 141 141 141 143 143 143 144 144 144 140 140 140 143 143 143 144 144 144 143 143 143 147 147 147 143 143 143 146 146 146 147 147 147 147 147 147 146 146 146 145 145 145 148 148 148 147 147 147 145 145 145 149 149 149 147 147 147 148 148 148 150 150 150 149 149 149 148 148 148 147 147 147 149 149 149 151 151 151 144 144 144 147 147 147 151 151 151 144 144 144 151 151 151 140 140 140 139 139 139 140 140 140 152 152 152 140 140 140 153 153 153 152 152 152 151 151 151 153 153 153 140 140 140 150 150 150 148 148 148 157 157 157 148 148 148 158 158 158 157 157 157 148 148 148 145 145 145 158 158 158 156 156 156 157 157 157 158 158 158 155 155 155 156 156 156 158 158 158 155 155 155 17 17 17 156 156 156 155 155 155 154 154 154 17 17 17 154 154 154 16 16 16 17 17 17 17 17 17 19 19 19 156 156 156 145 145 145 159 159 159 158 158 158 155 155 155 158 158 158 159 159 159 154 154 154 155 155 155 159 159 159 150 150 150 157 157 157 167 167 167 157 157 157 156 156 156 167 167 167 168 168 168 150 150 150 167 167 167 156 156 156 162 162 162 167 167 167 156 156 156 19 19 19 162 162 162 167 167 167 162 162 162 160 160 160 160 160 160 162 162 162 29 29 29 19 19 19 29 29 29 162 162 162 26 26 26 160 160 160 29 29 29 161 161 161 160 160 160 26 26 26 27 27 27 161 161 161 26 26 26 160 160 160 161 161 161 163 163 163 163 163 163 167 167 167 160 160 160 161 161 161 166 166 166 163 163 163 166 166 166 165 165 165 163 163 163 165 165 165 164 164 164 163 163 163 167 167 167 163 163 163 164 164 164 168 168 168 167 167 167 164 164 164 153 153 153 151 151 151 175 175 175 152 152 152 153 153 153 175 175 175 176 176 176 152 152 152 175 175 175 151 151 151 177 177 177 175 175 175 175 175 175 177 177 177 174 174 174 169 169 169 175 175 175 174 174 174 174 174 174 173 173 173 169 169 169 173 173 173 172 172 172 169 169 169 172 172 172 171 171 171 169 169 169 171 171 171 170 170 170 169 169 169 175 175 175 169 169 169 170 170 170 176 176 176 175 175 175 170 170 170 150 150 150 168 168 168 178 178 178 177 177 177 151 151 151 178 178 178 168 168 168 164 164 164 178 178 178 149 149 149 150 150 150 178 178 178 151 151 151 149 149 149 178 178 178 164 164 164 165 165 165 179 179 179 173 173 173 174 174 174 179 179 179 179 179 179 174 174 174 177 177 177 178 178 178 179 179 179 177 177 177 164 164 164 179 179 179 178 178 178 165 165 165 180 180 180 179 179 179 180 180 180 173 173 173 179 179 179 170 170 170 171 171 171 246 246 246 171 171 171 247 247 247 246 246 246 247 247 247 249 249 249 246 246 246 249 249 249 248 248 248 246 246 246 246 246 246 248 248 248 250 250 250 170 170 170 246 246 246 250 250 250 176 176 176 170 170 170 250 250 250 152 152 152 176 176 176 250 250 250 248 248 248 251 251 251 250 250 250 252 252 252 248 248 248 249 249 249 248 248 248 252 252 252 251 251 251 253 253 253 252 252 252 249 249 249 252 252 252 254 254 254 251 251 251 243 243 243 251 251 251 254 254 254 251 251 251 243 243 243 250 250 250 245 245 245 243 243 243 254 254 254 243 243 243 245 245 245 244 244 244 241 241 241 243 243 243 244 244 244 241 241 241 240 240 240 243 243 243 182 182 182 240 240 240 241 241 241 139 139 139 240 240 240 182 182 182 139 139 139 152 152 152 240 240 240 142 142 142 139 139 139 182 182 182 142 142 142 182 182 182 181 181 181 141 141 141 142 142 142 181 181 181 182 182 182 184 184 184 181 181 181 184 184 184 182 182 182 241 241 241 241 241 241 244 244 244 184 184 184 184 184 184 183 183 183 181 181 181 183 183 183 186 186 186 181 181 181 186 186 186 185 185 185 181 181 181 143 143 143 141 141 141 181 181 181 185 185 185 143 143 143 181 181 181 187 187 187 183 183 183 184 184 184 188 188 188 187 187 187 184 184 184 244 244 244 188 188 188 184 184 184 183 183 183 187 187 187 189 189 189 186 186 186 183 183 183 189 189 189 186 186 186 189 189 189 192 192 192 189 189 189 191 191 191 192 192 192 192 192 192 191 191 191 190 190 190 193 193 193 192 192 192 190 190 190 143 143 143 185 185 185 194 194 194 186 186 186 192 192 192 194 194 194 185 185 185 186 186 186 194 194 194 192 192 192 193 193 193 194 194 194 146 146 146 143 143 143 194 194 194 145 145 145 146 146 146 194 194 194 195 195 195 145 145 145 194 194 194 193 193 193 195 195 195 194 194 194 190 190 190 191 191 191 206 206 206 191 191 191 189 189 189 206 206 206 207 207 207 190 190 190 206 206 206 189 189 189 208 208 208 206 206 206 208 208 208 201 201 201 206 206 206 201 201 201 204 204 204 206 206 206 201 201 201 200 200 200 204 204 204 201 201 201 197 197 197 200 200 200 197 197 197 198 198 198 200 200 200 198 198 198 197 197 197 196 196 196 199 199 199 198 198 198 196 196 196 200 200 200 203 203 203 204 204 204 204 204 204 203 203 203 202 202 202 205 205 205 204 204 204 202 202 202 205 205 205 207 207 207 206 206 206 204 204 204 205 205 205 206 206 206 196 196 196 197 197 197 209 209 209 201 201 201 208 208 208 209 209 209 197 197 197 201 201 201 209 209 209 208 208 208 189 189 189 209 209 209 210 210 210 196 196 196 209 209 209 188 188 188 210 210 210 209 209 209 187 187 187 188 188 188 209 209 209 189 189 189 187 187 187 209 209 209 190 190 190 207 207 207 215 215 215 207 207 207 205 205 205 215 215 215 216 216 216 190 190 190 215 215 215 205 205 205 217 217 217 215 215 215 205 205 205 202 202 202 217 217 217 217 217 217 212 212 212 215 215 215 212 212 212 213 213 213 215 215 215 212 212 212 80 80 80 213 213 213 212 212 212 211 211 211 80 80 80 211 211 211 79 79 79 80 80 80 80 80 80 83 83 83 213 213 213 213 213 213 83 83 83 84 84 84 214 214 214 213 213 213 84 84 84 214 214 214 216 216 216 215 215 215 213 213 213 214 214 214 215 215 215 202 202 202 218 218 218 217 217 217 212 212 212 217 217 217 218 218 218 211 211 211 212 212 212 218 218 218 190 190 190 216 216 216 222 222 222 222 222 222 216 216 216 214 214 214 193 193 193 190 190 190 222 222 222 193 193 193 222 222 222 221 221 221 195 195 195 193 193 193 221 221 221 145 145 145 195 195 195 221 221 221 159 159 159 145 145 145 221 221 221 222 222 222 220 220 220 221 221 221 220 220 220 222 222 222 214 214 214 220 220 220 214 214 214 84 84 84 220 220 220 219 219 219 221 221 221 91 91 91 219 219 219 220 220 220 154 154 154 219 219 219 91 91 91 154 154 154 159 159 159 221 221 221 219 219 219 154 154 154 221 221 221 16 16 16 154 154 154 91 91 91 93 93 93 91 91 91 220 220 220 93 93 93 220 220 220 84 84 84 79 79 79 211 211 211 97 97 97 211 211 211 223 223 223 97 97 97 218 218 218 202 202 202 224 224 224 211 211 211 218 218 218 224 224 224 223 223 223 211 211 211 224 224 224 202 202 202 225 225 225 224 224 224 225 225 225 202 202 202 229 229 229 202 202 202 203 203 203 229 229 229 203 203 203 200 200 200 229 229 229 200 200 200 228 228 228 229 229 229 228 228 228 200 200 200 226 226 226 200 200 200 198 198 198 226 226 226 198 198 198 199 199 199 226 226 226 199 199 199 227 227 227 226 226 226 230 230 230 227 227 227 199 199 199 231 231 231 230 230 230 199 199 199 232 232 232 230 230 230 231 231 231 233 233 233 232 232 232 231 231 231 232 232 232 233 233 233 239 239 239 233 233 233 238 238 238 239 239 239 234 234 234 239 239 239 238 238 238 237 237 237 234 234 234 238 238 238 237 237 237 236 236 236 234 234 234 236 236 236 235 235 235 234 234 234 236 236 236 237 237 237 255 255 255 237 237 237 256 256 256 255 255 255 257 257 257 238 238 238 233 233 233 237 237 237 238 238 238 257 257 257 256 256 256 237 237 237 257 257 257 258 258 258 257 257 257 233 233 233 257 257 257 258 258 258 259 259 259 258 258 258 260 260 260 259 259 259 260 260 260 245 245 245 259 259 259 245 245 245 254 254 254 259 259 259 255 255 255 256 256 256 261 261 261 261 261 261 256 256 256 257 257 257 259 259 259 261 261 261 257 257 257 262 262 262 255 255 255 261 261 261 253 253 253 262 262 262 261 261 261 252 252 252 253 253 253 261 261 261 252 252 252 261 261 261 259 259 259 254 254 254 252 252 252 259 259 259 231 231 231 199 199 199 263 263 263 263 263 263 258 258 258 233 233 233 231 231 231 263 263 263 233 233 233 199 199 199 196 196 196 263 263 263 263 263 263 196 196 196 264 264 264 245 245 245 260 260 260 264 264 264 264 264 264 260 260 260 258 258 258 263 263 263 264 264 264 258 258 258 196 196 196 210 210 210 264 264 264 244 244 244 264 264 264 210 210 210 244 244 244 245 245 245 264 264 264 188 188 188 244 244 244 210 210 210 456 456 456 235 235 235 236 236 236 457 457 457 456 456 456 236 236 236 236 236 236 255 255 255 457 457 457 457 457 457 459 459 459 456 456 456 459 459 459 458 458 458 456 456 456 458 458 458 459 459 459 455 455 455 454 454 454 458 458 458 455 455 455 455 455 455 453 453 453 454 454 454 453 453 453 452 452 452 454 454 454 453 453 453 430 430 430 452 452 452 430 430 430 448 448 448 452 452 452 449 449 449 448 448 448 430 430 430 427 427 427 449 449 449 430 430 430 430 430 430 429 429 429 427 427 427 429 429 429 428 428 428 427 427 427 431 431 431 427 427 427 428 428 428 449 449 449 427 427 427 431 431 431 432 432 432 431 431 431 428 428 428 432 432 432 434 434 434 431 431 431 434 434 434 433 433 433 431 431 431 435 435 435 434 434 434 432 432 432 437 437 437 435 435 435 432 432 432 435 435 435 437 437 437 420 420 420 422 422 422 435 435 435 420 420 420 421 421 421 422 422 422 420 420 420 423 423 423 422 422 422 421 421 421 435 435 435 422 422 422 423 423 423 424 424 424 423 423 423 421 421 421 416 416 416 421 421 421 420 420 420 416 416 416 420 420 420 415 415 415 415 415 415 413 413 413 416 416 416 413 413 413 415 415 415 414 414 414 412 412 412 413 413 413 414 414 414 413 413 413 412 412 412 380 380 380 377 377 377 413 413 413 380 380 380 380 380 380 379 379 379 377 377 377 380 380 380 412 412 412 379 379 379 379 379 379 378 378 378 377 377 377 381 381 381 377 377 377 378 378 378 413 413 413 377 377 377 381 381 381 382 382 382 381 381 381 378 378 378 382 382 382 383 383 383 381 381 381 383 383 383 384 384 384 381 381 381 385 385 385 384 384 384 383 383 383 386 386 386 385 385 385 383 383 383 386 386 386 383 383 383 387 387 387 388 388 388 386 386 386 387 387 387 389 389 389 387 387 387 383 383 383 382 382 382 389 389 389 383 383 383 382 382 382 378 378 378 389 389 389 379 379 379 391 391 391 378 378 378 391 391 391 390 390 390 378 378 378 378 378 378 390 390 390 389 389 389 388 388 388 396 396 396 386 386 386 396 396 396 395 395 395 386 386 386 386 386 386 395 395 395 385 385 385 395 395 395 396 396 396 394 394 394 393 393 393 395 395 395 394 394 394 393 393 393 394 394 394 280 280 280 393 393 393 280 280 280 392 392 392 280 280 280 281 281 281 392 392 392 394 394 394 285 285 285 280 280 280 395 395 395 397 397 397 385 385 385 397 397 397 395 395 395 393 393 393 392 392 392 397 397 397 393 393 393 402 402 402 396 396 396 388 388 388 396 396 396 402 402 402 394 394 394 403 403 403 402 402 402 388 388 388 402 402 402 399 399 399 394 394 394 394 394 394 399 399 399 285 285 285 398 398 398 399 399 399 402 402 402 291 291 291 399 399 399 398 398 398 399 399 399 291 291 291 285 285 285 289 289 289 291 291 291 398 398 398 289 289 289 398 398 398 161 161 161 27 27 27 289 289 289 161 161 161 398 398 398 401 401 401 161 161 161 401 401 401 398 398 398 402 402 402 401 401 401 166 166 166 161 161 161 166 166 166 401 401 401 165 165 165 401 401 401 400 400 400 165 165 165 400 400 400 401 401 401 402 402 402 403 403 403 400 400 400 402 402 402 390 390 390 407 407 407 389 389 389 407 407 407 390 390 390 391 391 391 408 408 408 407 407 407 391 391 391 407 407 407 409 409 409 389 389 389 406 406 406 409 409 409 407 407 407 405 405 405 406 406 406 407 407 407 406 406 406 405 405 405 173 173 173 405 405 405 172 172 172 173 173 173 172 172 172 405 405 405 171 171 171 405 405 405 404 404 404 171 171 171 404 404 404 405 405 405 407 407 407 408 408 408 404 404 404 407 407 407 410 410 410 403 403 403 388 388 388 409 409 409 410 410 410 389 389 389 403 403 403 410 410 410 400 400 400 387 387 387 410 410 410 388 388 388 410 410 410 387 387 387 389 389 389 400 400 400 411 411 411 165 165 165 411 411 411 406 406 406 173 173 173 409 409 409 406 406 406 411 411 411 410 410 410 409 409 409 411 411 411 410 410 410 411 411 411 400 400 400 411 411 411 180 180 180 165 165 165 180 180 180 411 411 411 173 173 173 404 404 404 466 466 466 171 171 171 466 466 466 247 247 247 171 171 171 247 247 247 466 466 466 249 249 249 466 466 466 467 467 467 249 249 249 466 466 466 469 469 469 467 467 467 469 469 469 466 466 466 404 404 404 408 408 408 469 469 469 404 404 404 469 469 469 408 408 408 391 391 391 469 469 469 468 468 468 467 467 467 249 249 249 467 467 467 470 470 470 467 467 467 468 468 468 470 470 470 253 253 253 249 249 249 470 470 470 468 468 468 471 471 471 470 470 470 471 471 471 468 468 468 463 463 463 468 468 468 469 469 469 463 463 463 464 464 464 471 471 471 463 463 463 465 465 465 464 464 464 463 463 463 461 461 461 465 465 465 463 463 463 461 461 461 463 463 463 460 460 460 461 461 461 460 460 460 412 412 412 412 412 412 460 460 460 379 379 379 379 379 379 460 460 460 391 391 391 414 414 414 461 461 461 412 412 412 461 461 461 414 414 414 465 465 465 460 460 460 462 462 462 391 391 391 463 463 463 462 462 462 460 460 460 462 462 462 469 469 469 391 391 391 469 469 469 462 462 462 463 463 463 414 414 414 419 419 419 465 465 465 419 419 419 414 414 414 418 418 418 414 414 414 415 415 415 418 418 418 420 420 420 418 418 418 415 415 415 418 418 418 439 439 439 419 419 419 439 439 439 418 418 418 420 420 420 439 439 439 438 438 438 419 419 419 419 419 419 438 438 438 465 465 465 438 438 438 439 439 439 429 429 429 439 439 439 428 428 428 429 429 429 428 428 428 439 439 439 432 432 432 439 439 439 437 437 437 432 432 432 437 437 437 439 439 439 420 420 420 475 475 475 471 471 471 464 464 464 471 471 471 475 475 475 470 470 470 476 476 476 475 475 475 464 464 464 475 475 475 476 476 476 474 474 474 473 473 473 475 475 475 474 474 474 474 474 474 455 455 455 473 473 473 455 455 455 459 459 459 473 473 473 473 473 473 459 459 459 457 457 457 472 472 472 473 473 473 457 457 457 255 255 255 472 472 472 457 457 457 477 477 477 472 472 472 255 255 255 473 473 473 472 472 472 477 477 477 475 475 475 473 473 473 477 477 477 475 475 475 477 477 477 470 470 470 470 470 470 477 477 477 253 253 253 477 477 477 262 262 262 253 253 253 262 262 262 477 477 477 255 255 255 438 438 438 479 479 479 465 465 465 479 479 479 438 438 438 429 429 429 479 479 479 476 476 476 464 464 464 465 465 465 479 479 479 464 464 464 474 474 474 476 476 476 479 479 479 478 478 478 479 479 479 429 429 429 478 478 478 474 474 474 479 479 479 455 455 455 474 474 474 478 478 478 478 478 478 429 429 429 430 430 430 453 453 453 478 478 478 430 430 430 453 453 453 455 455 455 478 478 478 152 152 152 242 242 242 240 240 240 240 240 240 242 242 242 243 243 243 242 242 242 152 152 152 250 250 250 243 243 243 242 242 242 250 250 250 310 310 310 309 309 309 305 305 305 309 309 309 269 269 269 305 305 305 269 269 269 309 309 309 318 318 318 309 309 309 310 310 310 318 318 318 272 272 272 269 269 269 318 318 318 271 271 271 272 272 272 318 318 318 319 319 319 271 271 271 318 318 318 310 310 310 316 316 316 318 318 318 317 317 317 319 319 319 318 318 318 316 316 316 317 317 317 318 318 318 271 271 271 319 319 319 343 343 343 319 319 319 317 317 317 343 343 343 288 288 288 271 271 271 343 343 343 317 317 317 344 344 344 343 343 343 344 344 344 341 341 341 343 343 343 341 341 341 340 340 340 343 343 343 339 339 339 340 340 340 341 341 341 282 282 282 340 340 340 339 339 339 282 282 282 288 288 288 343 343 343 340 340 340 282 282 282 343 343 343 281 281 281 282 282 282 339 339 339 342 342 342 339 339 339 341 341 341 317 317 317 314 314 314 344 344 344 314 314 314 338 338 338 344 344 344 338 338 338 314 314 314 337 337 337 314 314 314 329 329 329 337 337 337 329 329 329 314 314 314 328 328 328 336 336 336 338 338 338 337 337 337 344 344 344 338 338 338 336 336 336 341 341 341 344 344 344 336 336 336 335 335 335 336 336 336 337 337 337 336 336 336 335 335 335 333 333 333 341 341 341 336 336 336 333 333 333 342 342 342 341 341 341 333 333 333 335 335 335 334 334 334 333 333 333 333 333 333 334 334 334 440 440 440 441 441 441 333 333 333 440 440 440 440 440 440 442 442 442 441 441 441 442 442 442 443 443 443 441 441 441 443 443 443 442 442 442 423 423 423 442 442 442 436 436 436 423 423 423 436 436 436 435 435 435 423 423 423 281 281 281 339 339 339 392 392 392 339 339 339 444 444 444 392 392 392 445 445 445 444 444 444 339 339 339 342 342 342 445 445 445 339 339 339 333 333 333 441 441 441 445 445 445 342 342 342 333 333 333 445 445 445 446 446 446 444 444 444 445 445 445 444 444 444 446 446 446 392 392 392 447 447 447 446 446 446 445 445 445 447 447 447 443 443 443 423 423 423 441 441 441 443 443 443 447 447 447 445 445 445 441 441 441 447 447 447 446 446 446 447 447 447 424 424 424 424 424 424 447 447 447 423 423 423 426 426 426 446 446 446 424 424 424 425 425 425 426 426 426 424 424 424 426 426 426 425 425 425 385 385 385 446 446 446 426 426 426 385 385 385 425 425 425 384 384 384 385 385 385 384 384 384 425 425 425 381 381 381 425 425 425 417 417 417 381 381 381 417 417 417 413 413 413 381 381 381 413 413 413 417 417 417 416 416 416 417 417 417 425 425 425 416 416 416 425 425 425 421 421 421 416 416 416 421 421 421 425 425 425 424 424 424 397 397 397 446 446 446 385 385 385 446 446 446 397 397 397 392 392 392 347 347 347 324 324 324 345 345 345 324 324 324 347 347 347 348 348 348 327 327 327 324 324 324 348 348 348 450 450 450 449 449 449 431 431 431 451 451 451 450 450 450 431 431 431 433 433 433 451 451 451 431 431 431</p>
                </triangles>
            </mesh>
        </geometry>
        <geometry id="Object_2-geometry" name="Object_2">
            <mesh>
                <source id="Object_2-geometry-POSITION">
                    <float_array id="Object_2-geometry-POSITION-array" count="198">-0.284927 0.316153 0.442963 -0.289677 0.383351 0.476203 -0.225334 0.37554 0.506864 -0.222279 0.304579 0.470881 -0.340399 0.327496 0.410075 -0.347947 0.3909 0.439487 -0.281184 0.255681 0.401763 -0.333841 0.272417 0.373239 -0.220022 0.240148 0.426099 0 0.362608 0.550726 0 0.286278 0.511427 -0.078795 0.288773 0.506655 -0.079621 0.3644 0.5453 0 0.216509 0.461112 -0.077952 0.219834 0.456727 -0.153241 0.294924 0.492546 -0.154997 0.368954 0.530432 -0.151644 0.228049 0.444571 -0.080693 0.445157 0.572904 -0.081224 0.524797 0.588429 0 0.52494 0.594812 0 0.443869 0.578871 -0.157919 0.525882 0.572056 -0.156896 0.448121 0.557068 -0.228337 0.45232 0.532648 -0.229789 0.525225 0.546718 -0.294506 0.457 0.500704 -0.355341 0.461283 0.461748 -0.296851 0.526178 0.513753 -0.358647 0.526295 0.473749 0.225334 0.37554 0.506864 0.289677 0.383351 0.476203 0.284927 0.316153 0.442963 0.222279 0.304579 0.470881 0.347947 0.3909 0.439487 0.340399 0.327496 0.410075 0.333841 0.272417 0.373239 0.281184 0.255681 0.401763 0.220022 0.240148 0.426099 0.078795 0.288773 0.506655 0.079621 0.3644 0.5453 0.077952 0.219834 0.456727 0.153241 0.294924 0.492546 0.154997 0.368954 0.530432 0.151644 0.228049 0.444571 0.081224 0.524797 0.588429 0.080693 0.445157 0.572904 0.228337 0.45232 0.532648 0.156896 0.448121 0.557068 0.157919 0.525882 0.572056 0.229789 0.525225 0.546718 0.294506 0.457 0.500704 0.355341 0.461283 0.461748 0.296851 0.526178 0.513753 0.358647 0.526295 0.473749 -0.360201 0.563844 0.477172 -0.29805 0.563844 0.517257 -0.230778 0.563844 0.550316 -0.158566 0.563844 0.575643 -0.081682 0.563844 0.592149 0 0.563844 0.598557 0.081682 0.563844 0.592149 0.158566 0.563844 0.575643 0.230778 0.563844 0.550316 0.29805 0.563844 0.517257 0.360201 0.563844 0.477172</float_array>
                    <technique_common>
                        <accessor count="66" offset="0" source="Object_2-geometry-POSITION-array" stride="3">
                            <param name="X" type="float" />
                            <param name="Y" type="float" />
                            <param name="Z" type="float" />
                        </accessor>
                    </technique_common>
                </source>
                <source id="Object_2-geometry-NORMAL">
                    <float_array id="Object_2-geometry-NORMAL-array" count="198">-0.463228 -0.466779 0.753351 -0.477084 -0.358356 0.802478 -0.362251 -0.371842 0.854697 -0.357265 -0.489803 0.79527 -0.568282 -0.437486 0.696895 -0.585548 -0.339392 0.73617 -0.449763 -0.572877 0.685219 -0.54863 -0.537516 0.640377 -0.349707 -0.599882 0.719616 0 -0.382204 0.924078 0 -0.510323 0.859983 -0.118025 -0.509264 0.852479 -0.117126 -0.380312 0.917412 0 -0.631655 0.77525 -0.121153 -0.628746 0.768115 -0.242433 -0.503784 0.829113 -0.239389 -0.377293 0.894619 -0.243994 -0.618201 0.747191 -0.119763 -0.248686 0.961151 -0.122623 -0.146121 0.981638 0 -0.147412 0.989075 0 -0.251204 0.967934 -0.237843 -0.142786 0.960751 -0.236843 -0.245301 0.940071 -0.359723 -0.24592 0.900068 -0.355398 -0.141174 0.923992 -0.482128 -0.247621 0.840379 -0.594433 -0.245914 0.765621 -0.478843 -0.145108 0.865825 -0.59751 -0.151152 0.787486 0.362255 -0.371837 0.854698 0.477072 -0.358348 0.802489 0.463223 -0.466774 0.753357 0.357265 -0.489792 0.795277 0.585544 -0.339388 0.736175 0.568282 -0.437487 0.696894 0.548629 -0.537516 0.640377 0.449764 -0.572876 0.685219 0.349707 -0.599882 0.719616 0.118025 -0.509263 0.852479 0.117127 -0.380312 0.917412 0.121153 -0.628746 0.768115 0.24244 -0.503777 0.829115 0.239402 -0.377292 0.894616 0.243995 -0.6182 0.747191 0.122624 -0.146121 0.981637 0.119764 -0.248686 0.961151 0.35973 -0.245933 0.900062 0.236849 -0.245307 0.940068 0.237842 -0.142786 0.960752 0.355401 -0.14118 0.92399 0.482121 -0.247631 0.84038 0.594433 -0.245906 0.765624 0.478842 -0.145119 0.865824 0.597526 -0.151155 0.787474 -0.597253 -0.07393 0.798639 -0.476941 -0.071824 0.875996 -0.356457 -0.074785 0.931314 -0.240976 -0.079288 0.967287 -0.124345 -0.082118 0.988835 0 -0.083032 0.996547 0.124345 -0.082118 0.988835 0.240974 -0.079288 0.967287 0.356456 -0.074785 0.931314 0.476941 -0.071823 0.875996 0.597269 -0.073944 0.798625</float_array>
                    <technique_common>
                        <accessor count="66" offset="0" source="Object_2-geometry-NORMAL-array" stride="3">
                            <param name="X" type="float" />
                            <param name="Y" type="float" />
                            <param name="Z" type="float" />
                        </accessor>
                    </technique_common>
                </source>
                <source id="Object_2-geometry-TEXCOORD">
                    <float_array id="Object_2-geometry-TEXCOORD-array" count="132">0.07812549 2.789074 0.07812549 2.851574 0.1831066 2.851574 0.1826183 2.789074 0.007812549 2.789074 0.007812549 2.851574 0.07812549 2.753429 0.007812549 2.753429 0.1811535 2.753429 0.4995149 2.851574 0.4995149 2.789074 0.3920923 2.789074 0.3925806 2.851574 0.4995149 2.753429 0.391604 2.753429 0.2871112 2.789074 0.2880878 2.851574 0.2856463 2.753429 0.3925806 2.90968 0.3930689 2.97218 0.4995149 2.97218 0.4995149 2.90968 0.2890643 2.97218 0.2880878 2.90968 0.1835949 2.90968 0.1845715 2.97218 0.07812549 2.90968 0.007812549 2.90968 0.07812549 2.97218 0.007812549 2.97218 0.8159231 2.851574 0.9218808 2.851574 0.9218808 2.789074 0.8168997 2.789074 0.9921938 2.851574 0.9921938 2.789074 0.9921938 2.753429 0.9218808 2.753429 0.8178763 2.753429 0.6069374 2.789074 0.6064491 2.851574 0.6074257 2.753429 0.7119185 2.789074 0.710942 2.851574 0.7133834 2.753429 0.6059608 2.97218 0.6064491 2.90968 0.8154348 2.90968 0.710942 2.90968 0.7099654 2.97218 0.8144583 2.97218 0.9218808 2.90968 0.9921938 2.90968 0.9218808 2.97218 0.9921938 2.97218 0.007812549 2.996106 0.07812549 2.996106 0.1845715 2.996106 0.2890643 2.996106 0.3930689 2.996106 0.4995149 2.996106 0.6059608 2.996106 0.7099654 2.996106 0.8144583 2.996106 0.9218808 2.996106 0.9921938 2.996106</float_array>
                    <technique_common>
                        <accessor count="66" offset="0" source="Object_2-geometry-TEXCOORD-array" stride="2">
                            <param name="S" type="float" />
                            <param name="T" type="float" />
                        </accessor>
                    </technique_common>
                </source>
                <vertices id="Object_2-vertices">
                    <input semantic="POSITION" source="#Object_2-geometry-POSITION" />
                </vertices>
                <triangles count="100" material="Mouth">
                    <input semantic="VERTEX" source="#Object_2-vertices" offset="0" set="0" />
                    <input semantic="NORMAL" source="#Object_2-geometry-NORMAL" offset="1" set="0" />
                    <input semantic="TEXCOORD" source="#Object_2-geometry-TEXCOORD" offset="2" set="0" />
                    <p>2 2 2 1 1 1 0 0 0 3 3 3 2 2 2 0 0 0 1 1 1 5 5 5 0 0 0 5 5 5 4 4 4 0 0 0 4 4 4 7 7 7 0 0 0 7 7 7 6 6 6 0 0 0 8 8 8 3 3 3 0 0 0 6 6 6 8 8 8 0 0 0 2 2 2 3 3 3 15 15 15 3 3 3 8 8 8 15 15 15 16 16 16 2 2 2 15 15 15 8 8 8 17 17 17 15 15 15 17 17 17 14 14 14 15 15 15 14 14 14 11 11 11 15 15 15 14 14 14 13 13 13 11 11 11 13 13 13 10 10 10 11 11 11 11 11 11 10 10 10 9 9 9 12 12 12 11 11 11 9 9 9 12 12 12 16 16 16 15 15 15 11 11 11 12 12 12 15 15 15 2 2 2 16 16 16 24 24 24 2 2 2 24 24 24 1 1 1 16 16 16 23 23 23 24 24 24 23 23 23 16 16 16 12 12 12 24 24 24 23 23 23 22 22 22 25 25 25 24 24 24 22 22 22 23 23 23 18 18 18 22 22 22 18 18 18 23 23 23 12 12 12 18 18 18 12 12 12 9 9 9 18 18 18 19 19 19 22 22 22 20 20 20 19 19 19 18 18 18 21 21 21 20 20 20 18 18 18 21 21 21 18 18 18 9 9 9 24 24 24 26 26 26 1 1 1 5 5 5 1 1 1 26 26 26 27 27 27 5 5 5 26 26 26 27 27 27 26 26 26 28 28 28 24 24 24 25 25 25 28 28 28 26 26 26 24 24 24 28 28 28 29 29 29 27 27 27 28 28 28 9 9 9 10 10 10 39 39 39 39 39 39 10 10 10 13 13 13 40 40 40 9 9 9 39 39 39 41 41 41 39 39 39 13 13 13 42 42 42 39 39 39 41 41 41 39 39 39 42 42 42 40 40 40 44 44 44 42 42 42 41 41 41 42 42 42 44 44 44 38 38 38 33 33 33 42 42 42 38 38 38 32 32 32 33 33 33 38 38 38 33 33 33 32 32 32 30 30 30 42 42 42 33 33 33 30 30 30 32 32 32 31 31 31 30 30 30 31 31 31 32 32 32 34 34 34 32 32 32 35 35 35 34 34 34 35 35 35 32 32 32 36 36 36 32 32 32 37 37 37 36 36 36 37 37 37 32 32 32 38 38 38 43 43 43 42 42 42 30 30 30 42 42 42 43 43 43 40 40 40 30 30 30 47 47 47 43 43 43 30 30 30 31 31 31 47 47 47 47 47 47 48 48 48 43 43 43 40 40 40 43 43 43 48 48 48 49 49 49 48 48 48 47 47 47 50 50 50 49 49 49 47 47 47 48 48 48 49 49 49 46 46 46 46 46 46 40 40 40 48 48 48 9 9 9 40 40 40 46 46 46 49 49 49 45 45 45 46 46 46 46 46 46 45 45 45 20 20 20 21 21 21 46 46 46 20 20 20 21 21 21 9 9 9 46 46 46 31 31 31 51 51 51 47 47 47 51 51 51 31 31 31 34 34 34 52 52 52 51 51 51 34 34 34 53 53 53 51 51 51 52 52 52 53 53 53 50 50 50 47 47 47 51 51 51 53 53 53 47 47 47 54 54 54 53 53 53 52 52 52 60 60 60 20 20 20 45 45 45 60 60 60 59 59 59 20 20 20 59 59 59 19 19 19 20 20 20 19 19 19 59 59 59 22 22 22 59 59 59 58 58 58 22 22 22 58 58 58 57 57 57 22 22 22 57 57 57 25 25 25 22 22 22 25 25 25 57 57 57 28 28 28 57 57 57 56 56 56 28 28 28 56 56 56 55 55 55 28 28 28 55 55 55 29 29 29 28 28 28 61 61 61 60 60 60 45 45 45 45 45 45 49 49 49 61 61 61 49 49 49 62 62 62 61 61 61 62 62 62 49 49 49 50 50 50 63 63 63 62 62 62 50 50 50 50 50 50 53 53 53 63 63 63 53 53 53 64 64 64 63 63 63 64 64 64 53 53 53 54 54 54 65 65 65 64 64 64 54 54 54</p>
                </triangles>
            </mesh>
        </geometry>
        <geometry id="Object_3-geometry" name="Object_3">
            <mesh>
                <source id="Object_3-geometry-POSITION">
                    <float_array id="Object_3-geometry-POSITION-array" count="1224">-0.372374 0.247385 -0.30918 -0.377946 0.286501 -0.342776 -0.412875 0.294478 -0.308736 -0.400198 0.263419 -0.293047 -0.331374 0.225859 -0.331146 -0.333841 0.272417 -0.37324 -0.281184 0.255681 -0.401763 -0.279466 0.20446 -0.352349 -0.218873 0.18463 -0.371542 -0.220022 0.240148 -0.426099 -0.225334 0.37554 -0.506865 -0.289677 0.383351 -0.476203 -0.284927 0.316153 -0.442963 -0.222279 0.304579 -0.470882 -0.347947 0.3909 -0.439487 -0.340399 0.327496 -0.410075 -0.444977 0.400517 -0.346965 -0.429154 0.34184 -0.328228 -0.388542 0.336497 -0.371996 -0.400326 0.396718 -0.397094 -0.077712 0.158603 -0.397316 0 0.154382 -0.401163 0 0.216509 -0.461113 -0.077952 0.219834 -0.456727 -0.078795 0.288773 -0.506656 0 0.286278 -0.511427 0 0.362608 -0.550726 -0.079621 0.3644 -0.5453 -0.153241 0.294924 -0.492546 -0.154997 0.368954 -0.530432 -0.151644 0.228049 -0.444571 -0.151065 0.168918 -0.387273 0 0.52494 -0.594813 -0.081224 0.524797 -0.588429 -0.080693 0.445157 -0.572904 0 0.443869 -0.578871 -0.228337 0.45232 -0.532648 -0.156896 0.448121 -0.557068 -0.157919 0.525882 -0.572056 -0.229789 0.525225 -0.546719 -0.457818 0.467721 -0.361908 -0.41039 0.465139 -0.415738 -0.414948 0.526255 -0.425658 -0.464038 0.526199 -0.370001 -0.355341 0.461283 -0.461748 -0.358647 0.526295 -0.473749 -0.294506 0.457 -0.500704 -0.296852 0.526178 -0.513753 -0.377868 0.218589 -0.266301 -0.411838 0.250936 -0.258694 -0.333834 0.188946 -0.27913 -0.387556 0.195013 -0.211055 -0.427491 0.235277 -0.207723 -0.339893 0.158595 -0.219454 -0.281226 0.160782 -0.294826 -0.284831 0.125842 -0.229774 -0.222155 0.097982 -0.240039 -0.220156 0.136421 -0.309815 -0.454422 0.20836 0 -0.406655 0.159458 0 -0.403895 0.163959 -0.075053 -0.450855 0.211493 -0.074331 -0.353272 0.115063 0 -0.351149 0.120849 -0.077332 -0.346414 0.135526 -0.1516 -0.397145 0.175792 -0.14658 -0.441489 0.221072 -0.144757 -0.227813 0.045009 0 -0.226643 0.051396 -0.083328 -0.292191 0.083012 -0.080517 -0.293571 0.077256 0 -0.289149 0.099428 -0.157746 -0.224898 0.068806 -0.164155 0 0.006727 -0.088281 -0.079552 0.012371 -0.087961 -0.079923 0.005737 0 0 0 0 -0.079069 0.031508 -0.173582 0 0.026319 -0.174605 0 0.058101 -0.256569 -0.078396 0.062814 -0.254708 -0.154283 0.045879 -0.169846 -0.152601 0.076781 -0.248742 -0.155787 0.021012 0 -0.155282 0.027262 -0.086128 -0.077985 0.106022 -0.329705 0 0.101158 -0.33257 -0.151702 0.117683 -0.321948 -0.43842 0.290767 -0.265214 -0.462379 0.340917 -0.277189 -0.483179 0.400462 -0.290337 -0.490687 0.335851 -0.217961 -0.51531 0.397922 -0.226455 -0.461303 0.281758 -0.210774 -0.507075 0.52598 -0.307704 -0.499381 0.468124 -0.301351 -0.543224 0.525701 -0.238373 -0.534122 0.467089 -0.234081 -0.584111 0.463468 0 -0.57785 0.463844 -0.08068 -0.588394 0.52464 -0.081428 -0.594817 0.524912 0 -0.560827 0.465248 -0.159979 -0.570919 0.525432 -0.162431 -0.555922 0.391532 -0.078846 -0.561711 0.390403 0 -0.54009 0.394378 -0.155385 -0.491486 0.265302 -0.075396 -0.49575 0.262803 0 -0.479531 0.272228 -0.146581 -0.512924 0.329697 -0.150637 -0.5322 0.323313 0 -0.527062 0.324946 -0.076912 0.412875 0.294478 -0.308736 0.377946 0.286501 -0.342776 0.372374 0.247385 -0.30918 0.400198 0.263419 -0.293047 0.331374 0.225859 -0.331146 0.333841 0.272417 -0.37324 0.218873 0.18463 -0.371542 0.279466 0.20446 -0.352349 0.281184 0.255681 -0.401763 0.220022 0.240148 -0.426099 0.284927 0.316153 -0.442963 0.289677 0.383351 -0.476203 0.225334 0.37554 -0.506864 0.222279 0.304579 -0.470882 0.340399 0.327496 -0.410075 0.347947 0.3909 -0.439487 0.388542 0.336496 -0.371996 0.429154 0.34184 -0.328228 0.444977 0.400517 -0.346965 0.400326 0.396718 -0.397095 0.077712 0.158603 -0.397316 0.077952 0.219834 -0.456727 0.078795 0.288773 -0.506656 0.079621 0.3644 -0.5453 0.153241 0.294924 -0.492546 0.154997 0.368954 -0.530432 0.151644 0.228049 -0.444571 0.151065 0.168918 -0.387273 0.080693 0.445157 -0.572904 0.081224 0.524797 -0.588429 0.157919 0.525882 -0.572056 0.156896 0.448121 -0.557068 0.228338 0.45232 -0.532648 0.229789 0.525225 -0.546719 0.414948 0.526255 -0.425658 0.41039 0.465139 -0.415738 0.457818 0.467721 -0.361908 0.464038 0.526199 -0.370001 0.358647 0.526295 -0.473749 0.355341 0.461283 -0.461748 0.294506 0.457 -0.500704 0.296852 0.526178 -0.513753 0.377868 0.218589 -0.266301 0.411838 0.250936 -0.258694 0.333834 0.188946 -0.27913 0.387556 0.195013 -0.211055 0.427491 0.235277 -0.207723 0.339893 0.158595 -0.219454 0.222155 0.097982 -0.240039 0.284831 0.125842 -0.229774 0.281226 0.160782 -0.294826 0.220156 0.136421 -0.309815 0.403895 0.163959 -0.075053 0.406655 0.159458 0 0.454422 0.20836 0 0.450855 0.211493 -0.074331 0.351149 0.120849 -0.077332 0.353272 0.115063 0 0.397145 0.175792 -0.14658 0.346414 0.135526 -0.1516 0.441489 0.221072 -0.144757 0.292191 0.083012 -0.080517 0.226643 0.051396 -0.083328 0.227813 0.045009 0 0.293571 0.077256 0 0.289149 0.099428 -0.157746 0.224898 0.068806 -0.164156 0.079923 0.005737 0 0.079552 0.012371 -0.087961 0.079069 0.031508 -0.173582 0.078396 0.062814 -0.254708 0.154283 0.045879 -0.169846 0.152601 0.076781 -0.248742 0.155282 0.027262 -0.086128 0.155787 0.021012 0 0.077985 0.106022 -0.329705 0.151702 0.117683 -0.321948 0.43842 0.290766 -0.265215 0.462379 0.340917 -0.277189 0.48318 0.400462 -0.290337 0.490687 0.335851 -0.217961 0.51531 0.397922 -0.226455 0.461303 0.281758 -0.210774 0.499381 0.468124 -0.301351 0.507075 0.52598 -0.307704 0.534122 0.467089 -0.234081 0.543224 0.525701 -0.238373 0.588395 0.52464 -0.081428 0.577851 0.463844 -0.08068 0.58411 0.463468 0 0.594817 0.524912 0 0.570919 0.525432 -0.162431 0.560827 0.465248 -0.159979 0.555922 0.391532 -0.078846 0.561711 0.390403 0 0.540091 0.394378 -0.155385 0.49575 0.262804 0 0.491486 0.265302 -0.075396 0.479531 0.272228 -0.146581 0.512924 0.329697 -0.150637 0.527062 0.324946 -0.076912 0.5322 0.323313 0 -0.412875 0.294478 0.308736 -0.377946 0.286501 0.342776 -0.372374 0.247385 0.30918 -0.400198 0.263419 0.293047 -0.331374 0.225859 0.331146 -0.333841 0.272417 0.373239 -0.218873 0.18463 0.371542 -0.279466 0.20446 0.352349 -0.281184 0.255681 0.401763 -0.220022 0.240148 0.426099 -0.388542 0.336497 0.371996 -0.429154 0.34184 0.328228 -0.444977 0.400517 0.346965 -0.400326 0.396718 0.397094 -0.340399 0.327496 0.410075 -0.347947 0.3909 0.439487 0 0.216509 0.461112 0 0.154382 0.401163 -0.077712 0.158603 0.397316 -0.077952 0.219834 0.456727 -0.151644 0.228049 0.444571 -0.151065 0.168918 0.387273 -0.414948 0.526255 0.425658 -0.41039 0.465139 0.415737 -0.457818 0.467721 0.361908 -0.464037 0.526198 0.370001 -0.358647 0.526295 0.473749 -0.355341 0.461283 0.461748 -0.377868 0.218589 0.266301 -0.411838 0.250936 0.258694 -0.333834 0.188946 0.27913 -0.387556 0.195013 0.211055 -0.427491 0.235277 0.207723 -0.339893 0.158595 0.219454 -0.222155 0.097982 0.240039 -0.284831 0.125842 0.229774 -0.281226 0.160782 0.294826 -0.220156 0.136421 0.309815 -0.403895 0.163959 0.075053 -0.450855 0.211493 0.074331 -0.351149 0.120849 0.077332 -0.397145 0.175792 0.14658 -0.346414 0.135526 0.1516 -0.441489 0.221072 0.144757 -0.292191 0.083012 0.080517 -0.226643 0.051396 0.083328 -0.289149 0.099428 0.157746 -0.224898 0.068806 0.164156 -0.079552 0.012371 0.087961 0 0.006727 0.088281 0 0.058101 0.256569 0 0.026319 0.174605 -0.079069 0.031508 0.173582 -0.078396 0.062814 0.254708 -0.154283 0.045879 0.169846 -0.152601 0.076781 0.248742 -0.155282 0.027262 0.086128 -0.077985 0.106022 0.329705 0 0.101158 0.33257 -0.151702 0.117683 0.321948 -0.43842 0.290767 0.265214 -0.462379 0.340917 0.277189 -0.483179 0.400462 0.290337 -0.490687 0.335851 0.217961 -0.51531 0.397922 0.226455 -0.461303 0.281759 0.210774 -0.499381 0.468124 0.301351 -0.507075 0.525979 0.307704 -0.534121 0.467089 0.234081 -0.543224 0.525701 0.238373 -0.588394 0.52464 0.081428 -0.57785 0.463844 0.08068 -0.570919 0.525432 0.162431 -0.560827 0.465248 0.159979 -0.555922 0.391532 0.078846 -0.54009 0.394378 0.155385 -0.491486 0.265302 0.075396 -0.479531 0.272228 0.146581 -0.512924 0.329697 0.150637 -0.527062 0.324946 0.076912 0.372373 0.247385 0.30918 0.377946 0.286501 0.342776 0.412875 0.294478 0.308736 0.400198 0.263419 0.293047 0.331374 0.225859 0.331146 0.333841 0.272417 0.373239 0.281184 0.255681 0.401763 0.279466 0.20446 0.352349 0.218873 0.18463 0.371542 0.220022 0.240148 0.426099 0.444977 0.400517 0.346965 0.429154 0.34184 0.328228 0.388542 0.336497 0.371996 0.400325 0.396718 0.397094 0.340399 0.327496 0.410075 0.347947 0.3909 0.439487 0.077712 0.158603 0.397316 0.077952 0.219834 0.456727 0.151065 0.168918 0.387273 0.151644 0.228049 0.444571 0.457818 0.467721 0.361908 0.41039 0.465139 0.415737 0.414948 0.526255 0.425658 0.464037 0.526199 0.370001 0.355341 0.461283 0.461748 0.358647 0.526295 0.473749 0.377868 0.218589 0.266301 0.411838 0.250936 0.258694 0.333834 0.188946 0.27913 0.387556 0.195013 0.211055 0.427491 0.235277 0.207723 0.339893 0.158595 0.219454 0.281226 0.160782 0.294826 0.284831 0.125842 0.229774 0.222155 0.097982 0.240039 0.220156 0.136421 0.309815 0.403894 0.163959 0.075052 0.450855 0.211493 0.074331 0.351148 0.120849 0.077332 0.346414 0.135526 0.1516 0.397145 0.175792 0.14658 0.441489 0.221072 0.144757 0.226643 0.051396 0.083328 0.292191 0.083012 0.080517 0.289149 0.099428 0.157746 0.224898 0.068806 0.164155 0.079552 0.012371 0.087961 0.079069 0.031508 0.173582 0.078396 0.062814 0.254708 0.154283 0.045879 0.169846 0.152601 0.076781 0.248742 0.155282 0.027262 0.086128 0.077985 0.106022 0.329705 0.151702 0.117683 0.321948 0.43842 0.290767 0.265214 0.462379 0.340917 0.277189 0.483179 0.400462 0.290337 0.490687 0.335851 0.217961 0.51531 0.397922 0.226455 0.461303 0.281759 0.210774 0.507075 0.52598 0.307704 0.499381 0.468124 0.301351 0.543224 0.525701 0.238373 0.534121 0.467089 0.23408 0.57785 0.463844 0.08068 0.588394 0.52464 0.081428 0.560827 0.465249 0.159978 0.570918 0.525432 0.162431 0.555922 0.391532 0.078846 0.54009 0.394378 0.155385 0.491486 0.265302 0.075396 0.479531 0.272228 0.146581 0.512924 0.329697 0.150637 0.527062 0.324946 0.076912 0.598678 0.563844 0 0.592238 0.563844 -0.081795 0.57455 0.563844 -0.163447 0.546569 0.563844 -0.240038 0.51003 0.563844 -0.309935 0.466532 0.563844 -0.372702 0.416998 0.563844 -0.428681 0.360202 0.563844 -0.477172 0.29805 0.563844 -0.517257 0.230778 0.563844 -0.550316 0.158566 0.563844 -0.575643 0.081682 0.563844 -0.592149 0 0.563844 -0.598557 -0.081682 0.563844 -0.592149 -0.158566 0.563844 -0.575643 -0.230778 0.563844 -0.550316 -0.29805 0.563844 -0.517257 -0.360201 0.563844 -0.477172 -0.416998 0.563844 -0.428681 -0.466532 0.563844 -0.372701 -0.51003 0.563844 -0.309935 -0.546568 0.563844 -0.240038 -0.57455 0.563844 -0.163447 -0.592238 0.563844 -0.081795 -0.598678 0.563844 0 -0.592238 0.563844 0.081795 -0.574549 0.563844 0.163447 -0.546568 0.563844 0.240038 -0.51003 0.563844 0.309935 -0.466532 0.563844 0.372701 -0.416998 0.563844 0.42868 -0.360201 0.563844 0.477172 0.360201 0.563844 0.477172 0.416998 0.563844 0.428681 0.466532 0.563844 0.372701 0.51003 0.563844 0.309935 0.546568 0.563844 0.240038 0.574549 0.563844 0.163447 0.592238 0.563844 0.081795</float_array>
                    <technique_common>
                        <accessor count="408" offset="0" source="Object_3-geometry-POSITION-array" stride="3">
                            <param name="X" type="float" />
                            <param name="Y" type="float" />
                            <param name="Z" type="float" />
                        </accessor>
                    </technique_common>
                </source>
                <source id="Object_3-geometry-NORMAL">
                    <float_array id="Object_3-geometry-NORMAL-array" count="1224">-0.627501 -0.585095 -0.513718 -0.641048 -0.499523 -0.582696 -0.718642 -0.47708 -0.505913 -0.691944 -0.542806 -0.475999 -0.538293 -0.632064 -0.557438 -0.548629 -0.537516 -0.640377 -0.449764 -0.572876 -0.685219 -0.444352 -0.669759 -0.594958 -0.347025 -0.698852 -0.625443 -0.349707 -0.599882 -0.719616 -0.362255 -0.371836 -0.854698 -0.477073 -0.358348 -0.802489 -0.463223 -0.466775 -0.753356 -0.357266 -0.489792 -0.795277 -0.585544 -0.339388 -0.736175 -0.568282 -0.437487 -0.696894 -0.759595 -0.318215 -0.567234 -0.742467 -0.397557 -0.539157 -0.662675 -0.410242 -0.626549 -0.679978 -0.323972 -0.657779 -0.123251 -0.735983 -0.665686 0 -0.741125 -0.671367 0 -0.631655 -0.77525 -0.121154 -0.628746 -0.768115 -0.118025 -0.509263 -0.85248 0 -0.510322 -0.859983 0 -0.382204 -0.924078 -0.117127 -0.380312 -0.917412 -0.24244 -0.503777 -0.829115 -0.239402 -0.377292 -0.894616 -0.243994 -0.6182 -0.747191 -0.245143 -0.7204 -0.64879 0 -0.147412 -0.989075 -0.122623 -0.146121 -0.981638 -0.119764 -0.248686 -0.961151 0 -0.251204 -0.967934 -0.359731 -0.245932 -0.900062 -0.236849 -0.245307 -0.940068 -0.237843 -0.142786 -0.960751 -0.355402 -0.14118 -0.92399 -0.770673 -0.243166 -0.58901 -0.690082 -0.242743 -0.681808 -0.696926 -0.155174 -0.700154 -0.780235 -0.157706 -0.605278 -0.594434 -0.245902 -0.765624 -0.597527 -0.151153 -0.787473 -0.482121 -0.247629 -0.84038 -0.478844 -0.145118 -0.865823 -0.634505 -0.643331 -0.428403 -0.714404 -0.565676 -0.411871 -0.544684 -0.701088 -0.460211 -0.652639 -0.675412 -0.343337 -0.735893 -0.58952 -0.333059 -0.559494 -0.744248 -0.364777 -0.449788 -0.745441 -0.491944 -0.460572 -0.798736 -0.387162 -0.35884 -0.840242 -0.406482 -0.35134 -0.779434 -0.518694 -0.773973 -0.633218 0 -0.68796 -0.725749 0 -0.681157 -0.71591 -0.153291 -0.765907 -0.624694 -0.152133 -0.586532 -0.809926 1.7E-05 -0.582149 -0.797931 -0.156233 -0.573243 -0.775007 -0.266 -0.669326 -0.698227 -0.253933 -0.752874 -0.609321 -0.248814 -0.352801 -0.935698 1.6E-05 -0.356617 -0.92165 -0.152926 -0.474724 -0.866075 -0.156689 -0.474657 -0.880171 3.3E-05 -0.470774 -0.836867 -0.27933 -0.361515 -0.886888 -0.287638 0 -0.988457 -0.151503 -0.115115 -0.981933 -0.150187 -0.116341 -0.993209 0 0 -1 0 -0.114934 -0.950619 -0.288296 0 -0.957452 -0.288594 0 -0.905995 -0.423289 -0.118665 -0.898255 -0.42315 -0.239021 -0.927072 -0.288801 -0.244653 -0.874366 -0.41908 -0.231521 -0.97283 0 -0.233133 -0.960892 -0.149454 -0.122662 -0.826542 -0.549348 0 -0.833573 -0.55241 -0.245973 -0.806192 -0.538101 -0.768701 -0.4813 -0.421246 -0.799675 -0.402793 -0.445284 -0.822495 -0.321662 -0.469079 -0.83664 -0.416511 -0.355743 -0.869076 -0.328041 -0.370264 -0.796696 -0.499823 -0.339783 -0.852867 -0.157572 -0.497785 -0.838612 -0.245875 -0.486082 -0.910663 -0.153194 -0.383698 -0.891994 -0.246813 -0.378722 -0.975899 -0.218224 0 -0.96412 -0.226814 -0.137941 -0.983429 -0.129127 -0.127252 -0.99236 -0.123373 1E-06 -0.933809 -0.240816 -0.264592 -0.955371 -0.142329 -0.258861 -0.932455 -0.329074 -0.149126 -0.945402 -0.325907 0 -0.905261 -0.331629 -0.265563 -0.83374 -0.530382 -0.153532 -0.843661 -0.536877 0 -0.817331 -0.51778 -0.252732 -0.865689 -0.427687 -0.260128 -0.900126 -0.435629 0 -0.888074 -0.433168 -0.153918 0.718636 -0.477096 -0.505907 0.641025 -0.499533 -0.582713 0.627483 -0.585115 -0.513718 0.691919 -0.542857 -0.475977 0.538293 -0.632065 -0.557436 0.54863 -0.537516 -0.640377 0.347025 -0.698852 -0.625443 0.444351 -0.66976 -0.594957 0.449763 -0.572877 -0.685219 0.349707 -0.599882 -0.719616 0.463228 -0.466778 -0.753351 0.477084 -0.358356 -0.802478 0.36225 -0.371842 -0.854698 0.357265 -0.489803 -0.795271 0.568282 -0.437485 -0.696895 0.585548 -0.339392 -0.73617 0.662668 -0.410229 -0.626564 0.742475 -0.397532 -0.539165 0.759595 -0.318215 -0.567234 0.679977 -0.323971 -0.657779 0.123251 -0.735983 -0.665686 0.121153 -0.628746 -0.768115 0.118025 -0.509263 -0.85248 0.117127 -0.380312 -0.917412 0.242433 -0.503783 -0.829114 0.239389 -0.377293 -0.894619 0.243994 -0.6182 -0.747191 0.245143 -0.7204 -0.64879 0.119764 -0.248686 -0.961151 0.122623 -0.146121 -0.981638 0.237843 -0.142786 -0.960751 0.236843 -0.245302 -0.94007 0.359722 -0.24592 -0.900069 0.355397 -0.141175 -0.923993 0.696925 -0.155182 -0.700153 0.690079 -0.242765 -0.681804 0.770677 -0.243177 -0.589001 0.78025 -0.157709 -0.605259 0.597512 -0.151151 -0.787485 0.594433 -0.245912 -0.765622 0.482128 -0.247621 -0.840379 0.478844 -0.145107 -0.865825 0.634505 -0.643331 -0.428403 0.714402 -0.565692 -0.411852 0.544684 -0.701088 -0.460211 0.652639 -0.675412 -0.343337 0.735893 -0.58952 -0.333059 0.559494 -0.744248 -0.364777 0.35884 -0.840246 -0.406472 0.460568 -0.79874 -0.387158 0.449788 -0.745441 -0.491944 0.35134 -0.779434 -0.518694 0.681157 -0.71591 -0.153291 0.68796 -0.725749 0 0.773973 -0.633218 0 0.765907 -0.624694 -0.152133 0.582117 -0.797954 -0.156235 0.586521 -0.809934 -5E-06 0.669326 -0.698227 -0.253933 0.573229 -0.775023 -0.265985 0.752874 -0.609321 -0.248814 0.474716 -0.866079 -0.156693 0.356651 -0.921635 -0.152934 0.352813 -0.935694 -5E-06 0.474657 -0.880171 -1E-05 0.470766 -0.836883 -0.279298 0.361533 -0.886887 -0.287621 0.116341 -0.993209 0 0.115115 -0.981933 -0.150187 0.114934 -0.950619 -0.288296 0.118665 -0.898255 -0.42315 0.239032 -0.92707 -0.2888 0.244659 -0.874367 -0.419075 0.233139 -0.960889 -0.149459 0.231521 -0.97283 0 0.122662 -0.826542 -0.549348 0.245973 -0.806192 -0.538101 0.768715 -0.481303 -0.421219 0.799688 -0.402778 -0.445274 0.822495 -0.321662 -0.469079 0.83664 -0.416511 -0.355743 0.869076 -0.328041 -0.370264 0.796696 -0.499823 -0.339783 0.838612 -0.245875 -0.486082 0.852867 -0.157571 -0.497785 0.891994 -0.246813 -0.378722 0.910663 -0.153194 -0.383698 0.983429 -0.129127 -0.127252 0.96412 -0.226814 -0.137941 0.975899 -0.218224 0 0.99236 -0.123373 0 0.955371 -0.142329 -0.258862 0.933809 -0.240816 -0.264592 0.932455 -0.329074 -0.149126 0.945402 -0.325907 0 0.905261 -0.331629 -0.265564 0.843661 -0.536877 0 0.83374 -0.530382 -0.153532 0.817331 -0.51778 -0.252732 0.865689 -0.427687 -0.260128 0.888074 -0.433168 -0.153918 0.900126 -0.435629 0 -0.718635 -0.477097 0.505907 -0.641024 -0.499533 0.582713 -0.627483 -0.585115 0.513718 -0.691919 -0.542857 0.475977 -0.538293 -0.632065 0.557436 -0.54863 -0.537516 0.640377 -0.347025 -0.698852 0.625443 -0.444351 -0.669759 0.594958 -0.449763 -0.572877 0.685219 -0.349707 -0.599882 0.719616 -0.662668 -0.410229 0.626564 -0.742475 -0.397533 0.539165 -0.759596 -0.318215 0.567234 -0.679978 -0.323972 0.657779 -0.568282 -0.437486 0.696895 -0.585548 -0.339392 0.73617 0 -0.631655 0.77525 0 -0.741125 0.671367 -0.123251 -0.735983 0.665687 -0.121153 -0.628746 0.768115 -0.243994 -0.618201 0.747191 -0.245143 -0.7204 0.64879 -0.696925 -0.155184 0.700152 -0.690079 -0.242768 0.681803 -0.770678 -0.243178 0.589 -0.780251 -0.15771 0.605256 -0.59751 -0.151152 0.787486 -0.594433 -0.245914 0.765621 -0.634505 -0.643331 0.428403 -0.714402 -0.565693 0.411852 -0.544684 -0.701088 0.460211 -0.65264 -0.675412 0.343337 -0.735892 -0.58952 0.333059 -0.559494 -0.744248 0.364777 -0.35884 -0.840246 0.406472 -0.460568 -0.798741 0.387157 -0.449788 -0.745441 0.491944 -0.35134 -0.779434 0.518693 -0.681157 -0.71591 0.153291 -0.765907 -0.624694 0.152133 -0.582117 -0.797954 0.156235 -0.669326 -0.698227 0.253933 -0.573229 -0.775023 0.265985 -0.752874 -0.609321 0.248814 -0.474716 -0.866078 0.156693 -0.356651 -0.921635 0.152934 -0.470766 -0.836883 0.279298 -0.361533 -0.886887 0.287621 -0.115115 -0.981933 0.150187 0 -0.988457 0.151504 0 -0.905995 0.423289 0 -0.957452 0.288594 -0.114934 -0.950619 0.288296 -0.118665 -0.898255 0.42315 -0.239032 -0.92707 0.2888 -0.244659 -0.874367 0.419075 -0.233138 -0.96089 0.149459 -0.122662 -0.826542 0.549348 0 -0.833573 0.552409 -0.245973 -0.806192 0.538101 -0.768714 -0.481303 0.421219 -0.799688 -0.402778 0.445274 -0.822495 -0.321662 0.46908 -0.836639 -0.416511 0.355743 -0.869076 -0.32804 0.370265 -0.796695 -0.499824 0.339784 -0.838612 -0.245875 0.486082 -0.852867 -0.157573 0.497784 -0.891994 -0.246813 0.378722 -0.910663 -0.153195 0.383698 -0.983429 -0.129126 0.127252 -0.96412 -0.226814 0.137941 -0.955371 -0.142329 0.25886 -0.933809 -0.240816 0.264592 -0.932455 -0.329073 0.149126 -0.905261 -0.331629 0.265564 -0.83374 -0.530382 0.153532 -0.817331 -0.51778 0.252732 -0.865689 -0.427687 0.260128 -0.888074 -0.433168 0.153918 0.627483 -0.585114 0.513719 0.641025 -0.499532 0.582714 0.718637 -0.477094 0.505908 0.69192 -0.542857 0.475976 0.538293 -0.632064 0.557438 0.548629 -0.537516 0.640377 0.449764 -0.572876 0.685219 0.444352 -0.669759 0.594958 0.347024 -0.698852 0.625443 0.349707 -0.599882 0.719616 0.759596 -0.318215 0.567234 0.742475 -0.397532 0.539165 0.662669 -0.41023 0.626563 0.679979 -0.323972 0.657777 0.568282 -0.437487 0.696894 0.585544 -0.339388 0.736175 0.123251 -0.735983 0.665686 0.121153 -0.628746 0.768115 0.245143 -0.7204 0.64879 0.243995 -0.6182 0.747191 0.770674 -0.243168 0.589009 0.690085 -0.242746 0.681805 0.696928 -0.155178 0.700151 0.780236 -0.15771 0.605276 0.594433 -0.245906 0.765624 0.597526 -0.151155 0.787474 0.634505 -0.64333 0.428403 0.714402 -0.565692 0.411852 0.544684 -0.701088 0.460211 0.652639 -0.675412 0.343337 0.735892 -0.58952 0.33306 0.559494 -0.744248 0.364777 0.449788 -0.745441 0.491944 0.460572 -0.798736 0.387162 0.35884 -0.840242 0.406482 0.351339 -0.779434 0.518694 0.681157 -0.715909 0.153291 0.765907 -0.624694 0.152133 0.582127 -0.797947 0.156234 0.573233 -0.775018 0.26599 0.669326 -0.698227 0.253933 0.752874 -0.609321 0.248814 0.356641 -0.921641 0.152925 0.474722 -0.866076 0.156688 0.470775 -0.836874 0.279307 0.361528 -0.886887 0.287627 0.115115 -0.981933 0.150187 0.114934 -0.950619 0.288296 0.118665 -0.898255 0.42315 0.239021 -0.927072 0.288801 0.244653 -0.874367 0.41908 0.233133 -0.960892 0.149454 0.122662 -0.826542 0.549348 0.245973 -0.806191 0.538101 0.768714 -0.481302 0.42122 0.799687 -0.402778 0.445276 0.822499 -0.321656 0.469077 0.83664 -0.416511 0.355743 0.869081 -0.328028 0.370266 0.796696 -0.499823 0.339784 0.852868 -0.157581 0.497779 0.838617 -0.245876 0.486073 0.910661 -0.15321 0.383698 0.891994 -0.246814 0.378722 0.96412 -0.226814 0.137941 0.983429 -0.129127 0.127252 0.933805 -0.240817 0.264604 0.955368 -0.142337 0.258867 0.932455 -0.329074 0.149126 0.905262 -0.331623 0.26557 0.83374 -0.530382 0.153532 0.817331 -0.51778 0.252732 0.865689 -0.427687 0.260129 0.888074 -0.433168 0.153918 0.998546 -0.053914 0 0.990869 -0.05452 -0.123315 0.965451 -0.058881 -0.253845 0.921198 -0.068227 -0.383065 0.86143 -0.07645 -0.502089 0.786054 -0.079504 -0.613024 0.699805 -0.078135 -0.710048 0.597255 -0.07393 -0.798637 0.476942 -0.071824 -0.875995 0.356457 -0.074785 -0.931314 0.240976 -0.079288 -0.967287 0.124344 -0.082118 -0.988835 0 -0.083032 -0.996547 -0.124345 -0.082118 -0.988835 -0.240976 -0.079288 -0.967287 -0.356457 -0.074785 -0.931314 -0.476942 -0.071824 -0.875995 -0.597271 -0.073945 -0.798624 -0.699804 -0.078166 -0.710046 -0.786041 -0.07952 -0.613039 -0.86143 -0.07645 -0.502089 -0.921198 -0.068227 -0.383065 -0.965451 -0.058881 -0.253845 -0.990869 -0.05452 -0.123315 -0.998546 -0.053914 1E-06 -0.990869 -0.05452 0.123315 -0.965452 -0.058882 0.253843 -0.921198 -0.068229 0.383066 -0.86143 -0.07645 0.502089 -0.786057 -0.079504 0.613021 -0.699806 -0.078135 0.710047 -0.597253 -0.07393 0.798639 0.597269 -0.073944 0.798625 0.699806 -0.078166 0.710044 0.786043 -0.07952 0.613036 0.86143 -0.07645 0.502089 0.921198 -0.068228 0.383066 0.965451 -0.058882 0.253845 0.990869 -0.05452 0.123315</float_array>
                    <technique_common>
                        <accessor count="408" offset="0" source="Object_3-geometry-NORMAL-array" stride="3">
                            <param name="X" type="float" />
                            <param name="Y" type="float" />
                            <param name="Z" type="float" />
                        </accessor>
                    </technique_common>
                </source>
                <source id="Object_3-geometry-TEXCOORD">
                    <float_array id="Object_3-geometry-TEXCOORD-array" count="816">0.7587938 0.3159136 0.7788135 0.3315387 0.7993215 0.3217731 0.7793018 0.3129839 0.7285202 0.3193316 0.7485399 0.338863 0.7104537 0.3437458 0.6918989 0.3222613 0.6494182 0.3247027 0.664555 0.3476521 0.717778 0.398922 0.7763721 0.3935509 0.7377976 0.3676718 0.6870161 0.3725546 0.820806 0.3837852 0.7788135 0.3598592 0.8715875 0.3500935 0.8305717 0.3344684 0.8095754 0.3486287 0.8515679 0.3691366 0.5522496 0.3271442 0.5000032 0.3271442 0.5000032 0.3520467 0.558109 0.3515584 0.5664098 0.3774375 0.5000032 0.3779258 0.5000032 0.4047814 0.5766638 0.4042931 0.6289102 0.3754843 0.6499065 0.40234 0.6132851 0.3500935 0.6025429 0.3261676 0.5000032 0.4594693 0.6059608 0.4594693 0.5903358 0.4321253 0.5000032 0.4321253 0.7602587 0.428219 0.6767621 0.4306605 0.704106 0.458981 0.810552 0.4570278 0.9213926 0.3671835 0.9057674 0.3930626 0.959967 0.4106408 0.9663147 0.3774375 0.8784235 0.4130822 0.9467833 0.4467738 0.8320365 0.4233362 0.9062557 0.4545864 0.7500048 0.3002886 0.7793018 0.3012651 0.7172897 0.3002886 0.7460985 0.282222 0.7797901 0.2851517 0.7104537 0.2807572 0.6801801 0.3012651 0.6728558 0.2797806 0.6323282 0.2792923 0.6391642 0.3017534 0.7817432 0.225581 0.7441453 0.2206982 0.7436571 0.2421827 0.7807667 0.246089 0.7065474 0.2163036 0.7060592 0.2382764 0.707524 0.259761 0.7441453 0.2626907 0.7797901 0.2661086 0.6279337 0.2089794 0.6274454 0.2329053 0.6674847 0.2353467 0.667973 0.2123974 0.6689495 0.2578078 0.6289102 0.2563429 0.5000032 0.2299756 0.5434605 0.2304639 0.5439488 0.2045848 0.5000032 0.2040966 0.5439488 0.2548781 0.5000032 0.2548781 0.5000032 0.2788041 0.5459019 0.2792923 0.5869178 0.2553664 0.5898475 0.2792923 0.5864295 0.2060497 0.5859412 0.2314405 0.5483433 0.3032182 0.5000032 0.3032182 0.5947303 0.30273 0.8085989 0.3076128 0.843267 0.3168902 0.8837947 0.3281208 0.8505913 0.2973589 0.8911189 0.3051714 0.8134817 0.2905229 0.9697327 0.3461873 0.9301817 0.3398396 0.9721741 0.3168902 0.9350645 0.3129839 0.9404356 0.2465773 0.9394591 0.2651321 0.9741272 0.2670852 0.9746155 0.2485304 0.9379942 0.2866166 0.973639 0.2885697 0.8974666 0.2612258 0.8984432 0.2416945 0.8950252 0.2827103 0.8178763 0.2514601 0.8188528 0.2309521 0.8164114 0.2714798 0.8544976 0.2768509 0.8579156 0.2363233 0.856939 0.2563429 0.2001966 0.3217731 0.2207045 0.3315387 0.2407242 0.3159136 0.2202162 0.3129839 0.2709978 0.3193316 0.2509781 0.338863 0.3500999 0.3247027 0.3076191 0.3222613 0.2890643 0.3437458 0.3349631 0.3476521 0.2617204 0.3676718 0.2231459 0.3935509 0.2817401 0.398922 0.312502 0.3725546 0.2207045 0.3598592 0.1787121 0.3837852 0.1899426 0.3486287 0.1689464 0.3344684 0.1279305 0.3500935 0.1479502 0.3691366 0.4472685 0.3271442 0.4414091 0.3515584 0.4331082 0.3774375 0.4228542 0.4042931 0.3706078 0.3754843 0.3496116 0.40234 0.3862329 0.3500935 0.3969752 0.3261676 0.4091823 0.4321253 0.3935572 0.4594693 0.295412 0.458981 0.3227559 0.4306605 0.2392593 0.428219 0.188966 0.4570278 0.03955103 0.4106408 0.0937506 0.3930626 0.07812549 0.3671835 0.03320333 0.3774375 0.05273471 0.4467738 0.1210945 0.4130822 0.1674815 0.4233362 0.09326231 0.4545864 0.2495133 0.3002886 0.2202162 0.3012651 0.2822284 0.3002886 0.2534196 0.282222 0.2197279 0.2851517 0.2890643 0.2807572 0.3671898 0.2792923 0.3266622 0.2797806 0.319338 0.3012651 0.3603538 0.3017534 0.255861 0.2421827 0.2553727 0.2206982 0.2177748 0.225581 0.2187514 0.246089 0.2934589 0.2382764 0.2929706 0.2163036 0.2553727 0.2626907 0.291994 0.259761 0.2197279 0.2661086 0.3320333 0.2353467 0.3720727 0.2329053 0.3715844 0.2089794 0.3315451 0.2123974 0.3305685 0.2578078 0.3706078 0.2563429 0.4555693 0.2045848 0.4560576 0.2304639 0.4555693 0.2548781 0.4536161 0.2792923 0.4126002 0.2553664 0.4096706 0.2792923 0.4135768 0.2314405 0.4130886 0.2060497 0.4511747 0.3032182 0.4047877 0.30273 0.1909192 0.3076128 0.156251 0.3168902 0.1157234 0.3281208 0.1489267 0.2973589 0.1083991 0.3051714 0.1860363 0.2905229 0.06933638 0.3398396 0.02978534 0.3461873 0.06445353 0.3129839 0.02734392 0.3168902 0.02539079 0.2670852 0.06005897 0.2651321 0.0590824 0.2465773 0.0249025 0.2485304 0.02587907 0.2885697 0.06152382 0.2866166 0.1020514 0.2612258 0.1010749 0.2416945 0.1044929 0.2827103 0.1806652 0.2309521 0.1816418 0.2514601 0.1831066 0.2714798 0.1450204 0.2768509 0.142579 0.2563429 0.1416025 0.2363233 0.8042043 0.1332953 0.7822315 0.1127874 0.7661181 0.1210882 0.7851612 0.1337836 0.740239 0.1015568 0.7534227 0.08593172 0.6855512 0.05712295 0.7172897 0.07665431 0.7534227 0.03905642 0.7534227 0.004388213 0.8120168 0.1122991 0.8349662 0.1357367 0.8774469 0.1406196 0.8613335 0.1152288 0.7890675 0.08593172 0.8515679 0.08593172 0.5000032 0.004388213 0.5000032 0.04393929 0.5644567 0.04491585 0.5747107 0.004388213 0.6435587 0.004388213 0.6259805 0.0488221 0.9663147 0.1264593 0.9160214 0.1225531 0.9262754 0.1503853 0.9687561 0.1552681 0.9721741 0.08593172 0.9096737 0.08593172 0.7578173 0.1367133 0.7851612 0.146479 0.7280319 0.1235296 0.7524462 0.156733 0.7846729 0.1645455 0.7187545 0.146479 0.6430705 0.1279242 0.6831098 0.1367133 0.6962935 0.1083928 0.657719 0.0956974 0.7456102 0.1992137 0.7822315 0.2050731 0.7085006 0.1933542 0.7485399 0.1777292 0.7124069 0.1704049 0.7836964 0.1845652 0.6704144 0.1879832 0.6298868 0.1835886 0.674809 0.1630806 0.6347696 0.156733 0.5449253 0.1777292 0.5000032 0.1772409 0.5000032 0.1162053 0.5000032 0.1479439 0.5468785 0.1489204 0.5502964 0.1176702 0.5918006 0.1518501 0.5986366 0.1210882 0.5878943 0.1796823 0.5561559 0.08300203 0.5000032 0.08153719 0.6093789 0.08739656 0.8134817 0.1518501 0.8471733 0.156733 0.8877009 0.1630806 0.853521 0.1767526 0.8935603 0.1835886 0.817388 0.1708932 0.9326231 0.172358 0.9711975 0.1772409 0.9370176 0.1918894 0.9726624 0.196284 0.9741272 0.2314405 0.9399474 0.2285107 0.9741272 0.2138622 0.9389708 0.2104442 0.8984432 0.2221631 0.8969783 0.20312 0.8193411 0.2104442 0.8193411 0.1904246 0.856939 0.1967723 0.8579156 0.2163036 0.2333999 0.1210882 0.2172865 0.1127874 0.1953137 0.1332953 0.2143568 0.1337836 0.259279 0.1015568 0.2460953 0.08593172 0.2460953 0.03905642 0.2822284 0.07665431 0.3139668 0.05712295 0.2460953 0.004388213 0.1220711 0.1406196 0.1645518 0.1357367 0.1875012 0.1122991 0.1381845 0.1152288 0.2109388 0.08593172 0.1484384 0.08593172 0.4350613 0.04491585 0.4248074 0.004388213 0.3735375 0.0488221 0.3559593 0.004388213 0.07324265 0.1503853 0.08349662 0.1225531 0.03320333 0.1264593 0.03076191 0.1552681 0.08984432 0.08593172 0.02734392 0.08593172 0.2417007 0.1367133 0.2143568 0.146479 0.2714861 0.1235296 0.2470719 0.156733 0.2148451 0.1645455 0.2807635 0.146479 0.3032246 0.1083928 0.3164082 0.1367133 0.3564476 0.1279242 0.341799 0.0956974 0.2539079 0.1992137 0.2172865 0.2050731 0.2910175 0.1933542 0.2871112 0.1704049 0.2509781 0.1777292 0.2158217 0.1845652 0.3696312 0.1835886 0.3291036 0.1879832 0.3247091 0.1630806 0.3647484 0.156733 0.4545927 0.1777292 0.4526396 0.1489204 0.4492216 0.1176702 0.4077174 0.1518501 0.4008814 0.1210882 0.4116237 0.1796823 0.4433622 0.08300203 0.3901392 0.08739656 0.1860363 0.1518501 0.1523447 0.156733 0.1118171 0.1630806 0.145997 0.1767526 0.1059577 0.1835886 0.1821301 0.1708932 0.02832049 0.1772409 0.06689496 0.172358 0.02685564 0.196284 0.06250039 0.1918894 0.05957069 0.2285107 0.02539079 0.2314405 0.06054726 0.2104442 0.02539079 0.2138622 0.1010749 0.2221631 0.1025397 0.20312 0.1801769 0.2104442 0.1801769 0.1904246 0.142579 0.1967723 0.1416025 0.2163036 0.00341799 0.2499952 0.00341799 0.2670852 0.00341799 0.2875931 0.00341799 0.3183551 0.00341799 0.349117 0.00341799 0.3823203 0.00341799 0.4199182 0.00341799 0.4726529 0.03271505 0.4726529 0.1572276 0.4726529 0.285158 0.4726529 0.3837915 0.4726529 0.5000032 0.4726529 0.6157265 0.4726529 0.71436 0.4726529 0.8422905 0.4726529 0.966803 0.4726529 0.9961001 0.4726529 0.9961001 0.4199182 0.9961001 0.3823203 0.9961001 0.349117 0.9961001 0.3183551 0.9961001 0.2875931 0.9961001 0.2670852 0.9961001 0.2499952 0.9961001 0.2329053 0.9961001 0.2163036 0.9961001 0.1992137 0.9961001 0.1816354 0.9961001 0.1616158 0.9961001 0.1332953 0.9961001 0.08593172 0.00341799 0.08593172 0.00341799 0.1332953 0.00341799 0.1616158 0.00341799 0.1816354 0.00341799 0.1992137 0.00341799 0.2163036 0.00341799 0.2329053</float_array>
                    <technique_common>
                        <accessor count="408" offset="0" source="Object_3-geometry-TEXCOORD-array" stride="2">
                            <param name="S" type="float" />
                            <param name="T" type="float" />
                        </accessor>
                    </technique_common>
                </source>
                <vertices id="Object_3-vertices">
                    <input semantic="POSITION" source="#Object_3-geometry-POSITION" />
                </vertices>
                <triangles count="756" material="BodyB">
                    <input semantic="VERTEX" source="#Object_3-vertices" offset="0" set="0" />
                    <input semantic="NORMAL" source="#Object_3-geometry-NORMAL" offset="1" set="0" />
                    <input semantic="TEXCOORD" source="#Object_3-geometry-TEXCOORD" offset="2" set="0" />
                    <p>2 2 2 1 1 1 0 0 0 3 3 3 2 2 2 0 0 0 4 4 4 0 0 0 1 1 1 5 5 5 4 4 4 1 1 1 5 5 5 6 6 6 4 4 4 6 6 6 7 7 7 4 4 4 8 8 8 7 7 7 6 6 6 9 9 9 8 8 8 6 6 6 12 12 12 6 6 6 5 5 5 6 6 6 12 12 12 9 9 9 15 15 15 12 12 12 5 5 5 12 12 12 15 15 15 14 14 14 11 11 11 12 12 12 14 14 14 12 12 12 11 11 11 10 10 10 13 13 13 12 12 12 10 10 10 12 12 12 13 13 13 9 9 9 18 18 18 1 1 1 2 2 2 18 18 18 15 15 15 5 5 5 1 1 1 18 18 18 5 5 5 15 15 15 18 18 18 14 14 14 17 17 17 18 18 18 2 2 2 18 18 18 17 17 17 16 16 16 19 19 19 18 18 18 16 16 16 18 18 18 19 19 19 14 14 14 28 28 28 13 13 13 10 10 10 13 13 13 28 28 28 9 9 9 29 29 29 28 28 28 10 10 10 28 28 28 30 30 30 9 9 9 9 9 9 30 30 30 8 8 8 30 30 30 28 28 28 23 23 23 28 28 28 24 24 24 23 23 23 23 23 23 24 24 24 22 22 22 23 23 23 22 22 22 20 20 20 22 22 22 21 21 21 20 20 20 24 24 24 25 25 25 22 22 22 26 26 26 25 25 25 24 24 24 27 27 27 26 26 26 24 24 24 28 28 28 29 29 29 27 27 27 24 24 24 28 28 28 27 27 27 30 30 30 31 31 31 8 8 8 31 31 31 30 30 30 23 23 23 20 20 20 31 31 31 23 23 23 10 10 10 36 36 36 29 29 29 36 36 36 37 37 37 29 29 29 27 27 27 29 29 29 37 37 37 38 38 38 37 37 37 36 36 36 39 39 39 38 38 38 36 36 36 37 37 37 38 38 38 34 34 34 34 34 34 27 27 27 37 37 37 26 26 26 27 27 27 34 34 34 38 38 38 33 33 33 34 34 34 34 34 34 33 33 33 32 32 32 35 35 35 34 34 34 32 32 32 35 35 35 26 26 26 34 34 34 14 14 14 19 19 19 41 41 41 40 40 40 41 41 41 19 19 19 42 42 42 41 41 41 40 40 40 43 43 43 42 42 42 40 40 40 41 41 41 42 42 42 44 44 44 44 44 44 14 14 14 41 41 41 42 42 42 45 45 45 44 44 44 16 16 16 40 40 40 19 19 19 10 10 10 11 11 11 36 36 36 11 11 11 46 46 46 36 36 36 46 46 46 11 11 11 14 14 14 44 44 44 46 46 46 14 14 14 47 47 47 46 46 46 44 44 44 45 45 45 47 47 47 44 44 44 47 47 47 39 39 39 36 36 36 46 46 46 47 47 47 36 36 36 87 87 87 31 31 31 20 20 20 31 31 31 87 87 87 57 57 57 8 8 8 31 31 31 57 57 57 8 8 8 57 57 57 7 7 7 57 57 57 54 54 54 7 7 7 57 57 57 56 56 56 54 54 54 57 57 57 87 87 87 56 56 56 56 56 56 55 55 55 54 54 54 54 54 54 55 55 55 53 53 53 50 50 50 54 54 54 53 53 53 7 7 7 54 54 54 50 50 50 50 50 50 53 53 53 48 48 48 50 50 50 48 48 48 0 0 0 3 3 3 0 0 0 48 48 48 49 49 49 3 3 3 48 48 48 4 4 4 50 50 50 0 0 0 4 4 4 7 7 7 50 50 50 49 49 49 48 48 48 51 51 51 53 53 53 51 51 51 48 48 48 52 52 52 49 49 49 51 51 51 71 71 71 55 55 55 56 56 56 55 55 55 71 71 71 53 53 53 72 72 72 71 71 71 56 56 56 71 71 71 64 64 64 53 53 53 63 63 63 64 64 64 71 71 71 65 65 65 64 64 64 63 63 63 51 51 51 65 65 65 52 52 52 65 65 65 51 51 51 53 53 53 64 64 64 65 65 65 53 53 53 60 60 60 65 65 65 63 63 63 60 60 60 63 63 63 62 62 62 59 59 59 60 60 60 62 62 62 60 60 60 59 59 59 58 58 58 61 61 61 60 60 60 58 58 58 66 66 66 65 65 65 60 60 60 61 61 61 66 66 66 60 60 60 65 65 65 66 66 66 52 52 52 63 63 63 69 69 69 62 62 62 69 69 69 63 63 63 71 71 71 69 69 69 70 70 70 62 62 62 70 70 70 69 69 69 67 67 67 69 69 69 68 68 68 67 67 67 68 68 68 69 69 69 71 71 71 72 72 72 68 68 68 71 71 71 81 81 81 72 72 72 56 56 56 72 72 72 81 81 81 68 68 68 82 82 82 81 81 81 56 56 56 81 81 81 82 82 82 80 80 80 77 77 77 81 81 81 80 80 80 80 80 80 79 79 79 77 77 77 79 79 79 78 78 78 77 77 77 77 77 77 78 78 78 73 73 73 74 74 74 77 77 77 73 73 73 75 75 75 74 74 74 73 73 73 76 76 76 75 75 75 73 73 73 68 68 68 84 84 84 67 67 67 84 84 84 74 74 74 75 75 75 77 77 77 74 74 74 84 84 84 81 81 81 77 77 77 84 84 84 81 81 81 84 84 84 68 68 68 84 84 84 83 83 83 67 67 67 83 83 83 84 84 84 75 75 75 87 87 87 82 82 82 56 56 56 80 80 80 82 82 82 87 87 87 85 85 85 80 80 80 87 87 87 79 79 79 80 80 80 85 85 85 85 85 85 87 87 87 20 20 20 85 85 85 20 20 20 21 21 21 86 86 86 85 85 85 21 21 21 86 86 86 79 79 79 85 85 85 76 76 76 73 73 73 180 180 180 73 73 73 181 181 181 180 180 180 182 182 182 78 78 78 79 79 79 73 73 73 78 78 78 182 182 182 181 181 181 73 73 73 182 182 182 183 183 183 182 182 182 79 79 79 182 182 182 183 183 183 184 184 184 183 183 183 185 185 185 184 184 184 185 185 185 161 161 161 184 184 184 161 161 161 179 179 179 184 184 184 179 179 179 161 161 161 178 178 178 161 161 161 162 162 162 178 178 178 163 163 163 162 162 162 161 161 161 164 164 164 163 163 163 161 161 161 160 160 160 162 162 162 163 163 163 162 162 162 160 160 160 178 178 178 157 157 157 160 160 160 163 163 163 157 157 157 155 155 155 160 160 160 115 115 115 155 155 155 157 157 157 155 155 155 115 115 115 116 116 116 116 116 116 115 115 115 113 113 113 115 115 115 114 114 114 113 113 113 114 114 114 115 115 115 117 117 117 117 117 117 115 115 115 157 157 157 118 118 118 114 114 114 117 117 117 118 118 118 117 117 117 121 121 121 117 117 117 120 120 120 121 121 121 120 120 120 163 163 163 164 164 164 157 157 157 163 163 163 120 120 120 117 117 117 157 157 157 120 120 120 121 121 121 120 120 120 119 119 119 119 119 119 120 120 120 164 164 164 122 122 122 121 121 121 119 119 119 118 118 118 121 121 121 123 123 123 121 121 121 122 122 122 123 123 123 127 127 127 118 118 118 123 123 123 128 128 128 127 127 127 123 123 123 124 124 124 128 128 128 123 123 123 125 125 125 124 124 124 123 123 123 126 126 126 125 125 125 123 123 123 122 122 122 126 126 126 123 123 123 113 113 113 114 114 114 129 129 129 118 118 118 127 127 127 129 129 129 114 114 114 118 118 118 129 129 129 127 127 127 128 128 128 129 129 129 130 130 130 113 113 113 129 129 129 131 131 131 130 130 130 129 129 129 132 132 132 131 131 131 129 129 129 128 128 128 132 132 132 129 129 129 125 125 125 126 126 126 137 137 137 126 126 126 122 122 122 137 137 137 138 138 138 125 125 125 137 137 137 122 122 122 139 139 139 137 137 137 122 122 122 119 119 119 139 139 139 139 139 139 134 134 134 137 137 137 134 134 134 135 135 135 137 137 137 134 134 134 22 22 22 135 135 135 134 134 134 133 133 133 22 22 22 133 133 133 21 21 21 22 22 22 22 22 22 25 25 25 135 135 135 135 135 135 25 25 25 26 26 26 136 136 136 135 135 135 26 26 26 136 136 136 138 138 138 137 137 137 135 135 135 136 136 136 137 137 137 119 119 119 140 140 140 139 139 139 134 134 134 139 139 139 140 140 140 133 133 133 134 134 134 140 140 140 125 125 125 138 138 138 145 145 145 138 138 138 144 144 144 145 145 145 144 144 144 138 138 138 136 136 136 145 145 145 144 144 144 143 143 143 146 146 146 145 145 145 143 143 143 144 144 144 141 141 141 143 143 143 141 141 141 144 144 144 136 136 136 141 141 141 136 136 136 26 26 26 141 141 141 142 142 142 143 143 143 32 32 32 142 142 142 141 141 141 35 35 35 32 32 32 141 141 141 35 35 35 141 141 141 26 26 26 148 148 148 132 132 132 128 128 128 132 132 132 148 148 148 149 149 149 149 149 149 148 148 148 147 147 147 150 150 150 149 149 149 147 147 147 148 148 148 152 152 152 147 147 147 152 152 152 148 148 148 128 128 128 152 152 152 151 151 151 147 147 147 131 131 131 132 132 132 149 149 149 125 125 125 145 145 145 124 124 124 145 145 145 153 153 153 124 124 124 128 128 128 124 124 124 153 153 153 152 152 152 128 128 128 153 153 153 152 152 152 153 153 153 154 154 154 151 151 151 152 152 152 154 154 154 145 145 145 146 146 146 154 154 154 153 153 153 145 145 145 154 154 154 133 133 133 140 140 140 189 189 189 164 164 164 189 189 189 140 140 140 119 119 119 164 164 164 140 140 140 188 188 188 133 133 133 189 189 189 21 21 21 133 133 133 188 188 188 86 86 86 21 21 21 188 188 188 164 164 164 161 161 161 189 189 189 161 161 161 185 185 185 189 189 189 189 189 189 185 185 185 183 183 183 188 188 188 189 189 189 183 183 183 188 188 188 183 183 183 79 79 79 86 86 86 188 188 188 79 79 79 149 149 149 150 150 150 196 196 196 150 150 150 197 197 197 196 196 196 196 196 196 197 197 197 198 198 198 197 197 197 199 199 199 198 198 198 196 196 196 198 198 198 192 192 192 196 196 196 192 192 192 149 149 149 198 198 198 194 194 194 192 192 192 194 194 194 193 193 193 192 192 192 193 193 193 191 191 191 192 192 192 192 192 192 191 191 191 131 131 131 192 192 192 131 131 131 149 149 149 191 191 191 130 130 130 131 131 131 113 113 113 130 130 130 191 191 191 190 190 190 113 113 113 191 191 191 116 116 116 113 113 113 190 190 190 156 156 156 116 116 116 190 190 190 156 156 156 155 155 155 116 116 116 158 158 158 155 155 155 156 156 156 159 159 159 158 158 158 156 156 156 156 156 156 190 190 190 159 159 159 155 155 155 158 158 158 160 160 160 158 158 158 159 159 159 171 171 171 160 160 160 158 158 158 171 171 171 159 159 159 173 173 173 171 171 171 165 165 165 171 171 171 173 173 173 165 165 165 169 169 169 171 171 171 170 170 170 169 169 169 165 165 165 166 166 166 170 170 170 165 165 165 167 167 167 166 166 166 165 165 165 168 168 168 167 167 167 165 165 165 168 168 168 165 165 165 173 173 173 169 169 169 172 172 172 171 171 171 172 172 172 160 160 160 171 171 171 169 169 169 170 170 170 174 174 174 170 170 170 177 177 177 174 174 174 177 177 177 176 176 176 174 174 174 176 176 176 175 175 175 174 174 174 160 160 160 172 172 172 178 178 178 178 178 178 172 172 172 169 169 169 174 174 174 178 178 178 169 169 169 178 178 178 174 174 174 175 175 175 179 179 179 178 178 178 175 175 175 175 175 175 176 176 176 186 186 186 176 176 176 187 187 187 186 186 186 187 187 187 180 180 180 186 186 186 180 180 180 181 181 181 186 186 186 186 186 186 181 181 181 182 182 182 184 184 184 186 186 186 182 182 182 175 175 175 186 186 186 184 184 184 179 179 179 175 175 175 184 184 184 190 190 190 195 195 195 159 159 159 159 159 159 195 195 195 173 173 173 190 190 190 191 191 191 195 195 195 191 191 191 193 193 193 195 195 195 167 167 167 168 168 168 209 209 209 168 168 168 210 210 210 209 209 209 195 195 195 211 211 211 173 173 173 168 168 168 173 173 173 211 211 211 210 210 210 168 168 168 211 211 211 195 195 195 193 193 193 212 212 212 211 211 211 195 195 195 212 212 212 193 193 193 194 194 194 212 212 212 194 194 194 208 208 208 212 212 212 194 194 194 198 198 198 208 208 208 198 198 198 205 205 205 208 208 208 206 206 206 208 208 208 205 205 205 208 208 208 206 206 206 212 212 212 201 201 201 206 206 206 205 205 205 201 201 201 205 205 205 204 204 204 205 205 205 198 198 198 204 204 204 200 200 200 201 201 201 204 204 204 202 202 202 201 201 201 200 200 200 206 206 206 201 201 201 202 202 202 203 203 203 202 202 202 200 200 200 207 207 207 206 206 206 202 202 202 198 198 198 199 199 199 204 204 204 206 206 206 207 207 207 213 213 213 209 209 209 210 210 210 213 213 213 213 213 213 210 210 210 211 211 211 212 212 212 213 213 213 211 211 211 206 206 206 213 213 213 212 212 212 207 207 207 214 214 214 213 213 213 214 214 214 209 209 209 213 213 213 203 203 203 360 360 360 202 202 202 360 360 360 359 359 359 202 202 202 360 360 360 362 362 362 359 359 359 362 362 362 361 361 361 359 359 359 202 202 202 359 359 359 363 363 363 207 207 207 202 202 202 363 363 363 359 359 359 361 361 361 363 363 363 361 361 361 364 364 364 363 363 363 364 364 364 361 361 361 358 358 358 361 361 361 362 362 362 358 358 358 353 353 353 364 364 364 358 358 358 351 351 351 353 353 353 358 358 358 353 353 353 351 351 351 352 352 352 351 351 351 350 350 350 352 352 352 351 351 351 305 305 305 350 350 350 305 305 305 306 306 306 350 350 350 307 307 307 306 306 306 305 305 305 308 308 308 307 307 307 305 305 305 306 306 306 307 307 307 297 297 297 350 350 350 306 306 306 297 297 297 307 307 307 296 296 296 297 297 297 297 297 297 296 296 296 295 295 295 298 298 298 297 297 297 295 295 295 299 299 299 295 295 295 296 296 296 300 300 300 299 299 299 296 296 296 296 296 296 307 307 307 300 300 300 300 300 300 301 301 301 299 299 299 301 301 301 302 302 302 299 299 299 303 303 303 302 302 302 301 301 301 304 304 304 303 303 303 301 301 301 307 307 307 309 309 309 300 300 300 307 307 307 308 308 308 310 310 310 309 309 309 307 307 307 310 310 310 304 304 304 314 314 314 303 303 303 314 314 314 313 313 313 303 303 303 313 313 313 314 314 314 312 312 312 311 311 311 313 313 313 312 312 312 312 312 312 231 231 231 311 311 311 231 231 231 232 232 232 311 311 311 233 233 233 232 232 232 231 231 231 234 234 234 233 233 233 231 231 231 233 233 233 234 234 234 236 236 236 234 234 234 235 235 235 236 236 236 221 221 221 236 236 236 235 235 235 224 224 224 221 221 221 235 235 235 224 224 224 223 223 223 221 221 221 223 223 223 222 222 222 221 221 221 219 219 219 222 222 222 223 223 223 220 220 220 219 219 219 223 223 223 220 220 220 216 216 216 219 219 219 216 216 216 217 217 217 219 219 219 217 217 217 216 216 216 215 215 215 218 218 218 217 217 217 215 215 215 215 215 215 216 216 216 225 225 225 216 216 216 220 220 220 225 225 225 226 226 226 215 215 215 225 225 225 227 227 227 226 226 226 225 225 225 228 228 228 227 227 227 225 225 225 220 220 220 229 229 229 225 225 225 230 230 230 228 228 228 225 225 225 229 229 229 230 230 230 225 225 225 227 227 227 228 228 228 239 239 239 228 228 228 238 238 238 239 239 239 238 238 238 228 228 228 230 230 230 239 239 239 238 238 238 237 237 237 240 240 240 239 239 239 237 237 237 238 238 238 242 242 242 237 237 237 242 242 242 238 238 238 230 230 230 242 242 242 241 241 241 237 237 237 243 243 243 217 217 217 218 218 218 244 244 244 243 243 243 218 218 218 217 217 217 243 243 243 245 245 245 219 219 219 217 217 217 245 245 245 219 219 219 245 245 245 222 222 222 246 246 246 243 243 243 244 244 244 247 247 247 246 246 246 244 244 244 243 243 243 246 246 246 248 248 248 245 245 245 243 243 243 248 248 248 245 245 245 248 248 248 251 251 251 245 245 245 251 251 251 222 222 222 248 248 248 250 250 250 251 251 251 251 251 251 250 250 250 249 249 249 252 252 252 251 251 251 249 249 249 222 222 222 251 251 251 252 252 252 221 221 221 222 222 222 252 252 252 249 249 249 250 250 250 261 261 261 250 250 250 248 248 248 261 261 261 262 262 262 249 249 249 261 261 261 248 248 248 257 257 257 261 261 261 261 261 261 257 257 257 255 255 255 255 255 255 257 257 257 256 256 256 246 246 246 247 247 247 256 256 256 248 248 248 246 246 246 256 256 256 257 257 257 248 248 248 256 256 256 253 253 253 255 255 255 256 256 256 62 62 62 255 255 255 253 253 253 59 59 59 62 62 62 253 253 253 58 58 58 59 59 59 253 253 253 254 254 254 58 58 58 253 253 253 253 253 253 256 256 256 258 258 258 254 254 254 253 253 253 258 258 258 247 247 247 258 258 258 256 256 256 255 255 255 62 62 62 259 259 259 259 259 259 261 261 261 255 255 255 62 62 62 70 70 70 259 259 259 70 70 70 67 67 67 259 259 259 67 67 67 260 260 260 259 259 259 261 261 261 259 259 259 260 260 260 262 262 262 261 261 261 260 260 260 249 249 249 262 262 262 269 269 269 262 262 262 260 260 260 269 269 269 270 270 270 249 249 249 269 269 269 268 268 268 270 270 270 269 269 269 267 267 267 268 268 268 269 269 269 268 268 268 267 267 267 265 265 265 267 267 267 266 266 266 265 265 265 264 264 264 266 266 266 267 267 267 263 263 263 264 264 264 267 267 267 264 264 264 263 263 263 75 75 75 76 76 76 264 264 264 75 75 75 260 260 260 67 67 67 271 271 271 75 75 75 263 263 263 271 271 271 271 271 271 263 263 263 267 267 267 269 269 269 271 271 271 267 267 267 260 260 260 271 271 271 269 269 269 67 67 67 83 83 83 271 271 271 83 83 83 75 75 75 271 271 271 249 249 249 270 270 270 274 274 274 274 274 274 270 270 270 268 268 268 252 252 252 249 249 249 274 274 274 252 252 252 274 274 274 236 236 236 221 221 221 252 252 252 236 236 236 233 233 233 236 236 236 274 274 274 272 272 272 233 233 233 274 274 274 272 272 272 274 274 274 268 268 268 272 272 272 268 268 268 265 265 265 232 232 232 233 233 233 272 272 272 273 273 273 232 232 232 272 272 272 273 273 273 272 272 272 265 265 265 76 76 76 180 180 180 264 264 264 180 180 180 341 341 341 264 264 264 265 265 265 266 266 266 342 342 342 342 342 342 266 266 266 264 264 264 341 341 341 342 342 342 264 264 264 343 343 343 265 265 265 342 342 342 342 342 342 344 344 344 343 343 343 344 344 344 345 345 345 343 343 343 345 345 345 344 344 344 329 329 329 344 344 344 340 340 340 329 329 329 340 340 340 339 339 339 329 329 329 339 339 339 328 328 328 329 329 329 329 329 329 328 328 328 327 327 327 330 330 330 329 329 329 327 327 327 327 327 327 328 328 328 326 326 326 328 328 328 339 339 339 326 326 326 323 323 323 327 327 327 326 326 326 323 323 323 326 326 326 321 321 321 323 323 323 321 321 321 295 295 295 298 298 298 295 295 295 321 321 321 322 322 322 298 298 298 321 321 321 299 299 299 323 323 323 295 295 295 322 322 322 321 321 321 324 324 324 326 326 326 324 324 324 321 321 321 325 325 325 322 322 322 324 324 324 330 330 330 327 327 327 302 302 302 302 302 302 327 327 327 323 323 323 299 299 299 302 302 302 323 323 323 303 303 303 330 330 330 302 302 302 339 339 339 334 334 334 326 326 326 333 333 333 334 334 334 339 339 339 335 335 335 334 334 334 333 333 333 324 324 324 335 335 335 325 325 325 335 335 335 324 324 324 326 326 326 334 334 334 335 335 335 326 326 326 331 331 331 335 335 335 333 333 333 331 331 331 333 333 333 170 170 170 166 166 166 331 331 331 170 170 170 331 331 331 166 166 166 167 167 167 332 332 332 331 331 331 167 167 167 336 336 336 335 335 335 331 331 331 332 332 332 336 336 336 331 331 331 335 335 335 336 336 336 325 325 325 333 333 333 338 338 338 170 170 170 338 338 338 333 333 333 339 339 339 338 338 338 177 177 177 170 170 170 177 177 177 338 338 338 176 176 176 338 338 338 337 337 337 176 176 176 337 337 337 338 338 338 339 339 339 340 340 340 337 337 337 339 339 339 337 337 337 346 346 346 176 176 176 346 346 346 187 187 187 176 176 176 187 187 187 346 346 346 180 180 180 346 346 346 341 341 341 180 180 180 342 342 342 341 341 341 346 346 346 344 344 344 342 342 342 346 346 346 344 344 344 346 346 346 337 337 337 340 340 340 344 344 344 337 337 337 303 303 303 313 313 313 330 330 330 313 313 313 348 348 348 330 330 330 348 348 348 313 313 313 311 311 311 347 347 347 348 348 348 311 311 311 347 347 347 311 311 311 232 232 232 273 273 273 347 347 347 232 232 232 330 330 330 348 348 348 329 329 329 348 348 348 345 345 345 329 329 329 343 343 343 345 345 345 348 348 348 347 347 347 343 343 343 348 348 348 265 265 265 343 343 343 347 347 347 273 273 273 265 265 265 347 347 347 88 88 88 2 2 2 3 3 3 49 49 49 88 88 88 3 3 3 88 88 88 89 89 89 2 2 2 89 89 89 17 17 17 2 2 2 16 16 16 17 17 17 89 89 89 90 90 90 16 16 16 89 89 89 90 90 90 89 89 89 91 91 91 92 92 92 90 90 90 91 91 91 93 93 93 91 91 91 89 89 89 88 88 88 93 93 93 89 89 89 52 52 52 93 93 93 88 88 88 49 49 49 52 52 52 88 88 88 90 90 90 92 92 92 97 97 97 95 95 95 90 90 90 97 97 97 95 95 95 97 97 97 94 94 94 95 95 95 94 94 94 43 43 43 40 40 40 95 95 95 43 43 43 40 40 40 16 16 16 90 90 90 95 95 95 40 40 40 90 90 90 97 97 97 96 96 96 94 94 94 92 92 92 106 106 106 97 97 97 106 106 106 102 102 102 97 97 97 102 102 102 106 106 106 104 104 104 99 99 99 102 102 102 104 104 104 103 103 103 102 102 102 99 99 99 103 103 103 96 96 96 97 97 97 102 102 102 103 103 103 97 97 97 100 100 100 103 103 103 99 99 99 100 100 100 99 99 99 98 98 98 98 98 98 99 99 99 104 104 104 101 101 101 100 100 100 98 98 98 105 105 105 98 98 98 104 104 104 52 52 52 66 66 66 93 93 93 66 66 66 109 109 109 93 93 93 109 109 109 66 66 66 61 61 61 107 107 107 109 109 109 61 61 61 108 108 108 107 107 107 61 61 61 58 58 58 108 108 108 61 61 61 110 110 110 106 106 106 92 92 92 109 109 109 110 110 110 93 93 93 106 106 106 110 110 110 104 104 104 91 91 91 110 110 110 92 92 92 110 110 110 91 91 91 93 93 93 104 104 104 112 112 112 105 105 105 112 112 112 107 107 107 108 108 108 109 109 109 107 107 107 112 112 112 110 110 110 109 109 109 112 112 112 110 110 110 112 112 112 104 104 104 112 112 112 111 111 111 105 105 105 111 111 111 112 112 112 108 108 108 101 101 101 98 98 98 285 285 285 98 98 98 286 286 286 285 285 285 285 285 285 286 286 286 287 287 287 286 286 286 288 288 288 287 287 287 289 289 289 286 286 286 98 98 98 105 105 105 289 289 289 98 98 98 286 286 286 289 289 289 288 288 288 289 289 289 290 290 290 288 288 288 283 283 283 288 288 288 290 290 290 288 288 288 283 283 283 287 287 287 279 279 279 283 283 283 290 290 290 283 283 283 279 279 279 277 277 277 279 279 279 278 278 278 277 277 277 278 278 278 276 276 276 277 277 277 277 277 277 276 276 276 227 227 227 276 276 276 226 226 226 227 227 227 215 215 215 226 226 226 276 276 276 275 275 275 215 215 215 276 276 276 218 218 218 215 215 215 275 275 275 244 244 244 218 218 218 275 275 275 276 276 276 278 278 278 280 280 280 275 275 275 276 276 276 280 280 280 275 275 275 280 280 280 247 247 247 244 244 244 275 275 275 247 247 247 281 281 281 283 283 283 277 277 277 281 281 281 282 282 282 283 283 283 240 240 240 282 282 282 281 281 281 239 239 239 240 240 240 281 281 281 277 277 277 227 227 227 239 239 239 281 281 281 277 277 277 239 239 239 282 282 282 284 284 284 283 283 283 283 283 283 284 284 284 287 287 287 247 247 247 280 280 280 258 258 258 280 280 280 292 292 292 258 258 258 254 254 254 258 258 258 292 292 292 291 291 291 254 254 254 292 292 292 254 254 254 291 291 291 108 108 108 58 58 58 254 254 254 108 108 108 279 279 279 290 290 290 293 293 293 278 278 278 279 279 279 293 293 293 280 280 280 278 278 278 293 293 293 292 292 292 280 280 280 293 293 293 108 108 108 291 291 291 294 294 294 294 294 294 291 291 291 292 292 292 293 293 293 294 294 294 292 292 292 111 111 111 108 108 108 294 294 294 105 105 105 111 111 111 294 294 294 289 289 289 105 105 105 294 294 294 289 289 289 294 294 294 293 293 293 290 290 290 289 289 289 293 293 293 284 284 284 396 396 396 287 287 287 396 396 396 284 284 284 282 282 282 396 396 396 395 395 395 287 287 287 395 395 395 394 394 394 287 287 287 394 394 394 285 285 285 287 287 287 394 394 394 393 393 393 285 285 285 393 393 393 101 101 101 285 285 285 393 393 393 392 392 392 101 101 101 392 392 392 100 100 100 101 101 101 392 392 392 391 391 391 100 100 100 391 391 391 103 103 103 100 100 100 103 103 103 391 391 391 390 390 390 96 96 96 103 103 103 390 390 390 390 390 390 389 389 389 96 96 96 389 389 389 94 94 94 96 96 96 389 389 389 388 388 388 94 94 94 388 388 388 43 43 43 94 94 94 388 388 388 387 387 387 43 43 43 387 387 387 42 42 42 43 43 43 42 42 42 387 387 387 386 386 386 45 45 45 42 42 42 386 386 386 386 386 386 385 385 385 45 45 45 385 385 385 47 47 47 45 45 45 47 47 47 385 385 385 384 384 384 39 39 39 47 47 47 384 384 384 384 384 384 383 383 383 39 39 39 383 383 383 38 38 38 39 39 39 38 38 38 383 383 383 382 382 382 33 33 33 38 38 38 382 382 382 382 382 382 381 381 381 33 33 33 381 381 381 32 32 32 33 33 33 381 381 381 380 380 380 32 32 32 380 380 380 142 142 142 32 32 32 142 142 142 380 380 380 143 143 143 380 380 380 379 379 379 143 143 143 379 379 379 378 378 378 143 143 143 378 378 378 146 146 146 143 143 143 146 146 146 378 378 378 154 154 154 378 378 378 377 377 377 154 154 154 377 377 377 376 376 376 154 154 154 376 376 376 151 151 151 154 154 154 151 151 151 376 376 376 147 147 147 376 376 376 375 375 375 147 147 147 375 375 375 374 374 374 147 147 147 374 374 374 150 150 150 147 147 147 374 374 374 373 373 373 150 150 150 373 373 373 197 197 197 150 150 150 373 373 373 372 372 372 197 197 197 372 372 372 199 199 199 197 197 197 199 199 199 372 372 372 204 204 204 372 372 372 371 371 371 204 204 204 371 371 371 370 370 370 204 204 204 370 370 370 200 200 200 204 204 204 370 370 370 369 369 369 200 200 200 369 369 369 203 203 203 200 200 200 369 369 369 407 407 407 203 203 203 407 407 407 360 360 360 203 203 203 407 407 407 406 406 406 360 360 360 406 406 406 362 362 362 360 360 360 362 362 362 406 406 406 405 405 405 357 357 357 362 362 362 405 405 405 362 362 362 357 357 357 358 358 358 358 358 358 357 357 357 355 355 355 356 356 356 358 358 358 355 355 355 356 356 356 355 355 355 318 318 318 315 315 315 356 356 356 318 318 318 318 318 318 317 317 317 315 315 315 317 317 317 316 316 316 315 315 315 316 316 316 317 317 317 319 319 319 317 317 317 320 320 320 319 319 319 315 315 315 316 316 316 308 308 308 305 305 305 315 315 315 308 308 308 310 310 310 308 308 308 316 316 316 319 319 319 310 310 310 316 316 316 356 356 356 351 351 351 358 358 358 315 315 315 305 305 305 351 351 351 356 356 356 315 315 315 351 351 351 320 320 320 317 317 317 401 401 401 317 317 317 402 402 402 401 401 401 402 402 402 317 317 317 318 318 318 403 403 403 402 402 402 318 318 318 403 403 403 318 318 318 355 355 355 404 404 404 403 403 403 355 355 355 404 404 404 355 355 355 357 357 357 405 405 405 404 404 404 357 357 357 349 349 349 297 297 297 298 298 298 322 322 322 349 349 349 298 298 298 349 349 349 350 350 350 297 297 297 349 349 349 354 354 354 350 350 350 354 354 354 352 352 352 350 350 350 325 325 325 354 354 354 349 349 349 322 322 322 325 325 325 349 349 349 325 325 325 336 336 336 354 354 354 336 336 336 366 366 366 354 354 354 366 366 366 336 336 336 332 332 332 365 365 365 366 366 366 332 332 332 209 209 209 365 365 365 332 332 332 167 167 167 209 209 209 332 332 332 367 367 367 352 352 352 354 354 354 366 366 366 367 367 367 354 354 354 352 352 352 367 367 367 353 353 353 367 367 367 364 364 364 353 353 353 368 368 368 365 365 365 209 209 209 366 366 366 365 365 365 368 368 368 367 367 367 366 366 366 368 368 368 214 214 214 368 368 368 209 209 209 368 368 368 214 214 214 207 207 207 363 363 363 368 368 368 207 207 207 367 367 367 368 368 368 363 363 363 364 364 364 367 367 367 363 363 363 397 397 397 396 396 396 282 282 282 397 397 397 282 282 282 240 240 240 398 398 398 397 397 397 240 240 240 398 398 398 240 240 240 237 237 237 399 399 399 398 398 398 237 237 237 400 400 400 399 399 399 237 237 237 241 241 241 400 400 400 237 237 237</p>
                </triangles>
            </mesh>
        </geometry>
        <geometry id="Object_4-geometry" name="Object_4">
            <mesh>
                <source id="Object_4-geometry-POSITION">
                    <float_array id="Object_4-geometry-POSITION-array" count="1362">-0.042403 0.773658 0.571908 -0.042266 0.776256 0.572323 -0.042756 0.777074 0.57058 -0.043052 0.775018 0.569796 -0.042403 0.773658 0.571908 -0.044182 0.775396 0.5731 -0.04384 0.777005 0.573134 -0.044249 0.773407 0.570889 -0.045743 0.775224 0.572206 -0.042403 0.773658 0.571908 -0.043052 0.775018 0.569796 -0.044763 0.7746 0.568994 -0.069612 0.806646 0.555972 -0.068902 0.809889 0.557991 -0.069612 0.806646 0.555972 -0.07096 0.803508 0.555752 -0.097907 0.836946 0.541872 -0.099877 0.832283 0.541501 -0.096909 0.841679 0.544939 -0.097907 0.836946 0.541872 -0.072162 0.807069 0.563172 -0.072802 0.804766 0.561956 -0.070884 0.809267 0.562587 -0.101796 0.837222 0.552653 -0.099891 0.840269 0.551374 -0.102728 0.834106 0.551237 -0.072212 0.80323 0.558615 -0.101786 0.831898 0.546071 -0.12997 0.862558 0.541109 -0.130984 0.85922 0.539692 -0.127883 0.865852 0.539563 -0.157662 0.884556 0.528664 -0.155574 0.887948 0.52708 -0.158698 0.881092 0.527194 -0.129933 0.856806 0.533968 -0.127828 0.857223 0.52885 -0.15768 0.878652 0.521502 -0.155441 0.879268 0.516283 -0.125684 0.862383 0.529251 -0.124611 0.867587 0.532618 -0.125684 0.862383 0.529251 -0.153303 0.884468 0.516547 -0.152233 0.889916 0.519973 -0.153303 0.884468 0.516547 -0.187135 0.899113 0.50742 -0.18423 0.899831 0.501562 -0.187908 0.901985 0.514234 -0.216472 0.915914 0.49478 -0.217972 0.919307 0.501893 -0.214333 0.916891 0.486875 -0.186902 0.905915 0.51602 -0.18458 0.909917 0.514173 -0.217242 0.923747 0.503486 -0.215158 0.928519 0.501075 -0.182009 0.906077 0.501344 -0.180748 0.912451 0.506085 -0.182009 0.906077 0.501344 -0.212001 0.924758 0.486443 -0.211383 0.932209 0.49183 -0.212001 0.924758 0.486443 -0.249587 0.938768 0.4923 -0.249665 0.9325 0.49045 -0.247777 0.945346 0.488405 -0.28322 0.947137 0.480302 -0.28509 0.958421 0.475032 -0.281827 0.941515 0.478796 -0.246969 0.92775 0.481692 -0.245525 0.930175 0.472157 -0.278866 0.936749 0.470482 -0.278423 0.938953 0.459205 -0.24474 0.940264 0.470112 -0.244804 0.950012 0.475859 -0.24474 0.940264 0.470112 -0.281648 0.952326 0.454644 -0.284328 0.966451 0.458656 -0.281648 0.952326 0.454644 -0.373272 0.928237 0.450318 -0.372947 0.92814 0.450715 -0.373255 0.927699 0.450751 -0.374063 0.92753 0.450059 -0.372927 0.927415 0.450671 -0.373083 0.927175 0.450273 -0.069562 0.810485 0.560528 -0.097916 0.84227 0.548454 -0.12572 0.86813 0.536398 -0.153365 0.89042 0.523792 -0.182028 0.912923 0.509944 -0.212686 0.932524 0.496608 -0.246371 0.950643 0.482236 -0.285436 0.967222 0.467125 -0.308534 0.944163 0.473915 -0.307819 0.938598 0.473116 -0.307996 0.951931 0.470488 -0.328177 0.939148 0.46657 -0.327619 0.944626 0.464621 -0.327459 0.935059 0.466194 -0.307261 0.956547 0.463842 -0.326052 0.948595 0.459891 -0.305751 0.956314 0.456812 -0.325169 0.948256 0.455 -0.303351 0.947004 0.452328 -0.323582 0.941251 0.451416 -0.303351 0.947004 0.452328 -0.303031 0.936478 0.455436 -0.323582 0.941251 0.451416 -0.322773 0.933933 0.45385 -0.304912 0.934287 0.46433 -0.325113 0.93226 0.459971 -0.340201 0.930508 0.456838 -0.339466 0.931685 0.452608 -0.341319 0.932566 0.460881 -0.351274 0.929481 0.454466 -0.351975 0.930833 0.457281 -0.350864 0.930088 0.451458 -0.341747 0.93563 0.461238 -0.3523 0.932971 0.457511 -0.341601 0.939066 0.459356 -0.352403 0.935324 0.456094 -0.3416 0.941819 0.456398 -0.35245 0.937321 0.454081 -0.341144 0.941787 0.453282 -0.352178 0.937357 0.45203 -0.339922 0.936825 0.451044 -0.351409 0.93383 0.45092 -0.339922 0.936825 0.451044 -0.351409 0.93383 0.45092 -0.367366 0.927954 0.450242 -0.367591 0.927762 0.451245 -0.36815 0.92894 0.452314 -0.367961 0.92824 0.452171 -0.368037 0.930442 0.451137 -0.368195 0.929701 0.451888 -0.367656 0.929224 0.45004 -0.36803 0.930434 0.450406 -0.373329 0.92824 0.449959 -0.3731 0.927713 0.44984 -0.367656 0.929224 0.45004 -0.3731 0.927713 0.44984 -0.372538 0.927363 0.450009 -0.374063 0.92753 0.450059 -0.374063 0.92753 0.450059 0.043226 0.767646 0.573737 0.042748 0.766808 0.575474 0.042997 0.764218 0.575061 0.043616 0.765604 0.572957 0.044279 0.767622 0.576304 0.044688 0.766028 0.576276 0.042997 0.764218 0.575061 0.046266 0.765921 0.575401 0.044865 0.764044 0.574066 0.045353 0.765257 0.572178 0.043616 0.765604 0.572957 0.042997 0.764218 0.575061 0.069684 0.798262 0.562945 0.06891 0.801122 0.564734 0.071001 0.79552 0.562766 0.069684 0.798262 0.562945 0.10028 0.825982 0.547364 0.098213 0.83035 0.547693 0.097039 0.834822 0.550606 0.098213 0.83035 0.547693 0.071857 0.798732 0.569385 0.072525 0.796706 0.568311 0.070645 0.80064 0.56885 0.09986 0.833595 0.556781 0.101781 0.830765 0.558025 0.102809 0.827831 0.556687 0.072094 0.795318 0.56533 0.102061 0.825689 0.551747 0.128957 0.856474 0.546037 0.130065 0.853351 0.544706 0.126869 0.859513 0.544545 0.154387 0.884964 0.530803 0.156551 0.881724 0.532385 0.157725 0.878371 0.530957 0.129232 0.851023 0.539267 0.127283 0.851336 0.534388 0.156896 0.875938 0.525361 0.154741 0.876452 0.520213 0.125044 0.856141 0.534742 0.123784 0.86103 0.537919 0.125044 0.856141 0.534742 0.152432 0.881463 0.520443 0.151119 0.886759 0.52379 0.152432 0.881463 0.520443 0.18483 0.896941 0.511614 0.18244 0.897652 0.505795 0.185749 0.899579 0.517654 0.215479 0.919533 0.504312 0.214136 0.916275 0.496663 0.211868 0.917322 0.490066 0.184584 0.903384 0.519389 0.182172 0.907207 0.51755 0.212332 0.928522 0.503464 0.214556 0.923891 0.505876 0.179957 0.903347 0.505944 0.178418 0.909533 0.509664 0.179957 0.903347 0.505944 0.209535 0.924677 0.489954 0.208566 0.932015 0.494273 0.209535 0.924677 0.489954 0.244334 0.941899 0.493252 0.244999 0.936191 0.491507 0.242932 0.947962 0.490955 0.282124 0.963042 0.477128 0.28102 0.953289 0.479814 0.278798 0.945377 0.478893 0.243966 0.932387 0.482271 0.242241 0.934297 0.473849 0.275108 0.941407 0.470178 0.275391 0.943789 0.460503 0.241131 0.945376 0.472231 0.240748 0.95296 0.47802 0.241131 0.945376 0.472231 0.27703 0.958441 0.456513 0.280294 0.970928 0.460986 0.27703 0.958441 0.456513 0.370335 0.933617 0.451225 0.37126 0.932859 0.450945 0.370335 0.933012 0.451711 0.369997 0.933463 0.451664 0.370172 0.93302 0.450685 0.369556 0.932601 0.450868 0.370173 0.932415 0.451172 0.37126 0.932859 0.450945 0.069447 0.801676 0.567001 0.097933 0.835425 0.553971 0.124768 0.861588 0.541517 0.152161 0.887298 0.52755 0.179599 0.910045 0.51384 0.209781 0.932379 0.499014 0.241524 0.953285 0.484306 0.281276 0.971507 0.469195 0.302382 0.950158 0.474571 0.302355 0.944355 0.473725 0.302472 0.957378 0.471686 0.322809 0.950499 0.46507 0.323592 0.944604 0.467605 0.323038 0.94066 0.467208 0.300807 0.962862 0.464435 0.321075 0.954294 0.460454 0.299225 0.962798 0.457199 0.320296 0.953907 0.455878 0.297751 0.954762 0.453002 0.320165 0.948383 0.451846 0.298185 0.942461 0.455369 0.297751 0.954762 0.453002 0.318726 0.939233 0.453998 0.320165 0.948383 0.451846 0.300099 0.939971 0.464486 0.320953 0.937627 0.4607 0.336019 0.936135 0.45793 0.335266 0.937212 0.453165 0.337042 0.938203 0.462313 0.347527 0.936484 0.458787 0.346896 0.935191 0.455811 0.346483 0.935803 0.45273 0.337345 0.941157 0.462689 0.34777 0.938498 0.459029 0.337071 0.945165 0.460732 0.347794 0.941103 0.457559 0.336974 0.947569 0.457496 0.347769 0.943014 0.455396 0.33656 0.947518 0.45442 0.347526 0.943041 0.453337 0.335577 0.943409 0.452249 0.346895 0.939848 0.452177 0.335577 0.943409 0.452249 0.346895 0.939848 0.452177 0.363601 0.933066 0.452556 0.363328 0.933273 0.451445 0.364121 0.934444 0.453808 0.363964 0.933626 0.453646 0.364237 0.93613 0.452436 0.364282 0.935409 0.453254 0.363601 0.93473 0.451219 0.363963 0.936121 0.451639 0.370061 0.932651 0.451622 0.370404 0.933622 0.450822 0.370172 0.93302 0.450685 0.363601 0.93473 0.451219 0.37126 0.932859 0.450945 -0.02831 0.840426 0.564438 -0.030492 0.81948 0.570115 -0.035145 0.81841 0.567668 -0.032232 0.839396 0.56238 -0.024255 0.839943 0.562451 -0.02578 0.819361 0.567699 -0.026411 0.862213 0.548364 -0.024085 0.861835 0.546769 -0.029411 0.861623 0.5467 -0.040847 0.783227 0.574363 -0.039291 0.78204 0.573528 -0.040541 0.779159 0.572789 -0.041711 0.779887 0.573307 -0.038535 0.79119 0.574151 -0.03657 0.789141 0.573088 -0.042486 0.781973 0.573428 -0.040602 0.789324 0.572974 -0.042918 0.779046 0.57271 -0.024892 0.886739 0.530955 -0.026388 0.886438 0.529852 -0.024239 0.905503 0.515575 -0.023399 0.906896 0.514584 -0.023633 0.886922 0.529832 -0.02283 0.905858 0.515532 -0.02746 0.8353 0.545165 -0.02058 0.836464 0.547301 -0.021731 0.859697 0.537512 -0.026332 0.858772 0.535792 -0.029625 0.814993 0.55292 -0.022696 0.81639 0.555247 -0.036315 0.835222 0.547035 -0.038966 0.814967 0.554983 -0.032568 0.858669 0.537331 -0.040432 0.776259 0.567282 -0.038357 0.783152 0.565191 -0.041727 0.783958 0.566171 -0.042627 0.777188 0.568053 -0.037981 0.777303 0.568281 -0.035031 0.784355 0.56645 -0.04229 0.772287 0.568581 -0.038969 0.774752 0.569144 -0.04314 0.775446 0.569007 -0.024886 0.886269 0.52205 -0.021869 0.886844 0.523163 -0.027904 0.885812 0.523163 -0.023532 0.906185 0.512606 -0.024849 0.904805 0.513268 -0.02232 0.905334 0.513231 -0.035798 0.836966 0.553017 -0.038387 0.816711 0.560979 -0.032184 0.860107 0.541763 -0.028998 0.800351 0.566688 -0.02364 0.817826 0.561255 -0.022696 0.81639 0.555247 -0.028314 0.798176 0.562094 -0.030583 0.801805 0.571216 -0.035407 0.78734 0.569802 -0.035031 0.784355 0.56645 -0.042122 0.774445 0.570985 -0.039416 0.776527 0.571011 -0.038969 0.774752 0.569144 -0.04229 0.772287 0.568581 -0.043356 0.776762 0.570878 -0.04229 0.772287 0.568581 -0.03804 0.779798 0.570932 -0.037981 0.777303 0.568281 -0.04374 0.779265 0.570713 -0.042744 0.787002 0.569539 -0.023455 0.907082 0.513285 -0.024671 0.906458 0.513656 -0.023532 0.906185 0.512606 -0.02232 0.906457 0.513996 -0.02232 0.905334 0.513231 -0.027739 0.885999 0.526509 -0.022038 0.887009 0.526496 -0.021869 0.886844 0.523163 -0.022175 0.861032 0.541929 -0.021731 0.859697 0.537512 -0.034809 0.802352 0.572829 -0.038261 0.801539 0.571069 -0.033611 0.796944 0.560411 -0.028314 0.798176 0.562094 -0.0407 0.797323 0.561808 -0.040856 0.799674 0.566405 -0.021382 0.83798 0.553285 -0.02058 0.836464 0.547301 0.034842 0.818536 0.568569 0.031247 0.819622 0.571139 0.02932 0.840162 0.564943 0.032393 0.839069 0.562405 0.026788 0.81864 0.568749 0.025557 0.839498 0.562567 0.024555 0.861901 0.548234 0.027084 0.862332 0.549941 0.029409 0.861517 0.54816 0.040411 0.774499 0.572875 0.039339 0.777863 0.574249 0.040316 0.778636 0.57517 0.04146 0.774287 0.573121 0.037066 0.786022 0.574265 0.038324 0.786766 0.575528 0.040425 0.786349 0.574151 0.041741 0.778478 0.574174 0.042212 0.775065 0.57287 0.024196 0.906565 0.514748 0.026198 0.886436 0.529586 0.025041 0.886713 0.530602 0.023551 0.907489 0.514131 0.023882 0.886881 0.529568 0.022976 0.906908 0.514706 0.02147 0.859913 0.538217 0.020769 0.836108 0.547534 0.02885 0.834562 0.545863 0.026999 0.858964 0.536635 0.022473 0.815738 0.555423 0.030549 0.814562 0.554181 0.038824 0.814307 0.555122 0.036267 0.834577 0.54717 0.032215 0.858964 0.537949 0.042984 0.783707 0.567264 0.039088 0.78355 0.566867 0.041475 0.775618 0.569391 0.043846 0.775745 0.569604 0.034378 0.783848 0.567609 0.038506 0.77591 0.569674 0.040192 0.772987 0.570488 0.041952 0.771889 0.57064 0.042603 0.772926 0.570486 0.025035 0.88628 0.522014 0.022258 0.886809 0.523038 0.027886 0.88586 0.523039 0.024814 0.905084 0.512403 0.023673 0.906606 0.511661 0.022509 0.905596 0.512367 0.038181 0.816363 0.562454 0.03563 0.836856 0.555511 0.031804 0.860079 0.542879 0.022473 0.815738 0.555423 0.02364 0.817453 0.562769 0.028872 0.799067 0.567114 0.028057 0.798102 0.562423 0.03233 0.80038 0.572775 0.034678 0.784706 0.570458 0.034378 0.783848 0.567609 0.040192 0.772987 0.570488 0.040378 0.773032 0.571284 0.041909 0.77176 0.571291 0.041952 0.771889 0.57064 0.042511 0.773005 0.571319 0.041952 0.771889 0.57064 0.038208 0.776871 0.571382 0.038506 0.77591 0.569674 0.043843 0.776719 0.571286 0.042615 0.784631 0.570123 0.024667 0.906621 0.513504 0.0236 0.907915 0.512668 0.023673 0.906606 0.511661 0.022497 0.907233 0.513422 0.022509 0.905596 0.512367 0.027734 0.886032 0.526509 0.022414 0.886961 0.526496 0.022258 0.886809 0.523038 0.021946 0.860916 0.543132 0.02147 0.859913 0.538217 0.038025 0.800262 0.572619 0.034859 0.801222 0.574631 0.028057 0.798102 0.562423 0.034681 0.797265 0.561233 0.041052 0.797233 0.562043 0.040567 0.798408 0.566737 0.020769 0.836108 0.547534 0.021758 0.838108 0.555878</float_array>
                    <technique_common>
                        <accessor count="454" offset="0" source="Object_4-geometry-POSITION-array" stride="3">
                            <param name="X" type="float" />
                            <param name="Y" type="float" />
                            <param name="Z" type="float" />
                        </accessor>
                    </technique_common>
                </source>
                <source id="Object_4-geometry-NORMAL">
                    <float_array id="Object_4-geometry-NORMAL-array" count="1176">0.667026 -0.683965 0.295413 0.835916 0.373105 0.402539 0.87034 0.34203 -0.354293 0.684224 -0.148166 -0.714062 -0.155421 -0.250637 0.955524 0.283519 0.26495 0.921639 -0.388277 -0.921014 -0.031195 -0.562978 -0.580251 0.588528 0.088225 -0.635059 -0.767409 0.526403 0.106853 -0.843494 0.763917 0.535821 -0.35962 -0.145996 -0.541908 -0.82766 0.525145 0.118542 -0.842716 -0.131617 -0.563127 -0.815822 0.738989 0.575045 -0.351024 -0.33797 0.025523 0.940811 -0.694574 -0.487528 0.529041 0.184327 0.493116 0.850212 -0.310907 0.092009 0.945976 0.163536 0.538786 0.826417 -0.684416 -0.493531 0.536659 -0.68267 -0.725946 -0.083451 -0.658685 -0.749128 -0.070298 -0.311475 0.130877 0.941199 -0.663653 -0.502426 0.554196 0.120092 0.574376 0.809735 -0.309238 0.129251 0.94216 0.098942 0.580673 0.808102 -0.636802 -0.519466 0.56977 -0.618806 -0.783477 -0.056954 -0.101674 -0.58628 -0.803703 -0.578654 -0.814219 -0.046982 -0.055347 -0.597596 -0.799885 0.514565 0.125051 -0.848284 0.701879 0.616036 -0.357583 0.515751 0.127955 -0.847129 0.685239 0.631686 -0.36252 -0.526363 -0.849818 -0.027425 -0.007247 -0.606571 -0.794996 -0.593671 -0.548755 0.588577 -0.431786 -0.901976 0.000519 -0.514868 -0.590918 0.621069 0.03536 -0.635226 -0.771516 -0.298809 0.119046 0.946859 0.072065 0.584485 0.808198 -0.284444 0.098547 0.953614 0.028253 0.598025 0.800979 0.511428 0.147552 -0.846563 0.653405 0.660495 -0.369877 0.478373 0.173133 -0.86092 0.567969 0.725608 -0.388464 -0.265315 0.04582 0.963072 -0.398987 -0.624112 0.671784 -0.003886 0.584706 0.811236 -0.270972 0.025678 0.962245 -0.181183 0.571922 0.800049 -0.272303 -0.630611 0.726761 -0.291068 -0.956152 0.032459 0.07564 -0.675863 -0.733135 -0.136089 -0.988989 0.058143 0.090084 -0.697964 -0.710445 0.4227 0.134885 -0.896176 0.512868 0.744851 -0.426806 0.233025 0.08127 -0.969069 0.181622 0.806092 -0.563231 -0.595686 0.780926 0.187918 -0.463713 0.543307 0.699849 -0.534432 0.037735 0.844369 -0.969718 -0.171323 -0.174055 -0.328049 -0.643699 0.691401 -0.184502 -0.982316 -0.031851 0.614095 0.70018 0.364192 0.550351 0.735756 0.394685 0.483937 0.77797 0.400709 0.452669 0.792956 0.407813 0.407299 0.813491 0.415139 0.326566 0.864367 0.382393 0.295309 0.893746 0.337654 -0.019279 0.958781 0.283491 -0.315841 0.055731 0.947174 -0.201313 -0.615254 0.762192 -0.367181 0.575001 0.731131 -0.336 0.084997 0.938019 -0.402678 0.583236 0.705469 -0.164943 -0.599474 0.783214 -0.352247 0.916455 0.189819 -0.372829 0.909995 0.181404 -0.203997 0.783074 -0.587521 -0.221123 0.789091 -0.573097 0.038833 0.084645 -0.995654 0.0158 0.092463 -0.995591 0.094638 -0.707271 -0.700579 0.124562 -0.723162 -0.679353 -0.013894 -0.99687 0.077822 0.062367 -0.991649 0.112881 0.095309 -0.9869 0.130168 0.163561 -0.712839 -0.681988 -0.136267 -0.594127 0.792745 0.097897 -0.986238 0.13323 -0.134894 -0.596404 0.791269 0.179903 -0.684744 -0.70623 -0.327623 0.132428 0.935482 -0.327125 0.166766 0.93015 -0.391445 0.578484 0.71563 -0.372879 0.574025 0.729011 -0.379396 0.889625 0.254218 -0.383618 0.865171 0.322979 -0.209158 0.786581 -0.580985 -0.203962 0.774834 -0.598357 0.04425 0.085554 -0.99535 0.070308 0.087269 -0.993701 0.141814 -0.678568 -0.720718 0.065787 -0.991351 0.113553 -0.347697 0.155798 0.924572 -0.159601 -0.607271 0.778299 -0.410119 0.845387 0.342233 -0.389014 0.565912 0.726919 0.059078 0.06149 -0.996358 -0.23173 0.761452 -0.605386 -0.380091 0.652256 -0.655815 -0.162531 -0.030085 -0.986245 0.029894 -0.662862 -0.748145 -0.879219 0.305798 -0.365325 -0.855611 0.338176 0.391876 -0.641847 -0.710988 0.287278 -0.668488 -0.176247 -0.722537 -0.305786 0.252889 0.917901 0.153619 -0.244118 0.957501 0.579042 -0.556569 0.595769 0.426366 -0.904178 -0.025966 -0.052247 -0.638072 -0.768202 -0.519727 0.085102 -0.850083 -0.78084 0.503824 -0.369392 0.178661 -0.5353 -0.825551 0.165023 -0.557102 -0.813883 -0.518969 0.096832 -0.849291 -0.757666 0.544046 -0.360494 0.324779 0.039363 0.94497 0.707438 -0.458465 0.537905 -0.215212 0.484966 0.847639 -0.196038 0.531464 0.824084 0.294929 0.104668 0.949769 0.697441 -0.464881 0.5454 0.71309 -0.697092 -0.074604 0.68992 -0.721248 -0.061737 0.293951 0.143525 0.944983 0.676845 -0.474628 0.562681 -0.153904 0.568824 0.807931 -0.133013 0.575993 0.80656 0.291766 0.141811 0.945919 0.65194 -0.495321 0.574135 0.651331 -0.757218 -0.048876 0.135904 -0.581476 -0.802132 0.614633 -0.787658 -0.042675 0.105759 -0.599974 -0.792998 -0.508602 0.103772 -0.854725 -0.7222 0.586543 -0.366598 -0.50211 0.096648 -0.859386 -0.706158 0.602869 -0.371334 0.560835 -0.827318 -0.03178 0.067726 -0.620871 -0.780982 0.610019 -0.529777 0.589248 0.533551 -0.570165 0.624688 0.466099 -0.884714 -0.005719 0.017479 -0.653272 -0.756921 0.281713 0.131177 0.95049 -0.106318 0.580904 0.806999 -0.063902 0.586523 0.807408 0.268063 0.112264 0.956838 -0.490907 0.099326 -0.865532 -0.675452 0.632965 -0.378312 -0.461948 0.121607 -0.878531 -0.597088 0.681631 -0.422925 0.238173 0.080639 0.967869 0.410864 -0.604282 0.682667 -0.014145 0.561288 0.8275 0.152158 0.550917 0.820572 0.248247 0.082997 0.965135 0.286213 -0.612132 0.73714 0.325342 -0.945519 0.012126 -0.030458 -0.68686 -0.726152 0.159385 -0.986891 0.025371 -0.056999 -0.702793 -0.709107 -0.416324 0.101827 -0.903496 -0.539459 0.696703 -0.472852 -0.227917 0.067879 -0.971312 -0.215406 0.782672 -0.583973 0.560476 0.804873 0.195054 0.978051 -0.13122 -0.161855 0.521813 0.059583 0.850977 0.432009 0.561888 0.705443 0.176019 -0.023235 -0.984113 0.006941 -0.663457 -0.748182 0.225372 -0.973835 -0.029192 -0.647037 0.674143 0.356194 -0.585209 0.712325 0.387458 -0.520675 0.757249 0.394298 -0.490144 0.773516 0.401785 -0.445764 0.795907 0.409667 -0.387445 0.847907 0.361857 -0.344462 0.883605 0.317155 -0.019941 0.955211 0.295252 0.307599 0.093758 0.946886 0.223697 -0.601883 0.766614 0.331951 0.574705 0.748012 0.378886 0.595452 0.708437 0.323805 0.099421 0.940886 0.178925 -0.593892 0.784397 0.312001 0.931207 0.188439 0.342885 0.924387 0.167147 0.169066 0.774877 -0.609083 0.194529 0.785542 -0.587437 -0.031927 0.080108 -0.996275 -0.007335 0.09714 -0.995244 -0.070624 -0.708153 -0.702519 -0.090683 -0.715128 -0.693087 0.036615 -0.997538 0.059808 -0.02809 -0.994748 0.098423 -0.05588 -0.991262 0.11949 -0.121402 -0.709342 -0.694331 0.150236 -0.588852 0.794155 0.149489 -0.590393 0.793152 -0.058706 -0.989453 0.132423 -0.142553 -0.691527 -0.708145 0.310093 0.145737 0.93947 0.308244 0.180035 0.934116 0.358176 0.594076 0.720266 0.339646 0.588861 0.733406 0.339068 0.904518 0.258614 0.343435 0.880255 0.327421 0.183741 0.794631 -0.57862 0.179253 0.782679 -0.596055 -0.032773 0.088839 -0.995507 -0.061367 0.084409 -0.99454 -0.026169 -0.993231 0.113168 -0.10458 -0.683779 -0.722156 0.329335 0.169892 0.928803 0.174797 -0.600222 0.780499 0.370472 0.861611 0.346954 0.356122 0.581429 0.731517 -0.049056 0.059117 -0.997045 0.20763 0.77044 -0.602754 0.345732 -0.629723 0.695643 0.361002 0.667462 -0.651285 -0.032844 0.440464 0.897169 -0.046175 0.32853 0.943364 -0.845258 0.302706 0.440349 -0.836653 0.313781 0.448947 0.808907 0.182788 0.558801 0.800213 0.057055 0.596996 -0.035926 0.526329 0.849522 0.791384 0.274048 0.546452 -0.816114 0.349268 0.460401 -0.195454 -0.07368 0.977941 0.603742 -0.270434 0.749907 0.490914 -0.395484 0.776271 -0.210687 -0.353296 0.911479 -0.140834 0.117528 0.983033 0.698115 -0.157368 0.698478 -0.89563 0.138632 0.422644 -0.878161 0.270368 0.394632 -0.848673 -0.086238 0.52184 -0.065902 0.584509 0.808707 -0.746001 0.419876 0.516901 -0.641387 0.581997 0.499903 -0.054779 0.78344 0.619048 0.704741 0.381196 0.598357 0.59604 0.592899 0.541486 0.05636 -0.372269 -0.926412 0.865615 -0.241893 -0.438404 0.859437 -0.245113 -0.448652 0.060795 -0.425054 -0.903124 0.056416 -0.352427 -0.934137 0.860998 -0.304107 -0.407679 -0.825589 -0.114657 -0.5525 -0.818322 -0.072352 -0.570188 -0.825953 -0.166365 -0.538632 0.054286 -0.513965 -0.856092 0.070281 -0.341159 -0.937375 -0.799034 -0.036654 -0.600168 -0.848227 -0.148576 -0.508367 0.820774 -0.567122 -0.068577 0.854416 -0.434858 -0.284381 -0.133523 -0.986784 -0.091815 0.655164 -0.694876 0.296491 -0.900082 -0.400721 -0.171102 0.070424 -0.463246 -0.883427 0.835133 -0.269455 -0.479528 -0.802188 -0.209052 -0.559278 0.06521 -0.039286 -0.997098 -0.735585 0.014952 -0.677267 0.799979 -0.003901 -0.600015 -0.956677 0.213481 0.197977 -0.956296 0.227389 0.183827 -0.956143 0.213088 0.20096 0.898117 -0.163556 0.408211 0.935604 -0.048486 0.349707 0.851979 -0.385292 -0.354518 0.758805 -0.073123 0.6472 0.846365 -0.239563 0.475684 -0.218201 -0.65156 0.726538 0.541912 -0.501738 0.674233 -0.918902 -0.238155 0.314485 0.746587 -0.33801 0.573024 -0.990872 0.090823 0.099618 -0.974168 0.208191 0.08748 0.009594 0.958575 -0.284678 -0.881196 0.472728 0.004622 0.891932 0.451028 0.032116 -0.95349 0.224947 0.200639 0.962639 0.12904 0.238064 0.959118 0.104234 0.263111 -0.085089 0.210066 0.973978 -0.856178 0.297894 0.422159 0.060488 -0.352185 -0.933974 -0.80639 -0.044929 -0.589675 -0.96105 0.236104 0.143661 0.95218 0.056208 0.300324 0.841871 0.296344 0.451036 0.038654 0.326796 0.944304 0.032349 0.439066 0.897872 0.836171 0.312435 0.45078 -0.806029 0.06193 0.588627 -0.809079 0.183045 0.558468 -0.791383 0.274048 0.546453 0.035929 0.52633 0.849521 0.816115 0.349268 0.4604 -0.586025 -0.510189 0.629509 -0.695117 -0.345619 0.630365 0.075546 -0.182051 0.980383 0.086993 -0.432877 0.897246 -0.761233 -0.186228 0.621163 0.058434 0.054493 0.996803 0.835165 0.236714 0.496453 0.801041 0.093751 0.591222 0.719081 -0.102035 0.687394 0.682185 0.566238 0.4626 0.748009 0.418214 0.515344 0.06456 0.583569 0.809493 0.110284 0.795463 0.595883 -0.706712 0.379307 0.597231 -0.573579 0.613074 0.543275 -0.859437 -0.245112 -0.448652 -0.865329 -0.241779 -0.439032 -0.056222 -0.372199 -0.926449 -0.060796 -0.425054 -0.903124 -0.85766 -0.303177 -0.415336 -0.054981 -0.35191 -0.934418 0.82164 -0.072483 -0.56538 0.826004 -0.114779 -0.551855 0.825953 -0.166365 -0.538632 0.823466 -0.007796 -0.567312 -0.042631 -0.338289 -0.940076 -0.011662 -0.4017 -0.915697 0.86103 -0.041204 -0.506882 -0.809608 -0.450254 -0.376572 -0.76193 -0.562386 -0.321223 -0.697588 -0.700578 -0.150201 0.117936 -0.823688 -0.554643 0.932786 -0.234989 -0.273296 -0.070796 -0.465132 -0.882406 -0.834486 -0.271491 -0.479505 0.802925 -0.209886 -0.557907 0.809553 0.022277 -0.586624 -0.021169 -0.074035 -0.997031 -0.799407 -0.049359 -0.598759 0.954537 0.225024 0.195508 0.956441 0.212937 0.199695 0.956143 0.213088 0.20096 -0.939942 -0.047131 0.338065 -0.918591 -0.170373 0.356599 -0.836328 -0.386729 -0.388581 -0.78853 -0.068461 0.611174 -0.893959 -0.279757 0.350106 -0.700603 -0.626931 0.340754 0.156001 -0.810389 0.564742 0.917614 -0.147881 0.368938 -0.845592 -0.419466 0.330185 0.959146 0.152688 0.23817 0.955923 0.226876 0.186385 0.900043 0.434564 0.032807 0.128247 0.955867 -0.264331 -0.896486 0.442455 0.023364 0.953351 0.224958 0.201287 -0.962844 0.12807 0.237759 -0.959119 0.104233 0.26311 0.842261 0.283057 0.458775 0.050661 0.202072 0.97806 -0.052984 -0.350634 -0.935013 0.8183 -0.039309 -0.573445 0.953946 0.236073 0.185088 -0.952402 0.056393 0.299584</float_array>
                    <technique_common>
                        <accessor count="392" offset="0" source="Object_4-geometry-NORMAL-array" stride="3">
                            <param name="X" type="float" />
                            <param name="Y" type="float" />
                            <param name="Z" type="float" />
                        </accessor>
                    </technique_common>
                </source>
                <source id="Object_4-geometry-TEXCOORD">
                    <float_array id="Object_4-geometry-TEXCOORD-array" count="908">0.003906275 0.5078094 0.003906275 0.5195282 0.01171882 0.5156219 0.01171882 0.5078094 0.003906275 0.5278291 0.01171882 0.5278291 0.01171882 0.5234345 0.00341799 0.5351533 0.01171882 0.531247 0.00341799 0.5468721 0.01123054 0.5468721 0.01123054 0.5390596 0.01953137 0.5078094 0.01953137 0.5156219 0.01953137 0.5468721 0.01953137 0.5390596 0.02734392 0.5468721 0.02734392 0.5390596 0.02734392 0.5156219 0.02734392 0.5078094 0.01953137 0.5278291 0.01953137 0.531247 0.01953137 0.5234345 0.02734392 0.5278291 0.02734392 0.5234345 0.02734392 0.531247 0.01953137 0.5351533 0.02734392 0.5351533 0.03515647 0.5278291 0.03515647 0.531247 0.03515647 0.5234345 0.04296902 0.5278291 0.04296902 0.5234345 0.04296902 0.531247 0.03515647 0.5351533 0.03515647 0.5390596 0.04296902 0.5351533 0.04296902 0.5390596 0.03515647 0.5078094 0.03515647 0.5156219 0.03515647 0.5468721 0.04296902 0.5468721 0.04296902 0.5156219 0.04296902 0.5078094 0.05078157 0.5351533 0.05078157 0.5390596 0.05078157 0.531247 0.05859412 0.5351533 0.05859412 0.531247 0.05859412 0.5390596 0.05078157 0.5278291 0.05078157 0.5234345 0.05859412 0.5278291 0.05859412 0.5234345 0.05078157 0.5078094 0.05078157 0.5156219 0.05078157 0.5468721 0.05859412 0.5468721 0.05859412 0.5156219 0.05859412 0.5078094 0.06640667 0.5278291 0.06640667 0.531247 0.06640667 0.5234345 0.07421922 0.5278291 0.07421922 0.5234345 0.07421922 0.531247 0.06640667 0.5351533 0.06640667 0.5390596 0.07421922 0.5351533 0.07421922 0.5390596 0.06640667 0.5078094 0.06640667 0.5156219 0.06640667 0.5468721 0.07421922 0.5468721 0.07421922 0.5156219 0.07421922 0.5078094 0.1289071 0.5195282 0.1210945 0.5234345 0.1210945 0.5278291 0.1289071 0.5278291 0.1210945 0.531247 0.1289071 0.5351533 0.01953137 0.5195282 0.02734392 0.5195282 0.03515647 0.5195282 0.04296902 0.5195282 0.05078157 0.5195282 0.05859412 0.5195282 0.06640667 0.5195282 0.07421922 0.5195282 0.08203177 0.5278291 0.08203177 0.531247 0.08203177 0.5234345 0.08984432 0.5278291 0.08984432 0.5234345 0.08984432 0.531247 0.08203177 0.5195282 0.08984432 0.5195282 0.08203177 0.5156219 0.08984432 0.5156219 0.08203177 0.5078094 0.08984432 0.5078094 0.08203177 0.5468721 0.08203177 0.5390596 0.08984432 0.5468721 0.08984432 0.5390596 0.08203177 0.5351533 0.08984432 0.5351533 0.09765687 0.5351533 0.09765687 0.5390596 0.09765687 0.531247 0.1054694 0.5351533 0.1054694 0.531247 0.1054694 0.5390596 0.09765687 0.5278291 0.1054694 0.5278291 0.09765687 0.5234345 0.1054694 0.5234345 0.09765687 0.5195282 0.1054694 0.5195282 0.09765687 0.5156219 0.1054694 0.5156219 0.09765687 0.5078094 0.1054694 0.5078094 0.09765687 0.5468721 0.1054694 0.5468721 0.113282 0.5390596 0.113282 0.5351533 0.113282 0.5278291 0.113282 0.531247 0.113282 0.5195282 0.113282 0.5234345 0.113282 0.5078094 0.113282 0.5156219 0.1210945 0.5156219 0.1210945 0.5078094 0.113282 0.5468721 0.1210945 0.5468721 0.1210945 0.5390596 0.1289071 0.5078094 0.1289071 0.5468721 0.0156251 0.03905642 0.007812549 0.03515017 0.007812549 0.04686898 0.0156251 0.04686898 0.0156251 0.03124386 0.0156251 0.02782589 0.007812549 0.02782589 0.0156251 0.0234313 0.007812549 0.01903677 0.0156251 0.01513052 0.0156251 0.007806242 0.007812549 0.007806242 0.02343765 0.04686898 0.02343765 0.03905642 0.02343765 0.01513052 0.02343765 0.007806242 0.0312502 0.01513052 0.0312502 0.007806242 0.0312502 0.03905642 0.0312502 0.04686898 0.02343765 0.02782589 0.02343765 0.0234313 0.02343765 0.03124386 0.0312502 0.03124386 0.0312502 0.02782589 0.0312502 0.0234313 0.02343765 0.01903677 0.0312502 0.01903677 0.03906275 0.02782589 0.03906275 0.0234313 0.03906275 0.03124386 0.0468753 0.03124386 0.0468753 0.02782589 0.0468753 0.0234313 0.03906275 0.01903677 0.03906275 0.01513052 0.0468753 0.01903677 0.0468753 0.01513052 0.03906275 0.04686898 0.03906275 0.03905642 0.03906275 0.007806242 0.0468753 0.007806242 0.0468753 0.03905642 0.0468753 0.04686898 0.05468785 0.01903677 0.05468785 0.01513052 0.05419956 0.0234313 0.06250039 0.0234313 0.06250039 0.01903677 0.06250039 0.01513052 0.05419956 0.02782589 0.05419956 0.03124386 0.06250039 0.03124386 0.06250039 0.02782589 0.05468785 0.04686898 0.05468785 0.03905642 0.05468785 0.007806242 0.06250039 0.007806242 0.06250039 0.03905642 0.06250039 0.04686898 0.07031295 0.02782589 0.07031295 0.0234313 0.07031295 0.03124386 0.07812549 0.03124386 0.07812549 0.02782589 0.07812549 0.0234313 0.07031295 0.01903677 0.07031295 0.01513052 0.07812549 0.01903677 0.07812549 0.01513052 0.07031295 0.04686898 0.07031295 0.03905642 0.07031295 0.007806242 0.07812549 0.007806242 0.07812549 0.03905642 0.07812549 0.04686898 0.1328133 0.03515017 0.1328133 0.02782589 0.1250008 0.02782589 0.1250008 0.03124386 0.1250008 0.007806242 0.1250008 0.01513052 0.1328133 0.01903677 0.1328133 0.007806242 0.02343765 0.03515017 0.0312502 0.03515017 0.03906275 0.03515017 0.0468753 0.03515017 0.05468785 0.03515017 0.06250039 0.03515017 0.07031295 0.03515017 0.07812549 0.03515017 0.08593804 0.02782589 0.08593804 0.0234313 0.08593804 0.03124386 0.0937506 0.03124386 0.0937506 0.02782589 0.0937506 0.0234313 0.08593804 0.03515017 0.0937506 0.03515017 0.08593804 0.03905642 0.0937506 0.03905642 0.08593804 0.04686898 0.0937506 0.04686898 0.08593804 0.01513052 0.08593804 0.007806242 0.0937506 0.01513052 0.0937506 0.007806242 0.08593804 0.01903677 0.0937506 0.01903677 0.1015631 0.01903677 0.1015631 0.01513052 0.1015631 0.0234313 0.1093757 0.0234313 0.1093757 0.01903677 0.1093757 0.01513052 0.1015631 0.02782589 0.1093757 0.02782589 0.1015631 0.03124386 0.1093757 0.03124386 0.1015631 0.03515017 0.1093757 0.03515017 0.1015631 0.03905642 0.1093757 0.03905642 0.1015631 0.04686898 0.1093757 0.04686898 0.1015631 0.007806242 0.1093757 0.007806242 0.1171882 0.01903677 0.1171882 0.01513052 0.1171882 0.02782589 0.1171882 0.0234313 0.1167 0.03515017 0.1171882 0.03124386 0.1171882 0.04686898 0.1171882 0.03905642 0.1250008 0.0234313 0.1250008 0.03905642 0.1250008 0.04686898 0.1171882 0.007806242 0.1328133 0.04686898 0.8315482 0.01952505 0.8242239 0.01952505 0.8242239 0.0234313 0.8315482 0.0234313 0.8315482 0.0156188 0.8242239 0.0156188 0.8398491 0.01952505 0.8398491 0.0156188 0.8398491 0.0234313 0.800298 0.01952505 0.800298 0.0156188 0.79688 0.0156188 0.7929738 0.01952505 0.8085989 0.01952505 0.8085989 0.0156188 0.800298 0.0234313 0.8085989 0.0234313 0.79688 0.0234313 0.8471733 0.01952505 0.8471733 0.0234313 0.8627984 0.0234313 0.8627984 0.01952505 0.8471733 0.0156188 0.8627984 0.0156188 0.8315482 0.03563845 0.8315482 0.0395447 0.8398491 0.0395447 0.8398491 0.03563845 0.8242239 0.03563845 0.8242239 0.0395447 0.8315482 0.03124386 0.8242239 0.03124386 0.8398491 0.03124386 0.800298 0.03563845 0.8085989 0.03563845 0.8085989 0.03124386 0.800298 0.03124386 0.800298 0.0395447 0.8085989 0.0395447 0.7929738 0.03563845 0.7929738 0.0395447 0.7929738 0.03124386 0.8471733 0.03563845 0.8471733 0.0395447 0.8471733 0.03124386 0.8710992 0.03563845 0.8710992 0.03124386 0.8710992 0.0395447 0.8315482 0.02733761 0.8242239 0.02733761 0.8398491 0.02733761 0.8159231 0.01171249 0.8242239 0.01171249 0.8242239 0.007806242 0.8159231 0.007806242 0.8159231 0.0156188 0.8085989 0.01171249 0.8085989 0.007806242 0.7846729 0.01952505 0.7929738 0.01171249 0.7929738 0.007806242 0.7846729 0.007806242 0.7929738 0.02733761 0.7846729 0.03124386 0.800298 0.01171249 0.800298 0.007806242 0.800298 0.02733761 0.8085989 0.02733761 0.867193 0.01952505 0.867193 0.02733761 0.8710992 0.01952505 0.867193 0.01171249 0.8710992 0.007806242 0.8471733 0.02733761 0.8471733 0.01171249 0.8471733 0.007806242 0.8398491 0.01171249 0.8398491 0.007806242 0.8159231 0.01952505 0.8159231 0.0234313 0.8159231 0.03563845 0.8159231 0.0395447 0.8159231 0.03124386 0.8159231 0.02733761 0.8315482 0.01171249 0.8315482 0.007806242 0.9453185 0.0234313 0.9453185 0.01952505 0.9375059 0.01952505 0.9375059 0.0234313 0.9453185 0.0156188 0.9375059 0.0156188 0.9296934 0.0156188 0.9296934 0.01952505 0.9296934 0.0234313 0.9721741 0.0156188 0.9687561 0.0156188 0.9687561 0.01952505 0.9765687 0.01952505 0.9609436 0.0156188 0.9609436 0.01952505 0.9609436 0.0234313 0.9687561 0.0234313 0.9721741 0.0234313 0.9062557 0.0234313 0.9218808 0.0234313 0.9218808 0.01952505 0.9062557 0.01952505 0.9218808 0.0156188 0.9062557 0.0156188 0.9296934 0.03905642 0.9375059 0.03905642 0.9375059 0.03515017 0.9296934 0.03515017 0.9453185 0.03905642 0.9453185 0.03515017 0.9453185 0.03124386 0.9375059 0.03124386 0.9296934 0.03124386 0.9609436 0.03124386 0.9609436 0.03515017 0.9687561 0.03515017 0.9687561 0.03124386 0.9609436 0.03905642 0.9687561 0.03905642 0.9765687 0.03905642 0.9765687 0.03515017 0.9765687 0.03124386 0.9218808 0.03515017 0.9218808 0.03905642 0.9218808 0.03124386 0.8984432 0.03124386 0.8984432 0.03515017 0.8984432 0.03905642 0.9453185 0.02782589 0.9375059 0.02782589 0.9296934 0.02782589 0.9453185 0.007806242 0.9453185 0.01220077 0.953131 0.01220077 0.953131 0.007806242 0.953131 0.0156188 0.9609436 0.01220077 0.9609436 0.007806242 0.9765687 0.007806242 0.9765687 0.01220077 0.9843812 0.01952505 0.9843812 0.007806242 0.9765687 0.02782589 0.9843812 0.03124386 0.9687561 0.01220077 0.9687561 0.007806242 0.9687561 0.02782589 0.9609436 0.02782589 0.9023495 0.02782589 0.9023495 0.01952505 0.8984432 0.01952505 0.9023495 0.01220077 0.8984432 0.007806242 0.9218808 0.02782589 0.9218808 0.01220077 0.9218808 0.007806242 0.9296934 0.01220077 0.9296934 0.007806242 0.953131 0.0234313 0.953131 0.01952505 0.953131 0.03905642 0.953131 0.03515017 0.953131 0.03124386 0.953131 0.02782589 0.9375059 0.007806242 0.9375059 0.01220077</float_array>
                    <technique_common>
                        <accessor count="454" offset="0" source="Object_4-geometry-TEXCOORD-array" stride="2">
                            <param name="S" type="float" />
                            <param name="T" type="float" />
                        </accessor>
                    </technique_common>
                </source>
                <vertices id="Object_4-vertices">
                    <input semantic="POSITION" source="#Object_4-geometry-POSITION" />
                </vertices>
                <triangles count="768" material="BodyC">
                    <input semantic="VERTEX" source="#Object_4-vertices" offset="0" set="0" />
                    <input semantic="NORMAL" source="#Object_4-geometry-NORMAL" offset="1" set="0" />
                    <input semantic="TEXCOORD" source="#Object_4-geometry-TEXCOORD" offset="2" set="0" />
                    <p>2 2 2 1 1 1 0 0 0 3 3 3 2 2 2 0 0 0 2 2 2 3 3 3 12 9 12 13 10 13 2 2 2 12 9 12 18 14 18 13 10 13 12 9 12 19 12 19 18 14 18 12 9 12 18 14 18 19 12 19 38 33 38 39 34 39 18 14 18 38 33 38 42 36 42 39 34 39 38 33 38 43 35 43 42 36 42 38 33 38 42 36 42 43 35 43 54 47 54 55 48 55 42 36 42 54 47 54 58 50 58 55 48 55 54 47 54 59 49 59 58 50 58 54 47 54 58 50 58 59 49 59 70 61 70 71 62 71 58 50 58 70 61 70 74 64 74 71 62 71 70 61 70 75 63 75 74 64 74 70 61 70 2 2 2 13 10 13 82 71 82 1 1 1 2 2 2 82 71 82 13 10 13 18 14 18 82 71 82 6 5 6 1 1 1 82 71 82 1 1 1 6 5 6 4 0 4 6 5 6 5 4 5 4 0 4 5 4 5 8 7 8 4 0 4 8 7 8 7 6 7 4 0 4 8 7 8 5 4 5 20 15 20 5 4 5 6 5 6 20 15 20 21 16 21 8 7 8 20 15 20 6 5 6 22 17 22 20 15 20 22 17 22 6 5 6 82 71 82 22 17 22 24 19 24 20 15 20 24 19 24 22 17 22 82 71 82 24 19 24 23 18 23 20 15 20 25 20 25 21 16 21 20 15 20 23 18 23 25 20 25 20 15 20 8 7 8 21 16 21 26 21 26 7 6 7 8 7 8 26 21 26 21 16 21 25 20 25 26 21 26 11 8 11 7 6 7 26 21 26 7 6 7 11 8 11 9 0 9 11 8 11 10 3 10 9 0 9 10 3 10 11 8 11 14 9 14 11 8 11 15 11 15 14 9 14 15 11 15 11 8 11 26 21 26 15 11 15 17 13 17 14 9 14 17 13 17 15 11 15 26 21 26 17 13 17 16 12 16 14 9 14 25 20 25 27 22 27 26 21 26 27 22 27 17 13 17 26 21 26 25 20 25 23 18 23 28 23 28 23 18 23 24 19 24 28 23 28 29 24 29 25 20 25 28 23 28 24 19 24 30 25 30 28 23 28 30 25 30 32 27 32 28 23 28 32 27 32 31 26 31 28 23 28 33 28 33 29 24 29 28 23 28 31 26 31 33 28 33 28 23 28 17 13 17 27 22 27 34 29 34 25 20 25 29 24 29 34 29 34 27 22 27 25 20 25 34 29 34 29 24 29 33 28 33 34 29 34 35 30 35 17 13 17 34 29 34 33 28 33 36 31 36 34 29 34 37 32 37 35 30 35 34 29 34 36 31 36 37 32 37 34 29 34 17 13 17 35 30 35 40 33 40 16 12 16 17 13 17 40 33 40 35 30 35 37 32 37 40 33 40 37 32 37 41 35 41 40 33 40 37 32 37 36 31 36 44 37 44 36 31 36 33 28 33 44 37 44 45 38 45 37 32 37 44 37 44 33 28 33 46 39 46 44 37 44 46 39 46 48 41 48 44 37 44 48 41 48 47 40 47 44 37 44 49 42 49 45 38 45 44 37 44 47 40 47 49 42 49 44 37 44 33 28 33 31 26 31 50 43 50 46 39 46 33 28 33 50 43 50 31 26 31 32 27 32 50 43 50 48 41 48 46 39 46 50 43 50 32 27 32 51 44 51 50 43 50 51 44 51 53 46 53 50 43 50 53 46 53 52 45 52 50 43 50 52 45 52 48 41 48 50 43 50 37 32 37 45 38 45 56 47 56 41 35 41 37 32 37 56 47 56 45 38 45 49 42 49 56 47 56 49 42 49 57 49 57 56 47 56 48 41 48 52 45 52 60 51 60 52 45 52 53 46 53 60 51 60 61 52 61 48 41 48 60 51 60 53 46 53 62 53 62 60 51 60 62 53 62 64 55 64 60 51 60 64 55 64 63 54 63 60 51 60 65 56 65 61 52 61 60 51 60 63 54 63 65 56 65 60 51 60 49 42 49 47 40 47 66 57 66 48 41 48 61 52 61 66 57 66 47 40 47 48 41 48 66 57 66 61 52 61 65 56 65 66 57 66 67 58 67 49 42 49 66 57 66 65 56 65 68 59 68 66 57 66 69 60 69 67 58 67 66 57 66 68 59 68 69 60 69 66 57 66 49 42 49 67 58 67 72 61 72 57 49 57 49 42 49 72 61 72 67 58 67 69 60 69 72 61 72 69 60 69 73 63 73 72 61 72 51 44 51 32 27 32 86 75 86 53 46 53 51 44 51 86 75 86 32 27 32 85 74 85 86 75 86 85 74 85 32 27 32 84 73 84 42 36 42 85 74 85 84 73 84 85 74 85 42 36 42 86 75 86 39 34 39 42 36 42 84 73 84 18 14 18 39 34 39 84 73 84 83 72 83 18 14 18 84 73 84 18 14 18 83 72 83 82 71 82 83 72 83 24 19 24 82 71 82 24 19 24 83 72 83 84 73 84 30 25 30 24 19 24 84 73 84 32 27 32 30 25 30 84 73 84 42 36 42 55 48 55 86 75 86 55 48 55 58 50 58 86 75 86 58 50 58 87 76 87 86 75 86 87 76 87 53 46 53 86 75 86 53 46 53 87 76 87 88 77 88 87 76 87 58 50 58 88 77 88 62 53 62 53 46 53 88 77 88 58 50 58 71 62 71 88 77 88 71 62 71 74 64 74 88 77 88 74 64 74 89 78 89 88 77 88 64 55 64 62 53 62 88 77 88 89 78 89 64 55 64 88 77 88 64 55 64 89 78 89 96 85 96 89 78 89 74 64 74 96 85 96 92 81 92 64 55 64 96 85 96 64 55 64 92 81 92 90 79 90 63 54 63 64 55 64 90 79 90 65 56 65 63 54 63 90 79 90 91 80 91 65 56 65 90 79 90 92 81 92 94 83 94 90 79 90 94 83 94 92 81 92 96 85 96 94 83 94 93 82 93 90 79 90 95 84 95 91 80 91 90 79 90 93 82 93 95 84 95 90 79 90 97 86 97 94 83 94 96 85 96 74 64 74 98 87 98 96 85 96 99 88 99 97 86 97 96 85 96 98 87 98 99 88 99 96 85 96 99 88 99 98 87 98 100 89 100 98 87 98 74 64 74 100 89 100 101 90 101 99 88 99 100 89 100 74 64 74 75 63 75 100 89 100 65 56 65 91 80 91 106 93 106 91 80 91 95 84 95 106 93 106 68 59 68 65 56 65 106 93 106 69 60 69 68 59 68 106 93 106 103 91 103 69 60 69 106 93 106 69 60 69 103 91 103 102 89 102 73 63 73 69 60 69 102 89 102 103 91 103 105 92 105 102 89 102 105 92 105 103 91 103 106 93 106 105 92 105 104 90 104 102 89 102 107 94 107 105 92 105 106 93 106 95 84 95 107 94 107 106 93 106 105 92 105 107 94 107 108 95 108 107 94 107 95 84 95 108 95 108 109 96 109 105 92 105 108 95 108 95 84 95 110 97 110 108 95 108 110 97 110 112 99 112 108 95 108 112 99 112 111 98 111 108 95 108 113 100 113 109 96 109 108 95 108 111 98 111 113 100 113 108 95 108 112 99 112 110 97 110 114 101 114 110 97 110 95 84 95 114 101 114 115 102 115 112 99 112 114 101 114 95 84 95 93 82 93 114 101 114 93 82 93 94 83 94 114 101 114 94 83 94 116 103 116 114 101 114 117 104 117 115 102 115 114 101 114 116 103 116 117 104 117 114 101 114 117 104 117 116 103 116 118 105 118 116 103 116 94 83 94 118 105 118 119 106 119 117 104 117 118 105 118 94 83 94 97 86 97 118 105 118 97 86 97 99 88 99 118 105 118 99 88 99 120 107 120 118 105 118 121 108 121 119 106 119 118 105 118 120 107 120 121 108 121 118 105 118 121 108 121 120 107 120 122 109 122 120 107 120 99 88 99 122 109 122 123 110 123 121 108 121 122 109 122 99 88 99 101 90 101 122 109 122 105 92 105 109 96 109 124 109 124 104 90 104 105 92 105 124 109 124 109 96 109 113 100 113 124 109 124 113 100 113 125 110 125 124 109 124 113 100 113 111 98 111 126 111 126 113 100 113 126 111 126 125 110 125 111 98 111 127 112 127 126 111 126 127 112 127 111 98 111 112 99 112 112 99 112 115 102 115 128 113 128 128 113 128 115 102 115 117 104 117 129 114 129 112 99 112 128 113 128 129 114 129 127 112 127 112 99 112 117 104 117 119 106 119 130 115 130 130 115 130 119 106 119 121 108 121 131 116 131 117 104 117 130 115 130 131 116 131 128 113 128 117 104 117 121 108 121 123 110 123 132 117 132 133 118 133 121 108 121 132 117 132 133 118 133 130 115 130 121 108 121 131 116 131 77 66 77 128 113 128 77 66 77 131 116 131 130 115 130 77 66 77 78 67 78 128 113 128 78 67 78 77 66 77 76 65 76 76 65 76 77 66 77 130 115 130 79 68 79 78 67 78 76 65 76 79 68 79 81 70 81 78 67 78 81 70 81 80 69 80 78 67 78 80 69 80 129 114 129 128 113 128 78 67 78 80 69 80 128 113 128 80 69 80 81 70 81 127 112 127 129 114 129 80 69 80 127 112 127 134 119 134 76 65 76 130 115 130 133 118 133 134 119 134 130 115 130 134 119 134 133 118 133 132 117 132 135 120 135 134 119 134 132 117 132 134 119 134 135 120 135 76 65 76 126 111 126 136 117 136 125 110 125 126 111 126 138 121 138 136 117 136 138 121 138 126 111 126 127 112 127 81 70 81 138 121 138 127 112 127 138 121 138 137 120 137 136 117 136 138 121 138 81 70 81 137 120 137 135 120 135 139 68 139 76 65 76 81 70 81 140 68 140 137 120 137 143 124 143 142 123 142 141 122 141 144 125 144 143 124 143 141 122 141 153 131 153 144 125 144 141 122 141 154 132 154 153 131 153 141 122 141 153 131 153 154 132 154 159 136 159 160 135 160 153 131 153 159 136 159 179 155 179 160 135 160 159 136 159 180 156 180 179 155 179 159 136 159 179 155 179 180 156 180 183 158 183 184 157 184 179 155 179 183 158 183 195 169 195 184 157 184 183 158 183 196 170 196 195 169 195 183 158 183 195 169 195 196 170 196 199 172 199 200 171 200 195 169 195 199 172 199 211 183 211 200 171 200 199 172 199 212 184 212 211 183 211 199 172 199 211 183 211 212 184 212 215 186 215 216 185 216 211 183 211 215 186 215 225 194 225 154 132 154 141 122 141 142 123 142 225 194 225 141 122 141 154 132 154 225 194 225 159 136 159 225 194 225 142 123 142 145 126 145 142 123 142 147 124 147 145 126 145 147 124 147 146 127 146 145 126 145 146 127 146 147 124 147 148 128 148 147 124 147 149 129 149 148 128 148 161 137 161 146 127 146 148 128 148 146 127 146 161 137 161 145 126 145 162 138 162 161 137 161 148 128 148 161 137 161 163 139 163 145 126 145 163 139 163 225 194 225 145 126 145 163 139 163 161 137 161 164 140 164 225 194 225 163 139 163 164 140 164 161 137 161 165 141 165 164 140 164 161 137 161 162 138 162 166 142 166 165 141 165 161 137 161 166 142 166 167 143 167 162 138 162 148 128 148 149 129 149 167 143 167 148 128 148 162 138 162 167 143 167 166 142 166 167 143 167 149 129 149 150 130 150 149 129 149 152 124 152 150 130 150 152 124 152 151 125 151 150 130 150 151 125 151 156 131 156 150 130 150 156 131 156 155 133 155 150 130 150 155 133 155 167 143 167 150 130 150 155 133 155 156 131 156 157 134 157 167 143 167 155 133 155 157 134 157 156 131 156 158 135 158 157 134 157 167 143 167 168 144 168 166 142 166 168 144 168 167 143 167 157 134 157 169 145 169 165 141 165 166 142 166 165 141 165 169 145 169 164 140 164 170 146 170 169 145 169 166 142 166 169 145 169 171 147 171 164 140 164 171 147 171 169 145 169 172 148 172 169 145 169 173 149 173 172 148 172 169 145 169 170 146 170 174 150 174 173 149 173 169 145 169 174 150 174 175 151 175 168 144 168 157 134 157 175 151 175 170 146 170 166 142 166 168 144 168 175 151 175 166 142 166 170 146 170 175 151 175 174 150 174 176 152 176 175 151 175 157 134 157 175 151 175 177 153 177 174 150 174 175 151 175 176 152 176 178 154 178 177 153 177 175 151 175 178 154 178 181 155 181 176 152 176 157 134 157 158 135 158 181 155 181 157 134 157 176 152 176 181 155 181 178 154 178 181 155 181 182 157 182 178 154 178 185 159 185 177 153 177 178 154 178 177 153 177 185 159 185 174 150 174 186 160 186 185 159 185 178 154 178 185 159 185 187 161 187 174 150 174 187 161 187 185 159 185 188 162 188 185 159 185 189 163 189 188 162 188 185 159 185 186 160 186 190 164 190 189 163 189 185 159 185 190 164 190 191 165 191 173 149 173 174 150 174 187 161 187 191 165 191 174 150 174 173 149 173 191 165 191 172 148 172 191 165 191 187 161 187 188 162 188 191 165 191 192 166 192 172 148 172 192 166 192 191 165 191 193 167 193 191 165 191 194 168 194 193 167 193 194 168 194 191 165 191 188 162 188 197 169 197 186 160 186 178 154 178 182 157 182 197 169 197 178 154 178 186 160 186 197 169 197 190 164 190 197 169 197 198 171 198 190 164 190 201 173 201 194 168 194 188 162 188 194 168 194 201 173 201 193 167 193 202 174 202 201 173 201 188 162 188 201 173 201 203 175 203 193 167 193 203 175 203 201 173 201 204 176 204 201 173 201 205 177 205 204 176 204 201 173 201 202 174 202 206 178 206 205 177 205 201 173 201 206 178 206 207 179 207 189 163 189 190 164 190 207 179 207 202 174 202 188 162 188 189 163 189 207 179 207 188 162 188 202 174 202 207 179 207 206 178 206 208 180 208 207 179 207 190 164 190 207 179 207 209 181 209 206 178 206 207 179 207 208 180 208 210 182 210 209 181 209 207 179 207 210 182 210 213 183 213 208 180 208 190 164 190 198 171 198 213 183 213 190 164 190 208 180 208 213 183 213 210 182 210 213 183 213 214 185 214 210 182 210 192 166 192 229 198 229 172 148 172 229 198 229 192 166 192 193 167 193 229 198 229 228 197 228 172 148 172 228 197 228 227 196 227 172 148 172 227 196 227 228 197 228 183 158 183 228 197 228 229 198 229 183 158 183 180 156 180 227 196 227 183 158 183 227 196 227 180 156 180 159 136 159 226 195 226 227 196 227 159 136 159 225 194 225 226 195 226 159 136 159 226 195 226 225 194 225 164 140 164 227 196 227 226 195 226 164 140 164 171 147 171 227 196 227 164 140 164 227 196 227 171 147 171 172 148 172 229 198 229 196 170 196 183 158 183 196 170 196 229 198 229 199 172 199 229 198 229 230 199 230 199 172 199 230 199 230 229 198 229 193 167 193 231 200 231 230 199 230 193 167 193 230 199 230 231 200 231 199 172 199 203 175 203 231 200 231 193 167 193 231 200 231 212 184 212 199 172 199 212 184 212 231 200 231 215 186 215 231 200 231 232 201 232 215 186 215 231 200 231 203 175 203 204 176 204 232 201 232 231 200 231 204 176 204 239 208 239 232 201 232 204 176 204 232 201 232 239 208 239 215 186 215 235 204 235 239 208 239 204 176 204 233 202 233 235 204 235 204 176 204 205 177 205 233 202 233 204 176 204 233 202 233 205 177 205 206 178 206 234 203 234 233 202 233 206 178 206 235 204 235 233 202 233 236 205 236 239 208 239 235 204 235 236 205 236 233 202 233 237 206 237 236 205 236 233 202 233 234 203 234 238 207 238 237 206 237 233 202 233 238 207 238 240 209 240 239 208 239 236 205 236 239 208 239 241 210 241 215 186 215 239 208 239 240 209 240 242 211 242 241 210 241 239 208 239 242 211 242 243 212 243 241 210 241 242 211 242 241 210 241 243 212 243 215 186 215 244 213 244 243 212 243 242 211 242 243 212 243 216 185 216 215 186 215 249 216 249 234 203 234 206 178 206 234 203 234 249 216 249 238 207 238 209 181 209 249 216 249 206 178 206 249 216 249 209 181 209 210 182 210 245 214 245 249 216 249 210 182 210 246 212 246 245 214 245 210 182 210 214 185 214 246 212 246 210 182 210 245 214 245 246 212 246 247 215 247 249 216 249 245 214 245 247 215 247 246 212 246 248 213 248 247 215 247 250 217 250 249 216 249 247 215 247 249 216 249 250 217 250 238 207 238 251 218 251 250 217 250 247 215 247 250 217 250 251 218 251 238 207 238 252 219 252 251 218 251 247 215 247 251 218 251 253 220 253 238 207 238 253 220 253 251 218 251 254 221 254 251 218 251 255 222 255 254 221 254 251 218 251 252 219 252 256 223 256 255 222 255 251 218 251 256 223 256 257 224 257 253 220 253 254 221 254 253 220 253 257 224 257 238 207 238 258 225 258 257 224 257 254 221 254 257 224 257 237 206 237 238 207 238 237 206 237 257 224 257 236 205 236 257 224 257 259 226 259 236 205 236 257 224 257 258 225 258 260 227 260 259 226 259 257 224 257 260 227 260 261 228 261 259 226 259 260 227 260 259 226 259 261 228 261 236 205 236 262 229 262 261 228 261 260 227 260 261 228 261 240 209 240 236 205 236 240 209 240 261 228 261 242 211 242 261 228 261 263 230 263 242 211 242 261 228 261 262 229 262 264 231 264 263 230 263 261 228 261 264 231 264 265 232 265 263 230 263 264 231 264 263 230 263 265 232 265 242 211 242 266 233 266 265 232 265 264 231 264 265 232 265 244 213 244 242 211 242 267 232 267 252 219 252 247 215 247 252 219 252 267 232 267 256 223 256 248 213 248 267 232 267 247 215 247 267 232 267 268 233 268 256 223 256 256 223 256 270 235 270 255 222 255 256 223 256 268 233 268 270 235 270 270 235 270 269 234 269 255 222 255 254 221 254 255 222 255 269 234 269 271 236 271 258 225 258 254 221 254 260 227 260 258 225 258 271 236 271 272 237 272 271 236 271 254 221 254 272 237 272 254 221 254 269 234 269 273 238 273 262 229 262 260 227 260 264 231 264 262 229 262 273 238 273 274 239 274 273 238 273 260 227 260 274 239 274 260 227 260 271 236 271 275 240 275 266 233 266 264 231 264 276 241 276 275 240 275 264 231 264 276 241 276 264 231 264 273 238 273 274 239 274 271 236 271 220 190 220 273 238 273 274 239 274 220 190 220 271 236 271 219 189 219 220 190 220 220 190 220 219 189 219 217 187 217 217 187 217 273 238 273 220 190 220 219 189 219 218 188 218 217 187 217 271 236 271 272 237 272 277 242 277 219 189 219 271 236 271 277 242 277 272 237 272 269 234 269 277 242 277 273 238 273 217 187 217 278 243 278 276 241 276 273 238 273 278 243 278 275 240 275 276 241 276 278 243 278 279 191 279 275 240 275 278 243 278 278 243 278 217 187 217 279 191 279 268 233 268 280 240 280 270 235 270 270 235 270 280 240 280 222 192 222 269 234 269 270 235 270 222 192 222 280 240 280 221 191 221 222 192 222 223 193 223 222 192 222 221 191 221 223 193 223 269 234 269 222 192 222 269 234 269 223 193 223 277 242 277 219 189 219 277 242 277 223 193 223 218 188 218 219 189 219 223 193 223 224 188 224 223 193 223 221 191 221 217 187 217 281 188 281 279 191 279 284 246 284 283 245 283 282 244 282 285 247 285 284 246 284 282 244 282 283 245 283 287 249 287 282 244 282 287 249 287 286 248 286 282 244 282 286 248 286 289 251 289 282 244 282 289 251 289 288 250 288 282 244 282 290 252 290 285 247 285 282 244 282 288 250 288 290 252 290 282 244 282 290 252 290 288 250 288 300 262 300 288 250 288 289 251 289 300 262 300 301 263 301 290 252 290 300 262 300 302 264 302 301 263 301 300 262 300 303 265 303 302 264 302 300 262 300 289 251 289 304 266 304 300 262 300 305 267 305 303 265 303 300 262 300 304 266 304 305 267 305 300 262 300 284 246 284 285 247 285 330 292 330 285 247 285 290 252 290 330 292 330 331 293 331 284 246 284 330 292 330 313 275 313 331 293 331 330 292 330 312 274 312 313 275 313 330 292 330 313 275 313 312 274 312 306 268 306 310 272 310 313 275 313 306 268 306 311 273 311 310 272 310 306 268 306 307 269 307 311 273 311 306 268 306 308 270 308 307 269 307 306 268 306 309 271 309 308 270 308 306 268 306 314 276 314 309 271 309 306 268 306 312 274 312 314 276 314 306 268 306 314 276 314 312 274 312 330 292 330 308 270 308 309 271 309 324 286 324 309 271 309 314 276 314 324 286 324 325 287 325 308 270 308 324 286 324 314 276 314 326 288 326 324 286 324 326 288 326 328 290 328 324 286 324 328 290 328 327 289 327 324 286 324 329 291 329 325 287 325 324 286 324 327 289 327 329 291 329 324 286 324 290 252 290 332 294 332 330 292 330 332 294 332 314 276 314 330 292 330 302 264 302 303 265 303 350 306 350 303 265 303 305 267 305 350 306 350 328 290 328 351 307 351 350 306 350 351 307 351 302 264 302 350 306 350 352 289 352 328 290 328 350 306 350 305 267 305 353 308 353 350 306 350 354 291 354 352 289 352 350 306 350 353 308 353 354 291 354 350 306 350 314 276 314 332 294 332 355 309 355 326 288 326 314 276 314 355 309 355 332 294 332 290 252 290 355 309 355 302 264 302 351 307 351 355 309 355 328 290 328 326 288 326 355 309 355 351 307 351 328 290 328 355 309 355 290 252 290 301 263 301 355 309 355 301 263 301 302 264 302 355 309 355 354 291 354 353 308 353 356 310 356 353 308 353 305 267 305 356 310 356 357 287 357 354 291 354 356 310 356 305 267 305 304 266 304 356 310 356 304 266 304 289 251 289 356 310 356 289 251 289 358 311 358 356 310 356 359 270 359 357 287 357 356 310 356 358 311 358 359 270 359 356 310 356 359 270 359 358 311 358 366 317 366 358 311 358 289 251 289 366 317 366 367 269 367 359 270 359 366 317 366 335 273 335 367 269 367 366 317 366 334 296 334 335 273 335 366 317 366 335 273 335 334 296 334 333 295 333 336 297 336 335 273 335 333 295 333 334 296 334 287 249 287 333 295 333 287 249 287 334 296 334 366 317 366 287 249 287 337 298 337 333 295 333 337 298 337 296 258 296 333 295 333 296 258 296 338 299 338 333 295 333 339 282 339 336 297 336 333 295 333 338 299 338 339 282 339 333 295 333 339 282 339 338 299 338 346 303 346 338 299 338 296 258 296 346 303 346 347 281 347 339 282 339 346 303 346 296 258 296 292 254 292 346 303 346 292 254 292 296 258 296 291 253 291 293 255 293 292 254 292 291 253 291 292 254 292 293 255 293 346 303 346 294 256 294 293 255 293 291 253 291 296 258 296 295 257 295 291 253 291 295 257 295 298 260 298 291 253 291 298 260 298 297 259 297 291 253 291 299 261 299 294 256 294 291 253 291 297 259 297 299 261 299 291 253 291 293 255 293 294 256 294 340 300 340 294 256 294 299 261 299 340 300 340 341 301 341 293 255 293 340 300 340 293 255 293 341 301 341 346 303 346 342 284 342 341 301 341 340 300 340 342 284 342 347 281 347 346 303 346 341 301 341 342 284 342 346 303 346 343 283 343 342 284 342 340 300 340 299 261 299 344 302 344 340 300 340 344 302 344 323 285 323 340 300 340 323 285 323 345 283 345 340 300 340 323 285 323 344 302 344 348 304 348 299 261 299 297 259 297 348 304 348 344 302 344 299 261 299 348 304 348 297 259 297 298 260 298 348 304 348 318 280 318 323 285 323 348 304 348 323 285 323 318 280 318 315 277 315 318 280 318 317 279 317 315 277 315 317 279 317 318 280 318 348 304 348 317 279 317 316 278 316 315 277 315 316 278 316 320 282 320 315 277 315 320 282 320 319 281 319 315 277 315 319 281 319 322 284 322 315 277 315 322 284 322 321 283 321 315 277 315 321 283 321 323 285 323 315 277 315 298 260 298 349 305 349 348 304 348 349 305 349 317 279 317 348 304 348 298 260 298 295 257 295 360 312 360 361 313 361 298 260 298 360 312 360 284 246 284 361 313 361 360 312 360 283 245 283 284 246 284 360 312 360 295 257 295 296 258 296 360 312 360 296 258 296 337 298 337 360 312 360 287 249 287 283 245 283 360 312 360 337 298 337 287 249 287 360 312 360 320 282 320 316 278 316 362 314 362 316 278 316 317 279 317 362 314 362 363 297 363 320 282 320 362 314 362 311 273 311 363 297 363 362 314 362 310 272 310 311 273 311 362 314 362 317 279 317 364 315 364 362 314 362 313 275 313 310 272 310 362 314 362 364 315 364 313 275 313 362 314 362 313 275 313 364 315 364 365 316 365 317 279 317 349 305 349 365 316 365 364 315 364 317 279 317 365 316 365 298 260 298 361 313 361 365 316 365 349 305 349 298 260 298 365 316 365 361 313 361 284 246 284 365 316 365 331 293 331 313 275 313 365 316 365 284 246 284 331 293 331 365 316 365 286 248 286 287 249 287 366 317 366 289 251 289 286 248 286 366 317 366 370 320 370 369 319 369 368 318 368 371 321 371 370 320 370 368 318 368 369 319 369 370 320 370 372 322 372 370 320 370 373 323 373 372 322 372 373 323 373 370 320 370 374 324 374 370 320 370 375 325 375 374 324 374 370 320 370 371 321 371 376 326 376 375 325 375 370 320 370 376 326 376 388 338 388 375 325 375 376 326 376 375 325 375 388 338 388 374 324 374 387 337 387 388 338 388 376 326 376 388 338 388 387 337 387 386 336 386 389 339 389 388 338 388 386 336 386 388 338 388 390 340 390 374 324 374 388 338 388 389 339 389 391 341 391 390 340 390 388 338 388 391 341 391 417 367 417 371 321 371 368 318 368 371 321 371 417 367 417 376 326 376 416 366 416 417 367 417 368 318 368 417 367 417 416 366 416 398 348 398 399 349 399 417 367 417 398 348 398 394 344 394 399 349 399 398 348 398 397 347 397 394 344 394 398 348 398 394 344 394 397 347 397 396 346 396 393 343 393 394 344 394 396 346 396 394 344 394 393 343 393 392 342 392 395 345 395 394 344 394 392 342 392 394 344 394 395 345 395 400 350 400 399 349 399 394 344 394 400 350 400 417 367 417 399 349 399 400 350 400 410 360 410 395 345 395 392 342 392 395 345 395 410 360 410 400 350 400 411 361 411 410 360 410 392 342 392 410 360 410 412 362 412 400 350 400 412 362 412 410 360 410 413 363 413 410 360 410 414 364 414 413 363 413 410 360 410 411 361 411 415 365 415 414 364 414 410 360 410 415 365 415 417 367 417 418 368 418 376 326 376 418 368 418 417 367 417 400 350 400 437 381 437 389 339 389 386 336 386 389 339 389 437 381 437 391 341 391 437 381 437 436 380 436 413 363 413 436 380 436 437 381 437 386 336 386 438 364 438 437 381 437 413 363 413 437 381 437 439 382 439 391 341 391 437 381 437 438 364 438 440 365 440 439 382 439 437 381 437 440 365 440 441 383 441 418 368 418 400 350 400 412 362 412 441 383 441 400 350 400 418 368 418 441 383 441 376 326 376 441 383 441 436 380 436 386 336 386 441 383 441 412 362 412 413 363 413 436 380 436 441 383 441 413 363 413 441 383 441 387 337 387 376 326 376 387 337 387 441 383 441 386 336 386 442 384 442 439 382 439 440 365 440 439 382 439 442 384 442 391 341 391 443 361 443 442 384 442 440 365 440 442 384 442 390 340 390 391 341 391 390 340 390 442 384 442 374 324 374 442 384 442 444 385 444 374 324 374 442 384 442 443 361 443 445 342 445 444 385 444 442 384 442 445 342 445 453 391 453 444 385 444 445 342 445 444 385 444 453 391 453 374 324 374 452 343 452 453 391 453 445 342 445 453 391 453 452 343 452 419 346 419 420 369 420 453 391 453 419 346 419 421 370 421 420 369 420 419 346 419 422 371 422 421 370 421 419 346 419 420 369 420 421 370 421 372 322 372 453 391 453 420 369 420 372 322 372 421 370 421 423 372 423 372 322 372 423 372 423 421 370 421 381 331 381 421 370 421 424 373 424 381 331 381 421 370 421 422 371 422 425 355 425 424 373 424 421 370 421 425 355 425 432 377 432 424 373 424 425 355 425 424 373 424 432 377 432 381 331 381 433 356 433 432 377 432 425 355 425 432 377 432 378 328 378 381 331 381 378 328 378 379 329 379 381 331 381 379 329 379 378 328 378 377 327 377 378 328 378 432 377 432 377 327 377 380 330 380 379 329 379 377 327 377 379 329 379 382 332 382 381 331 381 382 332 382 379 329 379 383 333 383 379 329 379 384 334 384 383 333 383 379 329 379 380 330 380 385 335 385 384 334 384 379 329 379 385 335 385 428 375 428 380 330 380 377 327 377 380 330 380 428 375 428 385 335 385 427 374 427 428 375 428 377 327 377 432 377 432 427 374 427 377 327 377 428 375 428 427 374 427 426 357 426 432 377 432 433 356 433 426 357 426 427 374 427 432 377 432 426 357 426 429 358 429 428 375 428 426 357 426 428 375 428 430 376 430 385 335 385 430 376 430 428 375 428 409 359 409 428 375 428 431 358 431 409 359 409 434 378 434 430 376 430 409 359 409 434 378 434 384 334 384 385 335 385 430 376 430 434 378 434 385 335 385 384 334 384 434 378 434 383 333 383 404 354 404 434 378 434 409 359 409 403 353 403 404 354 404 409 359 409 404 354 404 403 353 403 401 351 401 434 378 434 404 354 404 401 351 401 403 353 403 402 352 402 401 351 401 402 352 402 403 353 403 405 355 405 403 353 403 406 356 406 405 355 405 406 356 406 403 353 403 407 357 407 403 353 403 408 358 408 407 357 407 408 358 408 403 353 403 409 359 409 434 378 434 435 379 435 383 333 383 435 379 435 434 378 434 401 351 401 447 387 447 382 332 382 383 333 383 446 386 446 447 387 447 383 333 383 447 387 447 446 386 446 368 318 368 369 319 369 447 387 447 368 318 368 382 332 382 447 387 447 381 331 381 447 387 447 423 372 423 381 331 381 447 387 447 369 319 369 372 322 372 423 372 423 447 387 447 372 322 372 449 388 449 402 352 402 405 355 405 402 352 402 449 388 449 401 351 401 448 371 448 449 388 449 405 355 405 449 388 449 448 371 448 396 346 396 397 347 397 449 388 449 396 346 396 449 388 449 450 389 450 401 351 401 449 388 449 397 347 397 398 348 398 450 389 450 449 388 449 398 348 398 451 390 451 450 389 450 398 348 398 451 390 451 435 379 435 401 351 401 450 389 450 451 390 451 401 351 401 451 390 451 446 386 446 383 333 383 435 379 435 451 390 451 383 333 383 446 386 446 451 390 451 368 318 368 416 366 416 451 390 451 398 348 398 451 390 451 416 366 416 368 318 368 373 323 373 453 391 453 372 322 372 453 391 453 373 323 373 374 324 374</p>
                </triangles>
            </mesh>
        </geometry>
    </library_geometries>
    <library_controllers>
        <controller id="Object_0-controller" name="Object_0">
            <skin source="#Object_0-geometry">
                <bind_shape_matrix>1 0 0 0 0 1 0 0 0 0 1 0 0 0 0 1</bind_shape_matrix>
                <source id="Object_0-joints">
                    <Name_array id="Object_0-joints-array" count="1">Waist</Name_array>
                    <technique_common>
                        <accessor count="1" offset="0" source="#Object_0-joints-array" stride="1">
                            <param name="JOINT" type="Name" />
                        </accessor>
                    </technique_common>
                </source>
                <source id="Object_0-matrices">
                    <float_array id="Object_0-matrices-array" count="16">1.034228E-06 1.000001 1E-06 -0.599999 -0.9999991 1.034228E-06 1E-06 9.794629E-07 1E-06 1E-06 -0.999999 1E-06 1E-06 1E-06 1E-06 1.000001</float_array>
                    <technique_common>
                        <accessor count="1" offset="0" source="#Object_0-matrices-array" stride="16">
                            <param name="TRANSFORM" type="float4x4" />
                        </accessor>
                    </technique_common>
                </source>
                <source id="Object_0-weights">
                    <float_array id="Object_0-weights-array" count="1">0.9994</float_array>
                    <technique_common>
                        <accessor count="1" offset="0" source="#Object_0-weights-array" stride="1">
                            <param name="WEIGHT" type="float" />
                        </accessor>
                    </technique_common>
                </source>
                <joints>
                    <input semantic="JOINT" source="#Object_0-joints" />
                    <input semantic="INV_BIND_MATRIX" source="#Object_0-matrices" />
                </joints>
                <vertex_weights count="36">
                    <input semantic="JOINT" source="#Object_0-joints" offset="0" set="0" />
                    <input semantic="WEIGHT" source="#Object_0-weights" offset="1" set="0" />
                    <vcount>1 1 1 1 1 1 1 1 1 1 1 1 1 1 1 1 1 1 1 1 1 1 1 1 1 1 1 1 1 1 1 1 1 1 1 1</vcount>
                    <v>0 0 0 0 0 0 0 0 0 0 0 0 0 0 0 0 0 0 0 0 0 0 0 0 0 0 0 0 0 0 0 0 0 0 0 0 0 0 0 0 0 0 0 0 0 0 0 0 0 0 0 0 0 0 0 0 0 0 0 0 0 0 0 0 0 0 0 0 0 0 0 0</v>
                </vertex_weights>
            </skin>
        </controller>
        <controller id="Object_1-controller" name="Object_1">
            <skin source="#Object_1-geometry">
                <bind_shape_matrix>1 0 0 0 0 1 0 0 0 0 1 0 0 0 0 1</bind_shape_matrix>
                <source id="Object_1-joints">
                    <Name_array id="Object_1-joints-array" count="1">Waist</Name_array>
                    <technique_common>
                        <accessor count="1" offset="0" source="#Object_1-joints-array" stride="1">
                            <param name="JOINT" type="Name" />
                        </accessor>
                    </technique_common>
                </source>
                <source id="Object_1-matrices">
                    <float_array id="Object_1-matrices-array" count="16">1.034228E-06 1.000001 1E-06 -0.599999 -0.9999991 1.034228E-06 1E-06 9.794629E-07 1E-06 1E-06 -0.999999 1E-06 1E-06 1E-06 1E-06 1.000001</float_array>
                    <technique_common>
                        <accessor count="1" offset="0" source="#Object_1-matrices-array" stride="16">
                            <param name="TRANSFORM" type="float4x4" />
                        </accessor>
                    </technique_common>
                </source>
                <source id="Object_1-weights">
                    <float_array id="Object_1-weights-array" count="1">0.9994</float_array>
                    <technique_common>
                        <accessor count="1" offset="0" source="#Object_1-weights-array" stride="1">
                            <param name="WEIGHT" type="float" />
                        </accessor>
                    </technique_common>
                </source>
                <joints>
                    <input semantic="JOINT" source="#Object_1-joints" />
                    <input semantic="INV_BIND_MATRIX" source="#Object_1-matrices" />
                </joints>
                <vertex_weights count="480">
                    <input semantic="JOINT" source="#Object_1-joints" offset="0" set="0" />
                    <input semantic="WEIGHT" source="#Object_1-weights" offset="1" set="0" />
                    <vcount>1 1 1 1 1 1 1 1 1 1 1 1 1 1 1 1 1 1 1 1 1 1 1 1 1 1 1 1 1 1 1 1 1 1 1 1 1 1 1 1 1 1 1 1 1 1 1 1 1 1 1 1 1 1 1 1 1 1 1 1 1 1 1 1 1 1 1 1 1 1 1 1 1 1 1 1 1 1 1 1 1 1 1 1 1 1 1 1 1 1 1 1 1 1 1 1 1 1 1 1 1 1 1 1 1 1 1 1 1 1 1 1 1 1 1 1 1 1 1 1 1 1 1 1 1 1 1 1 1 1 1 1 1 1 1 1 1 1 1 1 1 1 1 1 1 1 1 1 1 1 1 1 1 1 1 1 1 1 1 1 1 1 1 1 1 1 1 1 1 1 1 1 1 1 1 1 1 1 1 1 1 1 1 1 1 1 1 1 1 1 1 1 1 1 1 1 1 1 1 1 1 1 1 1 1 1 1 1 1 1 1 1 1 1 1 1 1 1 1 1 1 1 1 1 1 1 1 1 1 1 1 1 1 1 1 1 1 1 1 1 1 1 1 1 1 1 1 1 1 1 1 1 1 1 1 1 1 1 1 1 1 1 1 1 1 1 1 1 1 1 1 1 1 1 1 1 1 1 1 1 1 1 1 1 1 1 1 1 1 1 1 1 1 1 1 1 1 1 1 1 1 1 1 1 1 1 1 1 1 1 1 1 1 1 1 1 1 1 1 1 1 1 1 1 1 1 1 1 1 1 1 1 1 1 1 1 1 1 1 1 1 1 1 1 1 1 1 1 1 1 1 1 1 1 1 1 1 1 1 1 1 1 1 1 1 1 1 1 1 1 1 1 1 1 1 1 1 1 1 1 1 1 1 1 1 1 1 1 1 1 1 1 1 1 1 1 1 1 1 1 1 1 1 1 1 1 1 1 1 1 1 1 1 1 1 1 1 1 1 1 1 1 1 1 1 1 1 1 1 1 1 1 1 1 1 1 1 1 1 1 1 1 1 1 1 1 1 1 1 1 1 1 1 1 1 1 1 1 1 1 1 1 1 1 1 1 1 1 1 1 1 1 1 1 1 1 1 1 1 1</vcount>
                    <v>0 0 0 0 0 0 0 0 0 0 0 0 0 0 0 0 0 0 0 0 0 0 0 0 0 0 0 0 0 0 0 0 0 0 0 0 0 0 0 0 0 0 0 0 0 0 0 0 0 0 0 0 0 0 0 0 0 0 0 0 0 0 0 0 0 0 0 0 0 0 0 0 0 0 0 0 0 0 0 0 0 0 0 0 0 0 0 0 0 0 0 0 0 0 0 0 0 0 0 0 0 0 0 0 0 0 0 0 0 0 0 0 0 0 0 0 0 0 0 0 0 0 0 0 0 0 0 0 0 0 0 0 0 0 0 0 0 0 0 0 0 0 0 0 0 0 0 0 0 0 0 0 0 0 0 0 0 0 0 0 0 0 0 0 0 0 0 0 0 0 0 0 0 0 0 0 0 0 0 0 0 0 0 0 0 0 0 0 0 0 0 0 0 0 0 0 0 0 0 0 0 0 0 0 0 0 0 0 0 0 0 0 0 0 0 0 0 0 0 0 0 0 0 0 0 0 0 0 0 0 0 0 0 0 0 0 0 0 0 0 0 0 0 0 0 0 0 0 0 0 0 0 0 0 0 0 0 0 0 0 0 0 0 0 0 0 0 0 0 0 0 0 0 0 0 0 0 0 0 0 0 0 0 0 0 0 0 0 0 0 0 0 0 0 0 0 0 0 0 0 0 0 0 0 0 0 0 0 0 0 0 0 0 0 0 0 0 0 0 0 0 0 0 0 0 0 0 0 0 0 0 0 0 0 0 0 0 0 0 0 0 0 0 0 0 0 0 0 0 0 0 0 0 0 0 0 0 0 0 0 0 0 0 0 0 0 0 0 0 0 0 0 0 0 0 0 0 0 0 0 0 0 0 0 0 0 0 0 0 0 0 0 0 0 0 0 0 0 0 0 0 0 0 0 0 0 0 0 0 0 0 0 0 0 0 0 0 0 0 0 0 0 0 0 0 0 0 0 0 0 0 0 0 0 0 0 0 0 0 0 0 0 0 0 0 0 0 0 0 0 0 0 0 0 0 0 0 0 0 0 0 0 0 0 0 0 0 0 0 0 0 0 0 0 0 0 0 0 0 0 0 0 0 0 0 0 0 0 0 0 0 0 0 0 0 0 0 0 0 0 0 0 0 0 0 0 0 0 0 0 0 0 0 0 0 0 0 0 0 0 0 0 0 0 0 0 0 0 0 0 0 0 0 0 0 0 0 0 0 0 0 0 0 0 0 0 0 0 0 0 0 0 0 0 0 0 0 0 0 0 0 0 0 0 0 0 0 0 0 0 0 0 0 0 0 0 0 0 0 0 0 0 0 0 0 0 0 0 0 0 0 0 0 0 0 0 0 0 0 0 0 0 0 0 0 0 0 0 0 0 0 0 0 0 0 0 0 0 0 0 0 0 0 0 0 0 0 0 0 0 0 0 0 0 0 0 0 0 0 0 0 0 0 0 0 0 0 0 0 0 0 0 0 0 0 0 0 0 0 0 0 0 0 0 0 0 0 0 0 0 0 0 0 0 0 0 0 0 0 0 0 0 0 0 0 0 0 0 0 0 0 0 0 0 0 0 0 0 0 0 0 0 0 0 0 0 0 0 0 0 0 0 0 0 0 0 0 0 0 0 0 0 0 0 0 0 0 0 0 0 0 0 0 0 0 0 0 0 0 0 0 0 0 0 0 0 0 0 0 0 0 0 0 0 0 0 0 0 0 0 0 0 0 0 0 0 0 0 0 0 0 0 0 0 0 0 0 0 0 0 0 0 0 0 0 0 0 0 0 0 0 0 0 0 0 0 0 0 0 0 0 0 0 0 0 0 0 0 0 0 0 0 0 0 0 0 0 0 0 0 0 0 0 0 0 0 0 0 0 0 0 0 0 0 0 0 0 0 0 0 0 0 0 0 0 0 0 0 0 0 0 0 0 0 0 0 0 0 0 0 0 0 0 0 0 0 0 0 0 0 0 0 0 0 0 0 0 0 0 0 0 0 0 0 0 0 0 0 0 0 0 0 0 0 0 0 0 0 0 0 0 0 0 0 0 0 0 0 0 0 0 0 0 0 0 0 0 0 0 0 0 0 0 0 0 0 0 0 0 0 0 0 0 0 0 0 0 0 0 0 0 0 0 0 0 0 0 0 0 0 0 0 0 0 0 0 0 0 0 0</v>
                </vertex_weights>
            </skin>
        </controller>
        <controller id="Object_2-controller" name="Object_2">
            <skin source="#Object_2-geometry">
                <bind_shape_matrix>1 0 0 0 0 1 0 0 0 0 1 0 0 0 0 1</bind_shape_matrix>
                <source id="Object_2-joints">
                    <Name_array id="Object_2-joints-array" count="1">Waist</Name_array>
                    <technique_common>
                        <accessor count="1" offset="0" source="#Object_2-joints-array" stride="1">
                            <param name="JOINT" type="Name" />
                        </accessor>
                    </technique_common>
                </source>
                <source id="Object_2-matrices">
                    <float_array id="Object_2-matrices-array" count="16">1.034228E-06 1.000001 1E-06 -0.599999 -0.9999991 1.034228E-06 1E-06 9.794629E-07 1E-06 1E-06 -0.999999 1E-06 1E-06 1E-06 1E-06 1.000001</float_array>
                    <technique_common>
                        <accessor count="1" offset="0" source="#Object_2-matrices-array" stride="16">
                            <param name="TRANSFORM" type="float4x4" />
                        </accessor>
                    </technique_common>
                </source>
                <source id="Object_2-weights">
                    <float_array id="Object_2-weights-array" count="1">0.9994</float_array>
                    <technique_common>
                        <accessor count="1" offset="0" source="#Object_2-weights-array" stride="1">
                            <param name="WEIGHT" type="float" />
                        </accessor>
                    </technique_common>
                </source>
                <joints>
                    <input semantic="JOINT" source="#Object_2-joints" />
                    <input semantic="INV_BIND_MATRIX" source="#Object_2-matrices" />
                </joints>
                <vertex_weights count="66">
                    <input semantic="JOINT" source="#Object_2-joints" offset="0" set="0" />
                    <input semantic="WEIGHT" source="#Object_2-weights" offset="1" set="0" />
                    <vcount>1 1 1 1 1 1 1 1 1 1 1 1 1 1 1 1 1 1 1 1 1 1 1 1 1 1 1 1 1 1 1 1 1 1 1 1 1 1 1 1 1 1 1 1 1 1 1 1 1 1 1 1 1 1 1 1 1 1 1 1 1 1 1 1 1 1</vcount>
                    <v>0 0 0 0 0 0 0 0 0 0 0 0 0 0 0 0 0 0 0 0 0 0 0 0 0 0 0 0 0 0 0 0 0 0 0 0 0 0 0 0 0 0 0 0 0 0 0 0 0 0 0 0 0 0 0 0 0 0 0 0 0 0 0 0 0 0 0 0 0 0 0 0 0 0 0 0 0 0 0 0 0 0 0 0 0 0 0 0 0 0 0 0 0 0 0 0 0 0 0 0 0 0 0 0 0 0 0 0 0 0 0 0 0 0 0 0 0 0 0 0 0 0 0 0 0 0 0 0 0 0 0 0</v>
                </vertex_weights>
            </skin>
        </controller>
        <controller id="Object_3-controller" name="Object_3">
            <skin source="#Object_3-geometry">
                <bind_shape_matrix>1 0 0 0 0 1 0 0 0 0 1 0 0 0 0 1</bind_shape_matrix>
                <source id="Object_3-joints">
                    <Name_array id="Object_3-joints-array" count="1">Waist</Name_array>
                    <technique_common>
                        <accessor count="1" offset="0" source="#Object_3-joints-array" stride="1">
                            <param name="JOINT" type="Name" />
                        </accessor>
                    </technique_common>
                </source>
                <source id="Object_3-matrices">
                    <float_array id="Object_3-matrices-array" count="16">1.034228E-06 1.000001 1E-06 -0.599999 -0.9999991 1.034228E-06 1E-06 9.794629E-07 1E-06 1E-06 -0.999999 1E-06 1E-06 1E-06 1E-06 1.000001</float_array>
                    <technique_common>
                        <accessor count="1" offset="0" source="#Object_3-matrices-array" stride="16">
                            <param name="TRANSFORM" type="float4x4" />
                        </accessor>
                    </technique_common>
                </source>
                <source id="Object_3-weights">
                    <float_array id="Object_3-weights-array" count="1">0.9994</float_array>
                    <technique_common>
                        <accessor count="1" offset="0" source="#Object_3-weights-array" stride="1">
                            <param name="WEIGHT" type="float" />
                        </accessor>
                    </technique_common>
                </source>
                <joints>
                    <input semantic="JOINT" source="#Object_3-joints" />
                    <input semantic="INV_BIND_MATRIX" source="#Object_3-matrices" />
                </joints>
                <vertex_weights count="408">
                    <input semantic="JOINT" source="#Object_3-joints" offset="0" set="0" />
                    <input semantic="WEIGHT" source="#Object_3-weights" offset="1" set="0" />
                    <vcount>1 1 1 1 1 1 1 1 1 1 1 1 1 1 1 1 1 1 1 1 1 1 1 1 1 1 1 1 1 1 1 1 1 1 1 1 1 1 1 1 1 1 1 1 1 1 1 1 1 1 1 1 1 1 1 1 1 1 1 1 1 1 1 1 1 1 1 1 1 1 1 1 1 1 1 1 1 1 1 1 1 1 1 1 1 1 1 1 1 1 1 1 1 1 1 1 1 1 1 1 1 1 1 1 1 1 1 1 1 1 1 1 1 1 1 1 1 1 1 1 1 1 1 1 1 1 1 1 1 1 1 1 1 1 1 1 1 1 1 1 1 1 1 1 1 1 1 1 1 1 1 1 1 1 1 1 1 1 1 1 1 1 1 1 1 1 1 1 1 1 1 1 1 1 1 1 1 1 1 1 1 1 1 1 1 1 1 1 1 1 1 1 1 1 1 1 1 1 1 1 1 1 1 1 1 1 1 1 1 1 1 1 1 1 1 1 1 1 1 1 1 1 1 1 1 1 1 1 1 1 1 1 1 1 1 1 1 1 1 1 1 1 1 1 1 1 1 1 1 1 1 1 1 1 1 1 1 1 1 1 1 1 1 1 1 1 1 1 1 1 1 1 1 1 1 1 1 1 1 1 1 1 1 1 1 1 1 1 1 1 1 1 1 1 1 1 1 1 1 1 1 1 1 1 1 1 1 1 1 1 1 1 1 1 1 1 1 1 1 1 1 1 1 1 1 1 1 1 1 1 1 1 1 1 1 1 1 1 1 1 1 1 1 1 1 1 1 1 1 1 1 1 1 1 1 1 1 1 1 1 1 1 1 1 1 1 1 1 1 1 1 1 1 1 1 1 1 1 1 1 1 1 1 1 1 1 1 1 1 1 1 1 1 1 1 1 1 1 1 1 1 1 1 1 1 1 1 1</vcount>
                    <v>0 0 0 0 0 0 0 0 0 0 0 0 0 0 0 0 0 0 0 0 0 0 0 0 0 0 0 0 0 0 0 0 0 0 0 0 0 0 0 0 0 0 0 0 0 0 0 0 0 0 0 0 0 0 0 0 0 0 0 0 0 0 0 0 0 0 0 0 0 0 0 0 0 0 0 0 0 0 0 0 0 0 0 0 0 0 0 0 0 0 0 0 0 0 0 0 0 0 0 0 0 0 0 0 0 0 0 0 0 0 0 0 0 0 0 0 0 0 0 0 0 0 0 0 0 0 0 0 0 0 0 0 0 0 0 0 0 0 0 0 0 0 0 0 0 0 0 0 0 0 0 0 0 0 0 0 0 0 0 0 0 0 0 0 0 0 0 0 0 0 0 0 0 0 0 0 0 0 0 0 0 0 0 0 0 0 0 0 0 0 0 0 0 0 0 0 0 0 0 0 0 0 0 0 0 0 0 0 0 0 0 0 0 0 0 0 0 0 0 0 0 0 0 0 0 0 0 0 0 0 0 0 0 0 0 0 0 0 0 0 0 0 0 0 0 0 0 0 0 0 0 0 0 0 0 0 0 0 0 0 0 0 0 0 0 0 0 0 0 0 0 0 0 0 0 0 0 0 0 0 0 0 0 0 0 0 0 0 0 0 0 0 0 0 0 0 0 0 0 0 0 0 0 0 0 0 0 0 0 0 0 0 0 0 0 0 0 0 0 0 0 0 0 0 0 0 0 0 0 0 0 0 0 0 0 0 0 0 0 0 0 0 0 0 0 0 0 0 0 0 0 0 0 0 0 0 0 0 0 0 0 0 0 0 0 0 0 0 0 0 0 0 0 0 0 0 0 0 0 0 0 0 0 0 0 0 0 0 0 0 0 0 0 0 0 0 0 0 0 0 0 0 0 0 0 0 0 0 0 0 0 0 0 0 0 0 0 0 0 0 0 0 0 0 0 0 0 0 0 0 0 0 0 0 0 0 0 0 0 0 0 0 0 0 0 0 0 0 0 0 0 0 0 0 0 0 0 0 0 0 0 0 0 0 0 0 0 0 0 0 0 0 0 0 0 0 0 0 0 0 0 0 0 0 0 0 0 0 0 0 0 0 0 0 0 0 0 0 0 0 0 0 0 0 0 0 0 0 0 0 0 0 0 0 0 0 0 0 0 0 0 0 0 0 0 0 0 0 0 0 0 0 0 0 0 0 0 0 0 0 0 0 0 0 0 0 0 0 0 0 0 0 0 0 0 0 0 0 0 0 0 0 0 0 0 0 0 0 0 0 0 0 0 0 0 0 0 0 0 0 0 0 0 0 0 0 0 0 0 0 0 0 0 0 0 0 0 0 0 0 0 0 0 0 0 0 0 0 0 0 0 0 0 0 0 0 0 0 0 0 0 0 0 0 0 0 0 0 0 0 0 0 0 0 0 0 0 0 0 0 0 0 0 0 0 0 0 0 0 0 0 0 0 0 0 0 0 0 0 0 0 0 0 0 0 0 0 0 0 0 0 0 0 0 0 0 0 0 0 0 0 0 0 0 0 0 0 0 0 0 0 0 0 0 0 0 0 0 0 0 0 0 0 0 0 0 0 0 0 0 0 0 0 0 0 0 0 0 0 0 0 0 0 0 0 0 0 0 0 0 0 0 0 0 0 0 0 0 0 0 0 0 0 0 0 0 0 0 0 0 0 0 0 0 0 0 0 0 0 0 0 0 0 0 0 0 0 0 0 0 0 0 0 0 0 0 0 0 0 0 0 0 0 0 0 0 0 0 0 0 0 0 0 0 0 0 0 0 0 0 0 0 0 0 0 0 0 0 0 0 0 0 0 0 0 0</v>
                </vertex_weights>
            </skin>
        </controller>
        <controller id="Object_4-controller" name="Object_4">
            <skin source="#Object_4-geometry">
                <bind_shape_matrix>1 0 0 0 0 1 0 0 0 0 1 0 0 0 0 1</bind_shape_matrix>
                <source id="Object_4-joints">
                    <Name_array id="Object_4-joints-array" count="8">RFeelerB RFeelerA1 RFeelerA2 RFeelerA3 LFeelerA1 LFeelerA2 LFeelerA3 LFeelerB</Name_array>
                    <technique_common>
                        <accessor count="8" offset="0" source="#Object_4-joints-array" stride="1">
                            <param name="JOINT" type="Name" />
                        </accessor>
                    </technique_common>
                </source>
                <source id="Object_4-matrices">
                    <float_array id="Object_4-matrices-array" count="128">0.1235812 0.8795008 -0.4595723 -0.406011 -0.9902712 0.1391459 7.564825E-07 -0.1494418 -0.06394608 -0.4551016 -0.8881385 0.8671857 1E-06 1E-06 1E-06 1.000001 -0.6624332 0.6607176 -0.3530349 -0.3324618 -0.7061875 -0.7080233 1.457299E-06 0.5170637 0.2499586 -0.2493091 -0.9356085 0.7492027 1E-06 1E-06 1E-06 1.000001 -0.8114017 0.4700107 -0.3474424 -0.3581563 -0.5012354 -0.8653095 1.226269E-06 0.6876149 0.3006472 -0.1741503 -0.9376995 0.6916749 1E-06 1E-06 1E-06 1.000001 -0.9384153 -0.2791301 -0.2036158 0.1013649 0.2851048 -0.9584954 1.893986E-06 0.9956813 0.1951672 0.05805236 -0.9790492 0.4597912 1E-06 1E-06 1E-06 1.000001 0.6624357 0.660718 -0.3530337 -0.3324628 -0.7061874 0.7080253 8.55216E-07 -0.5170618 -0.2499561 -0.2493082 -0.9356094 0.7492025 1E-06 1E-06 1E-06 1.000001 0.811403 0.4700116 -0.3474429 -0.3581576 -0.5012366 0.8653111 4.607931E-07 -0.6876123 -0.3006454 -0.1741514 -0.9376999 0.6916764 1E-06 1E-06 1E-06 1.000001 0.9501081 -0.2365668 -0.2033055 0.05727473 0.2416146 0.9703741 3.086816E-07 -0.9949219 -0.1972822 0.0491219 -0.9791143 0.4689487 1E-06 1E-06 1E-06 1.000001 -0.1218346 0.8792074 -0.4605985 -0.4052594 -0.9905334 -0.1372617 1.356571E-06 0.1480008 0.06322384 -0.4562389 -0.887607 0.8677848 1E-06 1E-06 1E-06 1.000001</float_array>
                    <technique_common>
                        <accessor count="8" offset="0" source="#Object_4-matrices-array" stride="16">
                            <param name="TRANSFORM" type="float4x4" />
                        </accessor>
                    </technique_common>
                </source>
                <source id="Object_4-weights">
                    <float_array id="Object_4-weights-array" count="213">0.9993992 0.9994001 0.989934 0.01006603 0.9900503 0.009949684 0.9900188 0.009981155 0.9900026 0.009997368 0.9900064 0.009993553 0.9900484 0.009951591 0.9900532 0.009946823 0.8999996 0.1000004 0.8998804 0.1001196 0.8996525 0.1003485 0.6899996 0.3100004 0.8992081 0.1007919 0.9000607 0.09993935 0.8997107 0.1002893 0.8990803 0.1009197 0.5706568 0.4193983 0.009944916 0.5712986 0.4202251 0.008476257 0.5709829 0.4190989 0.009918213 0.6075773 0.3429327 0.04948997 0.6173878 0.3331013 0.04951096 0.6175842 0.332778 0.04963779 0.5711222 0.418972 0.009906769 0.5709524 0.4191265 0.009921074 0.6189861 0.3312168 0.04979706 0.6196432 0.3304281 0.04992867 0.5706825 0.4285393 0.0007791519 0.5704556 0.4195824 0.009962082 0.6195917 0.330512 0.04989719 0.6180782 0.3323164 0.04960632 0.7590208 0.1296272 0.111352 0.7672024 0.1381006 0.094697 0.7591553 0.1296883 0.1111574 0.5799999 0.4200001 0.5900002 0.4099998 0.7781219 0.1392698 0.08260918 0.7778511 0.1389465 0.08320236 0.758214 0.1297712 0.1120157 0.7668219 0.1387978 0.09438038 0.6099997 0.3900003 0.6000004 0.3999996 0.990036 0.009963989 0.8990917 0.1009083 0.5704727 0.4195662 0.009961128 0.6108503 0.3393373 0.04981327 0.7570038 0.1290674 0.1139288 0.7799997 0.2200003 0.79 0.21 0.8699999 0.1300001 0.9200001 0.07999992 0.9499998 0.05000019 0.9300003 0.06999969 0.9899998 0.01000023 0.9994 0.990023 0.009977102 0.989745 0.0102551 0.989927 0.01007295 0.989781 0.0102191 0.989845 0.01015496 0.990025 0.009974957 0.990027 0.009973049 0.9 0.0999999 0.7 0.3 0.6 0.4000001 0.5949159 0.356356 0.04872894 0.5949531 0.356309 0.048738 0.595993 0.355009 0.04899788 0.598731 0.351587 0.04968309 0.5975175 0.3531033 0.04937887 0.5986309 0.351711 0.04965782 0.5965581 0.354302 0.04913998 0.797787 0.149051 0.0531621 0.795583 0.148107 0.05631113 0.7979081 0.149104 0.05298805 0.5500002 0.45 0.795568 0.148101 0.05633116 0.7983871 0.149309 0.05230379 0.7941141 0.147477 0.05840921 0.7938871 0.14738 0.05873299 0.990008 0.009991884 0.597764 0.352795 0.04944086 0.794286 0.147551 0.05816317 0.7600002 0.24 0.8499999 0.1500001 0.9099998 0.08999991 0.9400001 0.05999994 0.98 0.01999998</float_array>
                    <technique_common>
                        <accessor count="213" offset="0" source="#Object_4-weights-array" stride="1">
                            <param name="WEIGHT" type="float" />
                        </accessor>
                    </technique_common>
                </source>
                <joints>
                    <input semantic="JOINT" source="#Object_4-joints" />
                    <input semantic="INV_BIND_MATRIX" source="#Object_4-matrices" />
                </joints>
                <vertex_weights count="454">
                    <input semantic="JOINT" source="#Object_4-joints" offset="0" set="0" />
                    <input semantic="WEIGHT" source="#Object_4-weights" offset="1" set="0" />
                    <vcount>1 1 1 1 1 1 1 1 1 1 1 1 1 1 1 1 2 2 2 2 1 1 1 2 2 2 1 2 2 2 2 2 2 2 2 2 2 2 2 2 2 2 2 2 3 3 3 3 3 3 3 3 3 3 3 3 3 3 3 3 3 3 3 2 2 2 3 3 2 2 3 3 3 2 2 2 1 1 1 1 1 1 1 2 2 2 3 3 3 2 2 2 2 2 2 2 2 2 2 2 2 2 2 2 2 2 2 2 2 2 2 2 2 2 2 2 2 2 2 2 2 2 2 2 2 2 2 2 2 2 2 2 1 1 1 1 1 1 1 1 1 1 1 1 1 1 1 1 1 1 1 1 1 1 1 1 1 2 2 2 2 1 1 1 2 2 2 1 2 2 2 2 2 2 2 2 2 2 2 2 2 2 2 2 2 2 2 2 3 3 3 2 2 3 3 2 2 2 3 3 3 3 3 3 2 2 2 3 3 2 2 3 3 3 2 2 2 1 1 1 1 1 1 1 1 1 2 2 2 2 3 3 2 2 2 2 2 2 2 2 2 2 2 2 2 2 2 2 2 2 2 2 2 2 2 2 2 2 2 2 2 2 2 2 2 2 2 2 2 2 2 2 2 2 2 2 2 1 1 1 2 1 1 1 1 1 1 1 1 1 1 1 1 1 1 1 1 1 1 1 1 1 1 1 1 1 1 1 1 1 1 1 1 1 1 1 1 1 1 1 1 1 1 1 1 1 1 1 1 1 1 1 1 1 1 1 1 1 1 1 1 1 1 1 1 1 1 1 1 1 1 1 1 1 1 1 1 1 1 1 1 1 1 1 1 1 1 1 1 1 1 1 1 1 1 1 1 1 1 1 1 1 1 1 1 1 1 1 1 1 1 1 1 1 1 1 1 1 1 1 1 1 1 1 1 1 1 1 1 1 1 1 1 1 1 1 1 1 1 1 1 1 1 1 1 1 1 1 1 1 1 1 1 1 1 1 1 1 1 1 1 1 1 1 1 1 1 1 1 1 1 1 1 1</vcount>
                    <v>0 0 0 0 0 0 0 0 0 0 0 0 0 0 0 0 0 0 0 0 0 0 0 0 1 1 1 1 1 1 1 1 1 2 2 3 1 4 2 5 1 6 2 7 1 2 2 3 1 1 1 1 1 1 1 8 2 9 1 10 2 11 1 12 2 13 1 1 1 14 2 15 1 16 2 17 1 18 2 19 1 20 2 21 1 22 2 23 1 22 2 23 1 22 2 23 1 24 2 25 1 26 2 27 1 22 2 23 1 22 2 23 1 28 2 29 1 30 2 31 1 28 2 29 1 22 2 23 1 22 2 23 1 22 2 23 1 32 2 33 3 34 1 35 2 36 3 37 1 38 2 39 3 40 2 41 1 42 3 43 2 44 1 45 3 46 2 47 1 48 3 49 1 50 2 51 3 52 1 53 2 54 3 55 2 56 1 57 3 58 2 59 1 60 3 61 1 62 2 63 3 64 1 65 2 66 3 67 1 62 2 63 3 64 2 68 1 69 3 70 2 71 1 72 3 73 2 68 1 69 3 70 2 74 1 75 3 76 2 77 1 78 3 79 2 80 1 81 3 82 3 83 2 84 3 85 2 86 3 83 2 84 2 87 1 88 3 89 2 90 1 91 3 92 3 83 2 84 3 83 2 84 2 93 1 94 3 95 2 96 1 97 3 98 2 93 1 94 3 95 3 99 2 100 3 101 2 102 3 99 2 100 3 1 3 1 3 1 3 1 3 1 3 1 1 1 1 103 2 104 1 105 2 106 1 22 2 23 1 107 2 108 3 109 2 110 1 111 3 112 2 113 1 114 3 115 3 99 2 100 3 116 2 117 3 118 2 119 3 118 2 119 3 120 2 121 3 120 2 121 3 120 2 121 3 118 2 119 3 120 2 121 3 118 2 119 3 120 2 121 3 116 2 117 3 120 2 121 3 116 2 117 3 116 2 117 3 120 2 121 3 120 2 121 3 116 2 117 3 120 2 121 3 122 2 123 3 122 2 123 3 122 2 123 3 124 2 125 3 124 2 125 3 124 2 125 3 122 2 123 3 124 2 125 3 122 2 123 3 124 2 125 3 126 2 127 3 124 2 125 3 122 2 123 3 124 2 125 3 122 2 123 3 124 2 125 3 122 2 123 3 124 2 125 3 128 2 129 3 128 2 129 3 128 2 129 3 128 2 129 3 128 2 129 3 128 2 129 3 1 3 1 3 1 3 1 3 1 3 1 3 1 3 1 3 1 4 130 4 130 4 130 4 130 4 130 4 130 4 130 4 130 4 130 4 130 4 130 4 130 4 130 4 130 4 130 4 130 4 131 5 132 4 133 5 134 4 135 5 136 4 133 5 134 4 130 4 130 4 130 4 137 5 138 4 139 5 140 4 141 5 142 4 130 4 143 5 144 4 145 5 146 4 145 5 146 4 145 5 146 4 147 5 148 4 147 5 148 4 147 5 148 4 145 5 146 4 145 5 146 4 147 5 148 4 147 5 148 4 145 5 146 4 145 5 146 4 145 5 146 4 147 5 148 4 147 5 148 4 147 5 148 4 149 5 150 4 149 5 150 4 149 5 150 5 151 4 152 6 153 5 154 4 155 6 156 5 157 4 158 6 159 4 149 5 150 4 149 5 150 5 160 4 161 6 162 5 163 4 164 6 165 4 149 5 150 4 149 5 150 4 149 5 150 5 166 4 167 6 168 5 169 4 170 6 171 5 166 4 167 6 168 5 172 4 173 6 174 5 175 4 176 6 177 5 178 4 179 6 180 6 181 5 182 6 181 5 182 6 181 5 182 5 183 4 184 6 185 5 186 4 187 6 188 6 181 5 182 6 181 5 182 5 189 4 190 6 191 5 192 4 193 6 194 5 189 4 190 6 191 6 181 5 182 6 181 5 182 6 181 5 182 6 1 6 1 6 1 6 1 6 1 6 1 6 1 6 1 4 130 4 195 5 196 4 145 5 146 4 147 5 148 4 149 5 150 5 197 4 198 6 199 5 200 4 201 6 202 6 181 5 182 6 203 5 204 6 203 5 204 6 203 5 204 6 205 5 206 6 205 5 206 6 205 5 206 6 203 5 204 6 205 5 206 6 203 5 204 6 205 5 206 6 203 5 204 6 205 5 206 6 203 5 204 6 203 5 204 6 205 5 206 6 205 5 206 6 203 5 204 6 205 5 206 6 207 5 208 6 207 5 208 6 207 5 208 6 209 5 210 6 209 5 210 6 209 5 210 6 207 5 208 6 209 5 210 6 207 5 208 6 209 5 210 6 207 5 208 6 209 5 210 6 207 5 208 6 209 5 210 6 207 5 208 6 209 5 210 6 207 5 208 6 209 5 210 6 211 5 212 6 211 5 212 6 211 5 212 6 211 5 212 6 211 5 212 6 211 5 212 6 211 5 212 6 211 5 212 6 1 6 1 6 1 6 211 5 212 6 1 0 0 0 0 0 0 0 0 0 0 0 0 0 0 0 0 0 0 0 0 0 0 0 0 0 0 0 0 0 0 0 0 0 0 0 0 0 0 0 0 0 0 0 0 0 0 0 0 0 0 0 0 0 0 0 0 0 0 0 0 0 0 0 0 0 0 0 0 0 0 0 0 0 0 0 0 0 0 0 0 0 0 0 0 0 0 0 0 0 0 0 0 0 0 0 0 0 0 0 0 0 0 0 0 0 0 0 0 0 0 0 0 0 0 0 0 0 0 0 0 0 0 0 0 0 0 0 0 0 0 0 0 0 0 0 0 0 0 0 0 0 0 0 0 0 0 0 0 0 0 0 0 0 0 0 0 0 0 0 0 0 0 0 0 0 0 0 0 0 0 0 0 7 0 7 0 7 0 7 0 7 0 7 0 7 0 7 0 7 0 7 0 7 0 7 0 7 0 7 0 7 0 7 0 7 0 7 0 7 0 7 0 7 0 7 0 7 0 7 0 7 0 7 0 7 0 7 0 7 0 7 0 7 0 7 0 7 0 7 0 7 0 7 0 7 0 7 0 7 0 7 0 7 0 7 0 7 0 7 0 7 0 7 0 7 0 7 0 7 0 7 0 7 0 7 0 7 0 7 0 7 0 7 0 7 0 7 0 7 0 7 0 7 0 7 0 7 0 7 0 7 0 7 0 7 0 7 0 7 0 7 0 7 0 7 0 7 0 7 0 7 0 7 0 7 0 7 0 7 0 7 0 7 0 7 0 7 0 7 0 7 0 7 0</v>
                </vertex_weights>
            </skin>
        </controller>
    </library_controllers>
    <library_visual_scenes>
        <visual_scene id="Scene" name="Scene">
            <node id="Marumine" sid="Marumine" name="Marumine" type="JOINT">
                <matrix sid="transform">1 0 0 0 0 1 0 0 0 0 -1 0 0 0 0 1</matrix>
                <node id="Origin" sid="Origin" name="Origin" type="JOINT">
                    <matrix sid="transform">1 0 0 0 0 1 0 0 0 0 1 0 0 0 0 1</matrix>
                    <node id="Waist" sid="Waist" name="Waist" type="JOINT">
                        <matrix sid="transform">3.422854E-08 -0.9999999 0 0 0.9999999 3.422854E-08 0 0.6 0 0 1 0 0 0 0 1</matrix>
                        <node id="LFeelerA1" sid="LFeelerA1" name="LFeelerA1" type="JOINT">
                            <matrix sid="transform">0.660717 0.7080239 -0.249309 0.17254 -0.6624346 0.7061881 0.2499569 -0.04236 0.3530347 1.561845E-07 0.93561 -0.583589 0 0 0 1</matrix>
                            <node id="LFeelerA2" sid="LFeelerA2" name="LFeelerA2" type="JOINT">
                                <matrix sid="transform">0.9707041 0.239688 0.01681701 0.168383 -0.2402236 0.9666281 0.08900902 0 0.005078606 -0.09044126 0.9958889 0 0 0 0 1</matrix>
                                <node id="LFeelerA3" sid="LFeelerA3" name="LFeelerA3" type="JOINT">
                                    <matrix sid="transform">0.7303662 0.652131 0.2031991 0.153541 -0.6809329 0.718567 0.141391 0 -0.05380666 -0.2416321 0.968875 0 0 0 0 1</matrix>
                                </node>
                            </node>
                        </node>
                        <node id="RFeelerA1" sid="RFeelerA1" name="RFeelerA1" type="JOINT">
                            <matrix sid="transform">0.6607166 -0.7080238 -0.2493102 0.17254 0.6624344 0.7061881 -0.2499577 0.04236 0.353036 -4.40509E-07 0.93561 -0.583589 0 0 0 1</matrix>
                            <node id="RFeelerA2" sid="RFeelerA2" name="RFeelerA2" type="JOINT">
                                <matrix sid="transform">0.9707038 -0.239689 0.016819 0.168382 0.2402246 0.966628 -0.08901 0 0.005076998 0.09044269 0.9958889 0 0 0 0 1</matrix>
                                <node id="RFeelerA3" sid="RFeelerA3" name="RFeelerA3" type="JOINT">
                                    <matrix sid="transform">0.700985 -0.6818371 0.2090909 0.153542 0.711904 0.686493 -0.148057 0 -0.04258874 0.2526383 0.9666231 0 0 0 0 1</matrix>
                                </node>
                            </node>
                        </node>
                        <node id="LFeelerB" sid="LFeelerB" name="LFeelerB" type="JOINT">
                            <matrix sid="transform">0.8792067 -0.1372628 -0.4562399 0.17254 0.1218357 0.990535 -0.06322286 -0.04236 0.4605997 -3.56627E-07 0.8876081 -0.583589 0 0 0 1</matrix>
                        </node>
                        <node id="RFeelerB" sid="RFeelerB" name="RFeelerB" type="JOINT">
                            <matrix sid="transform">0.8795002 0.1391449 -0.4551029 0.17254 -0.1235803 0.990272 0.0639471 0.04236 0.4595735 2.490333E-07 0.8881401 -0.583589 0 0 0 1</matrix>
                        </node>
                    </node>
                </node>
                <node id="stereoCamera_defaultGp" sid="stereoCamera_defaultGp" name="stereoCamera_defaultGp" type="JOINT">
                    <matrix sid="transform">1 0 0 0 0 1 0 0 0 0 1 0 0 0 0 1</matrix>
                    <node id="stereoCamera_default" sid="stereoCamera_default" name="stereoCamera_default" type="JOINT">
                        <matrix sid="transform">1 0 0 0 0 0.987267 0.159074 0.2 0 -0.159074 0.987267 -3.8 0 0 0 1</matrix>
                    </node>
                    <node id="stereoCamera_aim" sid="stereoCamera_aim" name="stereoCamera_aim" type="JOINT">
                        <matrix sid="transform">1 0 0 0 0 1 0 0.83 0 0 1 0.11 0 0 0 1</matrix>
                    </node>
                </node>
                <node id="stereoCamera_fullAppealGp" sid="stereoCamera_fullAppealGp" name="stereoCamera_fullAppealGp" type="JOINT">
                    <matrix sid="transform">1 0 0 0 0 1 0 0 0 0 1 0 0 0 0 1</matrix>
                    <node id="stereoCamera_fullAppeal" sid="stereoCamera_fullAppeal" name="stereoCamera_fullAppeal" type="JOINT">
                        <matrix sid="transform">1 0 0 0 0 0.986394 0.164399 0.3 0 -0.164399 0.986394 -5 0 0 0 1</matrix>
                    </node>
                    <node id="stereoCamera_aim1" sid="stereoCamera_aim1" name="stereoCamera_aim1" type="JOINT">
                        <matrix sid="transform">1 0 0 0 0 1 0 1.14 0 0 1 0.04 0 0 0 1</matrix>
                    </node>
                </node>
                <node id="stereoCamera_middleWaitGp" sid="stereoCamera_middleWaitGp" name="stereoCamera_middleWaitGp" type="JOINT">
                    <matrix sid="transform">1 0 0 0 0 1 0 0 0 0 1 0 0 0 0 1</matrix>
                    <node id="stereoCamera_middleWait" sid="stereoCamera_middleWait" name="stereoCamera_middleWait" type="JOINT">
                        <matrix sid="transform">1 0 0 0 0 0.996663 0.08162199 0.310652 0 -0.08162199 0.996663 -3.593234 0 0 0 1</matrix>
                    </node>
                    <node id="stereoCamera_aim2" sid="stereoCamera_aim2" name="stereoCamera_aim2" type="JOINT">
                        <matrix sid="transform">1 0 0 0 0 1 0 0.608196 0 0 1 0.04 0 0 0 1</matrix>
                    </node>
                </node>
                <node id="MarumineSkin" sid="MarumineSkin" name="MarumineSkin" type="JOINT">
                    <matrix sid="transform">1 0 0 0 0 1 0 0 0 0 1 0 0 0 0 1</matrix>
                </node>
            </node>
            <node id="Object_0" sid="Object_0" name="Object_0">
                <instance_controller url="#Object_0-controller">
                    <skeleton>#Marumine</skeleton>
                    <bind_material>
                        <technique_common>
                            <instance_material target="#Eye" symbol="Eye" />
                        </technique_common>
                    </bind_material>
                </instance_controller>
            </node>
            <node id="Object_1" sid="Object_1" name="Object_1">
                <instance_controller url="#Object_1-controller">
                    <skeleton>#Marumine</skeleton>
                    <bind_material>
                        <technique_common>
                            <instance_material target="#Body" symbol="Body" />
                        </technique_common>
                    </bind_material>
                </instance_controller>
            </node>
            <node id="Object_2" sid="Object_2" name="Object_2">
                <instance_controller url="#Object_2-controller">
                    <skeleton>#Marumine</skeleton>
                    <bind_material>
                        <technique_common>
                            <instance_material target="#Mouth" symbol="Mouth" />
                        </technique_common>
                    </bind_material>
                </instance_controller>
            </node>
            <node id="Object_3" sid="Object_3" name="Object_3">
                <instance_controller url="#Object_3-controller">
                    <skeleton>#Marumine</skeleton>
                    <bind_material>
                        <technique_common>
                            <instance_material target="#BodyB" symbol="BodyB" />
                        </technique_common>
                    </bind_material>
                </instance_controller>
            </node>
            <node id="Object_4" sid="Object_4" name="Object_4">
                <instance_controller url="#Object_4-controller">
                    <skeleton>#Marumine</skeleton>
                    <bind_material>
                        <technique_common>
                            <instance_material target="#BodyC" symbol="BodyC" />
                        </technique_common>
                    </bind_material>
                </instance_controller>
            </node>
        </visual_scene>
    </library_visual_scenes>
    <scene>
        <instance_visual_scene url="#Scene" />
    </scene>
</COLLADA>