<?xml version="1.0" encoding="utf-8"?>
<COLLADA xmlns="http://www.collada.org/2005/11/COLLADASchema" version="1.4.1" xmlns:xsi="http://www.w3.org/2001/XMLSchema-instance">
  <asset>
    <contributor>
      <author>Blender User</author>
      <authoring_tool>Blender 4.4.0 commit date:2025-03-17, commit time:17:00, hash:05377985c527</authoring_tool>
    </contributor>
    <created>2025-06-07T01:36:29</created>
    <modified>2025-06-07T01:36:29</modified>
    <unit name="meter" meter="1"/>
    <up_axis>Z_UP</up_axis>
  </asset>
  <library_effects>
    <effect id="LeafMat-effect">
      <profile_COMMON>
        <newparam sid="worldmap_nm01_Leaf002_dif_png-surface">
          <surface type="2D">
            <init_from>worldmap_nm01_Leaf002_dif_png</init_from>
          </surface>
        </newparam>
        <newparam sid="worldmap_nm01_Leaf002_dif_png-sampler">
          <sampler2D>
            <source>worldmap_nm01_Leaf002_dif_png-surface</source>
          </sampler2D>
        </newparam>
        <technique sid="common">
          <lambert>
            <emission>
              <color sid="emission">0 0 0 1</color>
            </emission>
            <diffuse>
              <texture texture="worldmap_nm01_Leaf002_dif_png-sampler" texcoord="ID128"/>
            </diffuse>
            <index_of_refraction>
              <float sid="ior">1.5</float>
            </index_of_refraction>
          </lambert>
        </technique>
      </profile_COMMON>
    </effect>
    <effect id="KinookoMiniMat-effect">
      <profile_COMMON>
        <newparam sid="worldmap_nm01_KinokoMini001_dif_png-surface">
          <surface type="2D">
            <init_from>worldmap_nm01_KinokoMini001_dif_png</init_from>
          </surface>
        </newparam>
        <newparam sid="worldmap_nm01_KinokoMini001_dif_png-sampler">
          <sampler2D>
            <source>worldmap_nm01_KinokoMini001_dif_png-surface</source>
          </sampler2D>
        </newparam>
        <technique sid="common">
          <lambert>
            <emission>
              <color sid="emission">0 0 0 1</color>
            </emission>
            <diffuse>
              <texture texture="worldmap_nm01_KinokoMini001_dif_png-sampler" texcoord="ID120"/>
            </diffuse>
            <index_of_refraction>
              <float sid="ior">1.5</float>
            </index_of_refraction>
          </lambert>
        </technique>
      </profile_COMMON>
    </effect>
    <effect id="KinokoMat-effect">
      <profile_COMMON>
        <newparam sid="worldmap_nm01_Kinoko001_dif_png-surface">
          <surface type="2D">
            <init_from>worldmap_nm01_Kinoko001_dif_png</init_from>
          </surface>
        </newparam>
        <newparam sid="worldmap_nm01_Kinoko001_dif_png-sampler">
          <sampler2D>
            <source>worldmap_nm01_Kinoko001_dif_png-surface</source>
          </sampler2D>
        </newparam>
        <technique sid="common">
          <lambert>
            <emission>
              <color sid="emission">0 0 0 1</color>
            </emission>
            <diffuse>
              <texture texture="worldmap_nm01_Kinoko001_dif_png-sampler" texcoord="ID112"/>
            </diffuse>
            <index_of_refraction>
              <float sid="ior">1.5</float>
            </index_of_refraction>
          </lambert>
        </technique>
      </profile_COMMON>
    </effect>
    <effect id="GrassMat-effect">
      <profile_COMMON>
        <newparam sid="CourseBGGrass01_png-surface">
          <surface type="2D">
            <init_from>CourseBGGrass01_png</init_from>
          </surface>
        </newparam>
        <newparam sid="CourseBGGrass01_png-sampler">
          <sampler2D>
            <source>CourseBGGrass01_png-surface</source>
          </sampler2D>
        </newparam>
        <technique sid="common">
          <lambert>
            <emission>
              <color sid="emission">0 0 0 1</color>
            </emission>
            <diffuse>
              <texture texture="CourseBGGrass01_png-sampler" texcoord="ID104"/>
            </diffuse>
            <index_of_refraction>
              <float sid="ior">1.5</float>
            </index_of_refraction>
          </lambert>
        </technique>
      </profile_COMMON>
    </effect>
    <effect id="FloorFrontMat-effect">
      <profile_COMMON>
        <newparam sid="worldmap_nm01_BasicFloor001_dif_png-surface">
          <surface type="2D">
            <init_from>worldmap_nm01_BasicFloor001_dif_png</init_from>
          </surface>
        </newparam>
        <newparam sid="worldmap_nm01_BasicFloor001_dif_png-sampler">
          <sampler2D>
            <source>worldmap_nm01_BasicFloor001_dif_png-surface</source>
          </sampler2D>
        </newparam>
        <technique sid="common">
          <lambert>
            <emission>
              <color sid="emission">0 0 0 1</color>
            </emission>
            <diffuse>
              <texture texture="worldmap_nm01_BasicFloor001_dif_png-sampler" texcoord="ID96"/>
            </diffuse>
            <index_of_refraction>
              <float sid="ior">1.5</float>
            </index_of_refraction>
          </lambert>
        </technique>
      </profile_COMMON>
    </effect>
    <effect id="FloorMat-effect">
      <profile_COMMON>
        <newparam sid="worldmap_nm01_BasicFloor001_dif_png-surface">
          <surface type="2D">
            <init_from>worldmap_nm01_BasicFloor001_dif_png</init_from>
          </surface>
        </newparam>
        <newparam sid="worldmap_nm01_BasicFloor001_dif_png-sampler">
          <sampler2D>
            <source>worldmap_nm01_BasicFloor001_dif_png-surface</source>
          </sampler2D>
        </newparam>
        <technique sid="common">
          <lambert>
            <emission>
              <color sid="emission">0 0 0 1</color>
            </emission>
            <diffuse>
              <texture texture="worldmap_nm01_BasicFloor001_dif_png-sampler" texcoord="ID88"/>
            </diffuse>
            <index_of_refraction>
              <float sid="ior">1.5</float>
            </index_of_refraction>
          </lambert>
        </technique>
      </profile_COMMON>
    </effect>
    <effect id="MountainMat-effect">
      <profile_COMMON>
        <newparam sid="worldmap_nm01_MountainTriangle001_dif_png-surface">
          <surface type="2D">
            <init_from>worldmap_nm01_MountainTriangle001_dif_png</init_from>
          </surface>
        </newparam>
        <newparam sid="worldmap_nm01_MountainTriangle001_dif_png-sampler">
          <sampler2D>
            <source>worldmap_nm01_MountainTriangle001_dif_png-surface</source>
          </sampler2D>
        </newparam>
        <technique sid="common">
          <lambert>
            <emission>
              <color sid="emission">0 0 0 1</color>
            </emission>
            <diffuse>
              <texture texture="worldmap_nm01_MountainTriangle001_dif_png-sampler" texcoord="ID80"/>
            </diffuse>
            <index_of_refraction>
              <float sid="ior">1.5</float>
            </index_of_refraction>
          </lambert>
        </technique>
      </profile_COMMON>
    </effect>
    <effect id="LineCloudMat-effect">
      <profile_COMMON>
        <newparam sid="CourseBGCloud01_png-surface">
          <surface type="2D">
            <init_from>CourseBGCloud01_png</init_from>
          </surface>
        </newparam>
        <newparam sid="CourseBGCloud01_png-sampler">
          <sampler2D>
            <source>CourseBGCloud01_png-surface</source>
          </sampler2D>
        </newparam>
        <technique sid="common">
          <lambert>
            <emission>
              <color sid="emission">0 0 0 1</color>
            </emission>
            <diffuse>
              <texture texture="CourseBGCloud01_png-sampler" texcoord="ID72"/>
            </diffuse>
            <index_of_refraction>
              <float sid="ior">1.5</float>
            </index_of_refraction>
          </lambert>
        </technique>
      </profile_COMMON>
    </effect>
    <effect id="CloudMat-effect">
      <profile_COMMON>
        <newparam sid="worldmap_nm01_CloudBasic001_dif_png-surface">
          <surface type="2D">
            <init_from>worldmap_nm01_CloudBasic001_dif_png</init_from>
          </surface>
        </newparam>
        <newparam sid="worldmap_nm01_CloudBasic001_dif_png-sampler">
          <sampler2D>
            <source>worldmap_nm01_CloudBasic001_dif_png-surface</source>
          </sampler2D>
        </newparam>
        <technique sid="common">
          <lambert>
            <emission>
              <color sid="emission">0 0 0 1</color>
            </emission>
            <diffuse>
              <texture texture="worldmap_nm01_CloudBasic001_dif_png-sampler" texcoord="ID64"/>
            </diffuse>
            <index_of_refraction>
              <float sid="ior">1.5</float>
            </index_of_refraction>
          </lambert>
        </technique>
      </profile_COMMON>
    </effect>
    <effect id="SkyMat-effect">
      <profile_COMMON>
        <newparam sid="CourseBGMeshNoise_png-surface">
          <surface type="2D">
            <init_from>CourseBGMeshNoise_png</init_from>
          </surface>
        </newparam>
        <newparam sid="CourseBGMeshNoise_png-sampler">
          <sampler2D>
            <source>CourseBGMeshNoise_png-surface</source>
          </sampler2D>
        </newparam>
        <technique sid="common">
          <lambert>
            <emission>
              <color sid="emission">0 0 0 1</color>
            </emission>
            <diffuse>
              <texture texture="CourseBGMeshNoise_png-sampler" texcoord="ID56"/>
            </diffuse>
            <index_of_refraction>
              <float sid="ior">1.5</float>
            </index_of_refraction>
          </lambert>
        </technique>
      </profile_COMMON>
    </effect>
  </library_effects>
  <library_images>
    <image id="CourseBGCloud01_png" name="CourseBGCloud01_png">
      <init_from>CourseBGCloud01.png</init_from>
    </image>
    <image id="CourseBGGrass01_png" name="CourseBGGrass01_png">
      <init_from>CourseBGGrass01.png</init_from>
    </image>
    <image id="CourseBGMeshNoise_png" name="CourseBGMeshNoise_png">
      <init_from>CourseBGMeshNoise.png</init_from>
    </image>
    <image id="worldmap_nm01_BasicFloor001_dif_png" name="worldmap_nm01_BasicFloor001_dif_png">
      <init_from>worldmap_nm01_BasicFloor001_dif.png</init_from>
    </image>
    <image id="worldmap_nm01_CloudBasic001_dif_png" name="worldmap_nm01_CloudBasic001_dif_png">
      <init_from>worldmap_nm01_CloudBasic001_dif.png</init_from>
    </image>
    <image id="worldmap_nm01_Kinoko001_dif_png" name="worldmap_nm01_Kinoko001_dif_png">
      <init_from>worldmap_nm01_Kinoko001_dif.png</init_from>
    </image>
    <image id="worldmap_nm01_KinokoMini001_dif_png" name="worldmap_nm01_KinokoMini001_dif_png">
      <init_from>worldmap_nm01_KinokoMini001_dif.png</init_from>
    </image>
    <image id="worldmap_nm01_Leaf002_dif_png" name="worldmap_nm01_Leaf002_dif_png">
      <init_from>worldmap_nm01_Leaf002_dif.png</init_from>
    </image>
    <image id="worldmap_nm01_MountainTriangle001_dif_png" name="worldmap_nm01_MountainTriangle001_dif_png">
      <init_from>worldmap_nm01_MountainTriangle001_dif.png</init_from>
    </image>
  </library_images>
  <library_materials>
    <material id="LeafMat-material" name="LeafMat">
      <instance_effect url="#LeafMat-effect"/>
    </material>
    <material id="KinookoMiniMat-material" name="KinookoMiniMat">
      <instance_effect url="#KinookoMiniMat-effect"/>
    </material>
    <material id="KinokoMat-material" name="KinokoMat">
      <instance_effect url="#KinokoMat-effect"/>
    </material>
    <material id="GrassMat-material" name="GrassMat">
      <instance_effect url="#GrassMat-effect"/>
    </material>
    <material id="FloorFrontMat-material" name="FloorFrontMat">
      <instance_effect url="#FloorFrontMat-effect"/>
    </material>
    <material id="FloorMat-material" name="FloorMat">
      <instance_effect url="#FloorMat-effect"/>
    </material>
    <material id="MountainMat-material" name="MountainMat">
      <instance_effect url="#MountainMat-effect"/>
    </material>
    <material id="LineCloudMat-material" name="LineCloudMat">
      <instance_effect url="#LineCloudMat-effect"/>
    </material>
    <material id="CloudMat-material" name="CloudMat">
      <instance_effect url="#CloudMat-effect"/>
    </material>
    <material id="SkyMat-material" name="SkyMat">
      <instance_effect url="#SkyMat-effect"/>
    </material>
  </library_materials>
  <library_geometries>
    <geometry id="ID124-mesh" name="ID124">
      <mesh>
        <source id="ID124-mesh-positions">
          <float_array id="ID124-mesh-positions-array" count="384">-4370.644 -36.78503 -111.9909 -4370.376 -54.90737 -69.80136 -4333.656 -9.286983 -99.31214 -4333.388 -27.40948 -57.12262 -4378.232 -51.04342 -78.03318 -4357.348 -39.67015 -100.417 -4403.133 -37.17327 -94.21805 -4382.249 -25.80008 -116.602 -3838.971 -38.26195 -647.7731 -3828.751 -54.34582 -605.9962 -3799.796 -10.94657 -645.7271 -3789.576 -27.0306 -603.9502 -3838.319 -50.72132 -612.2999 -3823.313 -40.85962 -639.5784 -3866.257 -37.13816 -622.7574 -3851.251 -27.27655 -650.036 -3445.041 -38.26195 -698.0171 -3434.821 -54.34582 -656.2402 -3405.866 -10.94657 -695.9711 -3395.646 -27.0306 -654.1942 -3444.389 -50.72132 -662.5438 -3429.384 -40.85962 -689.8223 -3472.327 -37.13816 -673.0013 -3457.321 -27.27655 -700.28 -3167.951 -38.26195 -165.1111 -3157.731 -54.34582 -123.3342 -3128.776 -10.94657 -163.0651 -3118.556 -27.0306 -121.2882 -3167.299 -50.72132 -129.6379 -3152.293 -40.85962 -156.9164 -3195.237 -37.13816 -140.0954 -3180.231 -27.27655 -167.374 -2715.701 -38.26195 -669.2311 -2705.481 -54.34582 -627.4542 -2676.526 -10.94657 -667.1851 -2666.306 -27.0306 -625.4081 -2715.049 -50.72132 -633.7578 -2700.043 -40.85962 -661.0363 -2742.987 -37.13816 -644.2153 -2727.981 -27.27655 -671.494 -2048.551 -38.26195 -615.6251 -2038.331 -54.34582 -573.8482 -2009.376 -10.94657 -613.5791 -1999.156 -27.0306 -571.8022 -2047.899 -50.72132 -580.1519 -2032.893 -40.85962 -607.4304 -2075.836 -37.13816 -590.6093 -2060.831 -27.27655 -617.888 -1564.361 -38.26195 -191.0951 -1554.141 -54.34582 -149.3182 -1525.186 -10.94657 -189.0491 -1514.966 -27.0306 -147.2722 -1563.709 -50.72132 -155.6218 -1548.703 -40.85962 -182.9003 -1591.646 -37.13816 -166.0793 -1576.641 -27.27655 -193.3579 -1167.671 -38.26195 -651.4811 -1157.451 -54.34582 -609.7042 -1128.496 -10.94657 -649.4351 -1118.276 -27.0306 -607.6581 -1167.019 -50.72132 -616.0078 -1152.013 -40.85962 -643.2863 -1194.956 -37.13816 -626.4653 -1179.951 -27.27655 -653.744 -647.0699 -38.26195 -156.3041 -636.85 -54.34582 -114.5272 -607.895 -10.94657 -154.2581 -597.675 -27.0306 -112.4812 -646.418 -50.72132 -120.8309 -631.4125 -40.85962 -148.1094 -674.3555 -37.13816 -131.2884 -659.35 -27.27655 -158.567 -26.69478 -38.26195 -646.705 -16.47495 -54.34582 -604.9282 12.48012 -10.94657 -644.6591 22.70001 -27.0306 -602.8821 -26.0429 -50.72132 -611.2318 -11.03741 -40.85962 -638.5103 -53.98043 -37.13816 -621.6893 -38.97489 -27.27655 -648.968 968.6051 -38.26195 -646.705 978.825 -54.34582 -604.9282 1007.78 -10.94657 -644.6591 1018 -27.0306 -602.8821 969.257 -50.72132 -611.2318 984.2625 -40.85962 -638.5103 941.3195 -37.13816 -621.6893 956.325 -27.27655 -648.968 711.0031 -38.26195 -132.8151 721.223 -54.34582 -91.03818 750.178 -10.94657 -130.7691 760.3979 -27.0306 -88.99221 711.655 -50.72132 -97.34186 726.6605 -40.85962 -124.6204 683.7175 -37.13816 -107.7994 698.723 -27.27655 -135.078 2178.259 -38.26195 -646.705 2188.479 -54.34582 -604.9282 2217.434 -10.94657 -644.6591 2227.654 -27.0306 -602.8821 2178.911 -50.72132 -611.2318 2193.917 -40.85962 -638.5103 2150.973 -37.13816 -621.6893 2165.979 -27.27655 -648.968 1522.709 -38.26195 -161.0951 1532.929 -54.34582 -119.3182 1561.884 -10.94657 -159.0491 1572.104 -27.0306 -117.2722 1523.361 -50.72132 -125.6218 1538.366 -40.85962 -152.9003 1495.423 -37.13816 -136.0793 1510.429 -27.27655 -163.3579 2990.539 -38.26195 -698.9641 3000.759 -54.34582 -657.1872 3029.714 -10.94657 -696.9181 3039.934 -27.0306 -655.1412 2991.191 -50.72132 -663.4908 3006.197 -40.85962 -690.7692 2963.253 -37.13816 -673.9484 2978.259 -27.27655 -701.227 3318.589 -38.26195 -141.7731 3328.809 -54.34582 -99.99617 3357.764 -10.94657 -139.7271 3367.984 -27.0306 -97.95018 3319.241 -50.72132 -106.2999 3334.247 -40.85962 -133.5784 3291.303 -37.13816 -116.7574 3306.309 -27.27655 -144.0359</float_array>
          <technique_common>
            <accessor source="#ID124-mesh-positions-array" count="128" stride="3">
              <param name="X" type="float"/>
              <param name="Y" type="float"/>
              <param name="Z" type="float"/>
            </accessor>
          </technique_common>
        </source>
        <source id="ID124-mesh-normals">
          <float_array id="ID124-mesh-normals-array" count="381">-0.6333663 0.709563 0.3088162 -0.6333679 0.7095626 0.3088139 -0.633368 0.7095627 0.3088138 -0.6333695 0.7095623 0.3088113 0.1180744 0.8364534 0.5351674 0.1180739 0.8364564 0.5351629 0.1180739 0.8364564 0.5351629 0.1180734 0.8364594 0.5351584 -0.5350088 0.7362697 0.4143339 -0.5350072 0.7362681 0.4143388 -0.5350071 0.7362679 0.4143391 -0.5350055 0.7362664 0.414344 0.2497932 0.8585407 0.4477847 0.2497956 0.8585387 0.4477873 0.2497957 0.8585388 0.4477874 0.249798 0.8585367 0.4477899 -0.5350134 0.7362618 0.4143419 -0.5350123 0.736262 0.4143431 -0.5350122 0.736262 0.4143431 -0.5350111 0.7362622 0.4143443 0.249801 0.8585381 0.4477853 0.2498012 0.8585373 0.4477869 0.2498012 0.8585374 0.4477869 0.2498013 0.8585366 0.4477884 -0.535012 0.736267 0.4143347 -0.5350117 0.7362648 0.4143388 -0.5350117 0.7362647 0.4143391 -0.5350113 0.7362626 0.4143433 0.2497951 0.8585398 0.4477857 0.2497979 0.858537 0.4477894 0.249798 0.858537 0.4477894 0.2498009 0.8585343 0.4477931 -0.5350137 0.7362622 0.4143409 -0.5350135 0.7362619 0.4143418 -0.5350135 0.7362619 0.4143418 -0.5350132 0.7362616 0.4143427 0.2497936 0.8585391 0.4477877 0.2497938 0.8585399 0.447786 0.2497938 0.8585399 0.447786 0.249794 0.8585407 0.4477844 -0.535015 0.7362615 0.4143404 -0.5350096 0.7362652 0.4143409 -0.5350093 0.7362654 0.4143409 -0.5350039 0.7362691 0.4143413 0.2498041 0.8585327 0.447794 0.2498019 0.8585375 0.4477863 0.2498019 0.8585375 0.4477862 0.2497996 0.8585422 0.4477784 -0.5350139 0.7362625 0.4143401 -0.5350106 0.7362647 0.4143407 -0.5350104 0.7362647 0.4143406 -0.5350071 0.7362668 0.4143412 0.2498058 0.8585309 0.4477968 0.249803 0.8585359 0.4477886 0.249803 0.858536 0.4477885 0.2498003 0.858541 0.4477804 -0.5350123 0.7362638 0.4143398 -0.5350113 0.7362648 0.4143394 -0.5350112 0.7362648 0.4143394 -0.5350103 0.7362657 0.4143391 0.2498044 0.8585316 0.447796 0.2498016 0.8585374 0.4477864 0.2498016 0.8585375 0.4477863 0.2497988 0.8585434 0.4477767 -0.5350124 0.7362651 0.4143373 -0.5350109 0.736265 0.4143396 -0.5350108 0.736265 0.4143396 -0.5350093 0.7362648 0.4143419 0.2498031 0.8585349 0.4477906 0.2498024 0.8585363 0.4477882 0.2498024 0.8585363 0.4477881 0.2498016 0.8585377 0.4477858 -0.5350122 0.7362648 0.4143382 -0.5350115 0.7362649 0.414339 -0.5350114 0.736265 0.414339 -0.5350107 0.736265 0.4143397 0.2498025 0.8585352 0.4477902 0.2498017 0.8585372 0.4477868 0.2498017 0.8585372 0.4477868 0.2498009 0.8585392 0.4477834 -0.5350129 0.7362635 0.4143398 -0.5350114 0.7362643 0.41434 -0.5350114 0.7362644 0.4143401 -0.5350099 0.7362653 0.4143403 0.2498032 0.8585345 0.4477913 0.2498021 0.858537 0.4477872 0.2498021 0.858537 0.4477871 0.2498009 0.8585395 0.447783 -0.5350114 0.736265 0.4143389 -0.5350113 0.736265 0.414339 -0.5350102 0.7362649 0.4143406 0.2498021 0.8585358 0.4477891 0.2498018 0.8585369 0.4477875 0.2498018 0.8585369 0.4477875 0.2498015 0.8585379 0.4477859 -0.5350124 0.7362629 0.4143412 -0.5350112 0.7362641 0.414341 -0.5350111 0.7362641 0.414341 -0.5350098 0.7362652 0.4143407 0.249796 0.8585371 0.4477905 0.249797 0.8585368 0.4477901 0.249797 0.8585369 0.4477901 0.249798 0.8585367 0.4477899 -0.535012 0.7362634 0.414341 -0.5350105 0.7362647 0.4143406 -0.5350105 0.7362647 0.4143407 -0.535009 0.736266 0.4143403 0.2498023 0.858537 0.4477868 0.2498027 0.8585365 0.4477878 0.2498027 0.8585365 0.4477878 0.249803 0.8585359 0.4477888 -0.535016 0.736263 0.4143365 -0.5350088 0.736267 0.4143387 -0.5350084 0.7362673 0.4143388 -0.5350012 0.7362712 0.414341 0.2497974 0.8585336 0.4477962 0.2497964 0.8585352 0.4477936 0.2497964 0.8585352 0.4477935 0.2497954 0.858537 0.4477908 -0.5350148 0.7362625 0.4143392 -0.5350161 0.7362596 0.4143426 -0.5350161 0.7362595 0.4143428 -0.5350173 0.7362566 0.4143461 0.2497944 0.858539 0.4477877 0.2497972 0.858536 0.4477915 0.2497972 0.858536 0.4477916 0.2498001 0.858533 0.4477956</float_array>
          <technique_common>
            <accessor source="#ID124-mesh-normals-array" count="127" stride="3">
              <param name="X" type="float"/>
              <param name="Y" type="float"/>
              <param name="Z" type="float"/>
            </accessor>
          </technique_common>
        </source>
        <source id="ID124-mesh-map-0">
          <float_array id="ID124-mesh-map-0-array" count="384">0 0 2 0 0 1 2 0 2 1 0 1 0 0 2 0 0 1 2 0 2 1 0 1 0 0 2 0 0 1 2 0 2 1 0 1 0 0 2 0 0 1 2 0 2 1 0 1 0 0 2 0 0 1 2 0 2 1 0 1 0 0 2 0 0 1 2 0 2 1 0 1 0 0 2 0 0 1 2 0 2 1 0 1 0 0 2 0 0 1 2 0 2 1 0 1 0 0 2 0 0 1 2 0 2 1 0 1 0 0 2 0 0 1 2 0 2 1 0 1 0 0 2 0 0 1 2 0 2 1 0 1 0 0 2 0 0 1 2 0 2 1 0 1 0 0 2 0 0 1 2 0 2 1 0 1 0 0 2 0 0 1 2 0 2 1 0 1 0 0 2 0 0 1 2 0 2 1 0 1 0 0 2 0 0 1 2 0 2 1 0 1 0 0 2 0 0 1 2 0 2 1 0 1 0 0 2 0 0 1 2 0 2 1 0 1 0 0 2 0 0 1 2 0 2 1 0 1 0 0 2 0 0 1 2 0 2 1 0 1 0 0 2 0 0 1 2 0 2 1 0 1 0 0 2 0 0 1 2 0 2 1 0 1 0 0 2 0 0 1 2 0 2 1 0 1 0 0 2 0 0 1 2 0 2 1 0 1 0 0 2 0 0 1 2 0 2 1 0 1 0 0 2 0 0 1 2 0 2 1 0 1 0 0 2 0 0 1 2 0 2 1 0 1 0 0 2 0 0 1 2 0 2 1 0 1 0 0 2 0 0 1 2 0 2 1 0 1 0 0 2 0 0 1 2 0 2 1 0 1 0 0 2 0 0 1 2 0 2 1 0 1 0 0 2 0 0 1 2 0 2 1 0 1</float_array>
          <technique_common>
            <accessor source="#ID124-mesh-map-0-array" count="192" stride="2">
              <param name="S" type="float"/>
              <param name="T" type="float"/>
            </accessor>
          </technique_common>
        </source>
        <source id="ID124-mesh-colors-ID130" name="ID130">
          <float_array id="ID124-mesh-colors-ID130-array" count="768">0 0 0 1 0 0 0 1 0 0 0 1 0 0 0 1 0 0 0 1 0 0 0 1 0 0 0 1 0 0 0 1 0 0 0 1 0 0 0 1 0 0 0 1 0 0 0 1 0 0 0 1 0 0 0 1 0 0 0 1 0 0 0 1 0 0 0 1 0 0 0 1 0 0 0 1 0 0 0 1 0 0 0 1 0 0 0 1 0 0 0 1 0 0 0 1 0 0 0 1 0 0 0 1 0 0 0 1 0 0 0 1 0 0 0 1 0 0 0 1 0 0 0 1 0 0 0 1 0 0 0 1 0 0 0 1 0 0 0 1 0 0 0 1 0 0 0 1 0 0 0 1 0 0 0 1 0 0 0 1 0 0 0 1 0 0 0 1 0 0 0 1 0 0 0 1 0 0 0 1 0 0 0 1 0 0 0 1 0 0 0 1 0 0 0 1 0 0 0 1 0 0 0 1 0 0 0 1 0 0 0 1 0 0 0 1 0 0 0 1 0 0 0 1 0 0 0 1 0 0 0 1 0 0 0 1 0 0 0 1 0 0 0 1 0 0 0 1 0 0 0 1 0 0 0 1 0 0 0 1 0 0 0 1 0 0 0 1 0 0 0 1 0 0 0 1 0 0 0 1 0 0 0 1 0 0 0 1 0 0 0 1 0 0 0 1 0 0 0 1 0 0 0 1 0 0 0 1 0 0 0 1 0 0 0 1 0 0 0 1 0 0 0 1 0 0 0 1 0 0 0 1 0 0 0 1 0 0 0 1 0 0 0 1 0 0 0 1 0 0 0 1 0 0 0 1 0 0 0 1 0 0 0 1 0 0 0 1 0 0 0 1 0 0 0 1 0 0 0 1 0 0 0 1 0 0 0 1 0 0 0 1 0 0 0 1 0 0 0 1 0 0 0 1 0 0 0 1 0 0 0 1 0 0 0 1 0 0 0 1 0 0 0 1 0 0 0 1 0 0 0 1 0 0 0 1 0 0 0 1 0 0 0 1 0 0 0 1 0 0 0 1 0 0 0 1 0 0 0 1 0 0 0 1 0 0 0 1 0 0 0 1 0 0 0 1 0 0 0 1 0 0 0 1 0 0 0 1 0 0 0 1 0 0 0 1 0 0 0 1 0 0 0 1 0 0 0 1 0 0 0 1 0 0 0 1 0 0 0 1 0 0 0 1 0 0 0 1 0 0 0 1 0 0 0 1 0 0 0 1 0 0 0 1 0 0 0 1 0 0 0 1 0 0 0 1 0 0 0 1 0 0 0 1 0 0 0 1 0 0 0 1 0 0 0 1 0 0 0 1 0 0 0 1 0 0 0 1 0 0 0 1 0 0 0 1 0 0 0 1 0 0 0 1 0 0 0 1 0 0 0 1 0 0 0 1 0 0 0 1 0 0 0 1 0 0 0 1 0 0 0 1 0 0 0 1 0 0 0 1 0 0 0 1 0 0 0 1 0 0 0 1 0 0 0 1 0 0 0 1 0 0 0 1 0 0 0 1 0 0 0 1 0 0 0 1 0 0 0 1 0 0 0 1 0 0 0 1 0 0 0 1 0 0 0 1 0 0 0 1 0 0 0 1 0 0 0 1 0 0 0 1 0 0 0 1 0 0 0 1 0 0 0 1 0 0 0 1 0 0 0 1 0 0 0 1 0 0 0 1 0 0 0 1 0 0 0 1 0 0 0 1 0 0 0 1 0 0 0 1 0 0 0 1 0 0 0 1</float_array>
          <technique_common>
            <accessor source="#ID124-mesh-colors-ID130-array" count="192" stride="4">
              <param name="R" type="float"/>
              <param name="G" type="float"/>
              <param name="B" type="float"/>
              <param name="A" type="float"/>
            </accessor>
          </technique_common>
        </source>
        <vertices id="ID124-mesh-vertices">
          <input semantic="POSITION" source="#ID124-mesh-positions"/>
        </vertices>
        <triangles material="LeafMat-material" count="64">
          <input semantic="VERTEX" source="#ID124-mesh-vertices" offset="0"/>
          <input semantic="NORMAL" source="#ID124-mesh-normals" offset="1"/>
          <input semantic="TEXCOORD" source="#ID124-mesh-map-0" offset="2" set="0"/>
          <input semantic="COLOR" source="#ID124-mesh-colors-ID130" offset="3" set="0"/>
          <p>0 0 0 0 1 1 1 1 2 2 2 2 1 1 3 3 3 3 4 4 2 2 5 5 4 4 6 6 5 5 7 7 6 6 8 8 5 5 9 9 7 7 10 10 6 6 11 11 8 8 12 12 9 9 13 13 10 10 14 14 9 9 15 15 11 11 16 16 10 10 17 17 12 12 18 18 13 13 19 19 14 14 20 20 13 13 21 21 15 15 22 22 14 14 23 23 16 16 24 24 17 17 25 25 18 18 26 26 17 17 27 27 19 19 28 28 18 18 29 29 20 20 30 30 21 21 31 31 22 22 32 32 21 21 33 33 23 23 34 34 22 22 35 35 24 24 36 36 25 25 37 37 26 26 38 38 25 25 39 39 27 27 40 40 26 26 41 41 28 28 42 42 29 29 43 43 30 30 44 44 29 29 45 45 31 31 46 46 30 30 47 47 32 32 48 48 33 33 49 49 34 34 50 50 33 33 51 51 35 35 52 52 34 34 53 53 36 36 54 54 37 37 55 55 38 38 56 56 37 37 57 57 39 39 58 58 38 38 59 59 40 40 60 60 41 41 61 61 42 42 62 62 41 41 63 63 43 43 64 64 42 42 65 65 44 44 66 66 45 45 67 67 46 46 68 68 45 45 69 69 47 47 70 70 46 46 71 71 48 48 72 72 49 49 73 73 50 50 74 74 49 49 75 75 51 51 76 76 50 50 77 77 52 52 78 78 53 53 79 79 54 54 80 80 53 53 81 81 55 55 82 82 54 54 83 83 56 56 84 84 57 57 85 85 58 58 86 86 57 57 87 87 59 59 88 88 58 58 89 89 60 60 90 90 61 61 91 91 62 62 92 92 61 61 93 93 63 63 94 94 62 62 95 95 64 64 96 96 65 65 97 97 66 66 98 98 65 65 99 99 67 67 100 100 66 66 101 101 68 68 102 102 69 69 103 103 70 70 104 104 69 69 105 105 71 71 106 106 70 70 107 107 72 72 108 108 73 73 109 109 74 74 110 110 73 73 111 111 75 75 112 112 74 74 113 113 76 76 114 114 77 77 115 115 78 78 116 116 77 77 117 117 79 79 118 118 78 78 119 119 80 80 120 120 81 81 121 121 82 82 122 122 81 81 123 123 83 83 124 124 82 82 125 125 84 84 126 126 85 85 127 127 86 86 128 128 85 85 129 129 87 87 130 130 86 86 131 131 88 64 132 132 89 88 133 133 90 89 134 134 89 88 135 135 91 90 136 136 90 89 137 137 92 91 138 138 93 92 139 139 94 93 140 140 93 92 141 141 95 94 142 142 94 93 143 143 96 95 144 144 97 96 145 145 98 97 146 146 97 96 147 147 99 98 148 148 98 97 149 149 100 99 150 150 101 100 151 151 102 101 152 152 101 100 153 153 103 102 154 154 102 101 155 155 104 103 156 156 105 104 157 157 106 105 158 158 105 104 159 159 107 106 160 160 106 105 161 161 108 107 162 162 109 108 163 163 110 109 164 164 109 108 165 165 111 110 166 166 110 109 167 167 112 111 168 168 113 112 169 169 114 113 170 170 113 112 171 171 115 114 172 172 114 113 173 173 116 115 174 174 117 116 175 175 118 117 176 176 117 116 177 177 119 118 178 178 118 117 179 179 120 119 180 180 121 120 181 181 122 121 182 182 121 120 183 183 123 122 184 184 122 121 185 185 124 123 186 186 125 124 187 187 126 125 188 188 125 124 189 189 127 126 190 190 126 125 191 191</p>
        </triangles>
      </mesh>
    </geometry>
    <geometry id="ID116-mesh" name="ID116">
      <mesh>
        <source id="ID116-mesh-positions">
          <float_array id="ID116-mesh-positions-array" count="222">-263.5527 48.91976 -2520.07 168.8673 48.91976 -2520.07 -263.5527 166.21 -2520.069 168.8673 166.21 -2520.069 -263.5527 -50 -2520.07 168.8673 -50 -2520.07 1067.29 48.91976 -2520.07 1499.71 48.91976 -2520.07 1067.29 166.21 -2520.069 1499.71 166.21 -2520.069 1067.29 -50 -2520.07 1499.71 -50 -2520.07 -1357.986 70.78266 -2520.07 -829.994 70.78266 -2520.07 -1357.986 213.996 -2520.069 -829.994 213.996 -2520.069 -1357.986 -50 -2520.07 -829.994 -50 -2520.07 -2128.085 50.70179 -2520.07 -1687.875 50.70179 -2520.07 -2128.085 170.105 -2520.069 -1687.875 170.105 -2520.069 -2128.085 -50 -2520.07 -1687.875 -50 -2520.07 4351.66 48.91976 -2520.07 4784.08 48.91976 -2520.07 4351.66 166.21 -2520.069 4784.08 166.21 -2520.069 4351.66 -50 -2520.07 4784.08 -50 -2520.07 3340.294 70.78266 -2524.949 3868.286 70.78266 -2524.949 3340.294 213.996 -2524.949 3868.286 213.996 -2524.949 3340.294 -50 -2524.95 3868.286 -50 -2524.95 2261.135 50.70179 -2524.95 2701.345 50.70179 -2524.95 2261.135 170.105 -2524.949 2701.345 170.105 -2524.949 2261.135 -50 -2524.95 2701.345 -50 -2524.95 -3245.566 70.78266 -2524.949 -2717.574 70.78266 -2524.949 -3245.566 213.996 -2524.949 -2717.574 213.996 -2524.949 -3245.566 -50 -2524.95 -2717.574 -50 -2524.95 -4015.675 50.70179 -2524.95 -3575.465 50.70179 -2524.95 -4015.675 170.105 -2524.949 -3575.465 170.105 -2524.949 -4015.675 -50 -2524.95 -3575.465 -50 -2524.95 -397.139 -50 -2726.66 -397.139 97.681 -2726.659 -692.501 -50 -2726.66 -692.501 97.681 -2726.659 868.986 -50 -2726.66 868.986 97.681 -2726.659 573.624 -50 -2726.66 573.624 97.681 -2726.659 3177.971 -50 -2726.66 3177.971 97.681 -2726.659 2882.609 -50 -2726.66 2882.609 97.681 -2726.659 -3277.479 -50 -2726.66 -3277.479 97.681 -2726.659 -3572.841 -50 -2726.66 -3572.841 97.681 -2726.659 -1349.729 -50 -2726.66 -1349.729 97.681 -2726.659 -1645.091 -50 -2726.66 -1645.091 97.681 -2726.659</float_array>
          <technique_common>
            <accessor source="#ID116-mesh-positions-array" count="74" stride="3">
              <param name="X" type="float"/>
              <param name="Y" type="float"/>
              <param name="Z" type="float"/>
            </accessor>
          </technique_common>
        </source>
        <source id="ID116-mesh-normals">
          <float_array id="ID116-mesh-normals-array" count="102">0 -4.16309e-6 1 0 -4.16292e-6 1 0 -8.32603e-6 1 0 0 1 0 -8.32603e-6 1 0 -4.16308e-6 1 0 -8.32603e-6 1 0 -3.40952e-6 1 0 -3.40939e-6 1 0 -6.81893e-6 1 0 -6.81894e-6 1 0 -4.08942e-6 1 0 -4.08926e-6 1 0 -8.1787e-6 1 0 -8.17869e-6 1 0 -4.04258e-6 1 0 -4.04273e-6 1 0 -8.08528e-6 1 0 -8.08529e-6 1 0 -4.08941e-6 1 0 -4.08926e-6 1 0 -4.08942e-6 1 0 -4.08926e-6 1 0 -8.1787e-6 1 0 -8.17869e-6 1 0 -6.61265e-6 1 0 -6.61265e-6 1 0 -6.61265e-6 1 0 -6.61265e-6 1 0 -6.61265e-6 1 0 -6.61265e-6 1 0 -6.61265e-6 1 0 -6.61265e-6 1 0 -6.61265e-6 1</float_array>
          <technique_common>
            <accessor source="#ID116-mesh-normals-array" count="34" stride="3">
              <param name="X" type="float"/>
              <param name="Y" type="float"/>
              <param name="Z" type="float"/>
            </accessor>
          </technique_common>
        </source>
        <source id="ID116-mesh-map-0">
          <float_array id="ID116-mesh-map-0-array" count="276">0 0.457517 2 0.457517 0 1 2 0 2 0.457517 0 0.457517 0 0 2 0 0 0.457517 2 0.457517 2 1 0 1 0 0.457517 2 0.457517 0 1 2 0 2 0.457517 0 0.457517 0 0 2 0 0 0.457517 2 0.457517 2 1 0 1 0 0.457517 2 0.457517 0 1 2 0 2 0.457517 0 0.457517 0 0 2 0 0 0.457517 2 0.457517 2 1 0 1 0 0.457517 2 0.457517 0 1 2 0 2 0.457517 0 0.457517 0 0 2 0 0 0.457517 2 0.457517 2 1 0 1 0 0.457517 2 0.457517 0 1 2 0 2 0.457517 0 0.457517 0 0 2 0 0 0.457517 2 0.457517 2 1 0 1 0 0.457517 2 0.457517 0 1 2 0 2 0.457517 0 0.457517 0 0 2 0 0 0.457517 2 0.457517 2 1 0 1 0 0.457517 2 0.457517 0 1 2 0 2 0.457517 0 0.457517 0 0 2 0 0 0.457517 2 0.457517 2 1 0 1 0 0.457517 2 0.457517 0 1 2 0 2 0.457517 0 0.457517 0 0 2 0 0 0.457517 2 0.457517 2 1 0 1 0 0.457517 2 0.457517 0 1 2 0 2 0.457517 0 0.457517 0 0 2 0 0 0.457517 2 0.457517 2 1 0 1 2 0 2 1 0 0 2 1 0 1 0 0 2 0 2 1 0 0 2 1 0 1 0 0 2 0 2 1 0 0 2 1 0 1 0 0 2 0 2 1 0 0 2 1 0 1 0 0 2 0 2 1 0 0 2 1 0 1 0 0</float_array>
          <technique_common>
            <accessor source="#ID116-mesh-map-0-array" count="138" stride="2">
              <param name="S" type="float"/>
              <param name="T" type="float"/>
            </accessor>
          </technique_common>
        </source>
        <source id="ID116-mesh-colors-ID122" name="ID122">
          <float_array id="ID116-mesh-colors-ID122-array" count="552">0 0 0 1 0 0 0 1 0 0 0 1 1 1 1 1 0 0 0 1 0 0 0 1 1 1 1 1 1 1 1 1 0 0 0 1 0 0 0 1 0 0 0 1 0 0 0 1 0 0 0 1 0 0 0 1 0 0 0 1 1 1 1 1 0 0 0 1 0 0 0 1 1 1 1 1 1 1 1 1 0 0 0 1 0 0 0 1 0 0 0 1 0 0 0 1 0 0 0 1 0 0 0 1 0 0 0 1 1 1 1 1 0 0 0 1 0 0 0 1 1 1 1 1 1 1 1 1 0 0 0 1 0 0 0 1 0 0 0 1 0 0 0 1 0 0 0 1 0 0 0 1 0 0 0 1 1 1 1 1 0 0 0 1 0 0 0 1 1 1 1 1 1 1 1 1 0 0 0 1 0 0 0 1 0 0 0 1 0 0 0 1 0 0 0 1 0 0 0 1 0 0 0 1 1 1 1 1 0 0 0 1 0 0 0 1 1 1 1 1 1 1 1 1 0 0 0 1 0 0 0 1 0 0 0 1 0 0 0 1 0 0 0 1 0 0 0 1 0 0 0 1 1 1 1 1 0 0 0 1 0 0 0 1 1 1 1 1 1 1 1 1 0 0 0 1 0 0 0 1 0 0 0 1 0 0 0 1 0 0 0 1 0 0 0 1 0 0 0 1 1 1 1 1 0 0 0 1 0 0 0 1 1 1 1 1 1 1 1 1 0 0 0 1 0 0 0 1 0 0 0 1 0 0 0 1 0 0 0 1 0 0 0 1 0 0 0 1 1 1 1 1 0 0 0 1 0 0 0 1 1 1 1 1 1 1 1 1 0 0 0 1 0 0 0 1 0 0 0 1 0 0 0 1 0 0 0 1 0 0 0 1 0 0 0 1 1 1 1 1 0 0 0 1 0 0 0 1 1 1 1 1 1 1 1 1 0 0 0 1 0 0 0 1 0 0 0 1 0 0 0 1 1 1 1 1 0 0 0 1 1 1 1 1 0 0 0 1 0 0 0 1 1 1 1 1 1 1 1 1 0 0 0 1 1 1 1 1 0 0 0 1 0 0 0 1 1 1 1 1 1 1 1 1 0 0 0 1 1 1 1 1 0 0 0 1 0 0 0 1 1 1 1 1 1 1 1 1 0 0 0 1 1 1 1 1 0 0 0 1 0 0 0 1 1 1 1 1 1 1 1 1 0 0 0 1 1 1 1 1 0 0 0 1 0 0 0 1 1 1 1 1</float_array>
          <technique_common>
            <accessor source="#ID116-mesh-colors-ID122-array" count="138" stride="4">
              <param name="R" type="float"/>
              <param name="G" type="float"/>
              <param name="B" type="float"/>
              <param name="A" type="float"/>
            </accessor>
          </technique_common>
        </source>
        <vertices id="ID116-mesh-vertices">
          <input semantic="POSITION" source="#ID116-mesh-positions"/>
        </vertices>
        <triangles material="KinookoMiniMat-material" count="46">
          <input semantic="VERTEX" source="#ID116-mesh-vertices" offset="0"/>
          <input semantic="NORMAL" source="#ID116-mesh-normals" offset="1"/>
          <input semantic="TEXCOORD" source="#ID116-mesh-map-0" offset="2" set="0"/>
          <input semantic="COLOR" source="#ID116-mesh-colors-ID122" offset="3" set="0"/>
          <p>0 0 0 0 1 1 1 1 2 2 2 2 5 3 3 3 1 1 4 4 0 0 5 5 4 3 6 6 5 3 7 7 0 0 8 8 1 1 9 9 3 4 10 10 2 2 11 11 6 5 12 12 7 1 13 13 8 2 14 14 11 3 15 15 7 1 16 16 6 5 17 17 10 3 18 18 11 3 19 19 6 5 20 20 7 1 21 21 9 6 22 22 8 2 23 23 12 7 24 24 13 8 25 25 14 9 26 26 17 3 27 27 13 8 28 28 12 7 29 29 16 3 30 30 17 3 31 31 12 7 32 32 13 8 33 33 15 10 34 34 14 9 35 35 18 11 36 36 19 12 37 37 20 13 38 38 23 3 39 39 19 12 40 40 18 11 41 41 22 3 42 42 23 3 43 43 18 11 44 44 19 12 45 45 21 14 46 46 20 13 47 47 24 5 48 48 25 1 49 49 26 2 50 50 29 3 51 51 25 1 52 52 24 5 53 53 28 3 54 54 29 3 55 55 24 5 56 56 25 1 57 57 27 6 58 58 26 2 59 59 30 15 60 60 31 16 61 61 32 3 62 62 35 17 63 63 31 16 64 64 30 15 65 65 34 18 66 66 35 17 67 67 30 15 68 68 31 16 69 69 33 3 70 70 32 3 71 71 36 19 72 72 37 20 73 73 38 14 74 74 41 3 75 75 37 20 76 76 36 19 77 77 40 3 78 78 41 3 79 79 36 19 80 80 37 20 81 81 39 13 82 82 38 14 83 83 42 15 84 84 43 16 85 85 44 3 86 86 47 17 87 87 43 16 88 88 42 15 89 89 46 18 90 90 47 17 91 91 42 15 92 92 43 16 93 93 45 3 94 94 44 3 95 95 48 21 96 96 49 22 97 97 50 23 98 98 53 3 99 99 49 22 100 100 48 21 101 101 52 3 102 102 53 3 103 103 48 21 104 104 49 22 105 105 51 24 106 106 50 23 107 107 54 25 108 108 55 26 109 109 56 27 110 110 55 26 111 111 57 27 112 112 56 27 113 113 58 28 114 114 59 27 115 115 60 25 116 116 59 27 117 117 61 29 118 118 60 25 119 119 62 30 120 120 63 30 121 121 64 30 122 122 63 30 123 123 65 30 124 124 64 30 125 125 66 30 126 126 67 30 127 127 68 30 128 128 67 30 129 129 69 30 130 130 68 30 131 131 70 31 132 132 71 27 133 133 72 32 134 134 71 27 135 135 73 33 136 136 72 32 137 137</p>
        </triangles>
      </mesh>
    </geometry>
    <geometry id="ID108-mesh" name="ID108">
      <mesh>
        <source id="ID108-mesh-positions">
          <float_array id="ID108-mesh-positions-array" count="2778">1673.494 367.7635 -2155.012 1826.426 367.7635 -2155.012 1673.494 -52.4388 -2155.012 1826.426 -52.4388 -2155.012 1597.029 367.7635 -2022.57 1673.494 367.7635 -2155.012 1597.029 -52.4388 -2022.57 1673.494 -52.4388 -2155.012 1617.517 -52.4388 -1946.104 1617.517 367.7635 -1946.104 1673.494 -52.4388 -1890.128 1673.494 367.7635 -1890.128 1749.96 -52.4388 -1869.639 1749.96 367.7635 -1869.639 1826.426 -52.4388 -1890.128 1826.426 367.7635 -1890.128 1882.403 -52.4388 -1946.104 1882.403 367.7635 -1946.104 1902.891 -52.4388 -2022.57 1902.891 367.7635 -2022.57 1760.111 242.2784 -1823.557 1828.793 329.0513 -1886.027 1749.96 329.0513 -1864.904 1917.233 244.8873 -1914.958 1886.502 329.0513 -1943.737 1929.767 243.6617 -1934.858 1907.626 329.0513 -2022.57 1671.127 329.0513 -1886.027 1671.127 460.7254 -1886.027 1749.96 460.7254 -1864.904 1613.417 329.0513 -1943.737 1613.417 460.7254 -1943.737 1592.294 329.0513 -2022.57 1592.294 460.7254 -2022.57 1671.127 460.7254 -2159.113 1671.127 329.0513 -2159.113 1671.127 460.7254 -2159.113 1828.793 460.7254 -2159.113 1671.127 329.0513 -2159.113 1828.793 329.0513 -2159.113 1907.626 460.7254 -2022.57 1886.502 460.7254 -1943.737 1828.793 460.7254 -1886.027 1739.962 242.085 -1823.417 1580.938 243.2244 -1915.529 1569.709 241.9505 -1933.099 1591.052 229.4529 -2117.947 1749.96 229.4529 -2209.693 1908.868 229.4529 -2117.947 1739.962 242.085 -1823.417 1749.96 237.9374 -1819.912 1749.96 329.0513 -1864.904 1760.111 242.2784 -1823.557 1917.233 244.8873 -1914.958 1928.795 239.3627 -1921.209 1886.502 329.0513 -1943.737 1929.767 243.6617 -1934.858 1569.709 241.9505 -1933.099 1572.613 238.8813 -1923.514 1613.417 329.0513 -1943.737 1580.938 243.2244 -1915.529 2136.229 509.6523 -2954.993 2688.822 509.2948 -2411.458 2129.615 453.3887 -2939.136 2666.526 453.3887 -2402.223 1363.692 509.6523 -2954.993 1370.307 453.3887 -2939.136 811.0983 509.2948 -2411.46 1363.692 509.6523 -2954.993 833.3943 453.3887 -2402.225 1370.307 453.3887 -2939.136 757.8766 453.3887 -2022.57 733.7432 509.2948 -2022.57 833.3943 453.3887 -1642.917 811.0983 509.2948 -1633.68 1048.45 453.3887 -1321.06 1031.387 509.2948 -1303.997 1370.305 453.3887 -1106.004 1361.07 509.2948 -1083.708 1749.96 453.3887 -1030.487 1749.96 509.2948 -1006.353 2129.613 453.3887 -1106.004 2138.85 509.2948 -1083.708 2451.469 453.3887 -1321.06 2468.533 509.2948 -1303.997 2666.526 453.3887 -1642.915 2688.822 509.2948 -1633.68 2742.043 453.3887 -2022.57 2766.177 509.2948 -2022.57 2129.615 453.3887 -2939.136 2666.526 453.3887 -2402.223 1749.96 453.3887 -2022.57 1370.307 453.3887 -2939.136 833.3943 453.3887 -2402.225 757.8766 453.3887 -2022.57 833.3943 453.3887 -1642.917 1048.45 453.3887 -1321.06 1370.305 453.3887 -1106.004 1749.96 453.3887 -1030.487 2129.613 453.3887 -1106.004 2451.469 453.3887 -1321.06 2666.526 453.3887 -1642.915 2742.043 453.3887 -2022.57 1038.032 548.6104 -1310.808 1364.667 548.6104 -1092.556 819.7804 548.6104 -1637.443 743.1422 548.6104 -2022.736 819.7804 548.6104 -2408.029 2113.071 638.2906 -2899.433 1386.849 638.2906 -2899.433 2756.778 548.6104 -2022.736 2680.14 548.6104 -2408.027 2680.14 548.6104 -1637.443 2461.888 548.6104 -1310.808 2135.253 548.6104 -1092.556 1749.96 548.6104 -1015.916 2626.588 638.2906 -2385.916 1749.96 668.9451 -2022.57 1408.807 668.9451 -1199.603 1749.96 668.9451 -1131.744 1119.591 668.9451 -1392.851 926.3456 668.9451 -1682.067 858.4863 668.9451 -2023.219 926.3456 668.9451 -2364.37 1408.807 668.9451 -2846.834 2091.113 668.9451 -2846.832 2573.574 668.9451 -2364.37 2641.434 668.9451 -2023.219 2573.574 668.9451 -1682.067 2380.327 668.9451 -1392.851 2091.113 668.9451 -1199.603 1408.807 668.9451 -1199.603 1386.849 638.2906 -1146.18 1749.96 668.9451 -1131.744 1749.96 638.2906 -1073.952 1119.591 668.9451 -1392.851 1079.019 638.2906 -1351.864 926.3456 668.9451 -1682.067 873.3321 638.2906 -1659.695 858.4863 668.9451 -2023.219 801.1064 638.2906 -2022.806 926.3456 668.9451 -2364.37 873.3321 638.2906 -2385.916 1408.807 668.9451 -2846.834 1386.849 638.2906 -2899.433 1408.807 668.9451 -2846.834 2091.113 668.9451 -2846.832 2573.574 668.9451 -2364.37 2641.434 668.9451 -2023.219 2698.813 638.2906 -2022.806 2573.574 668.9451 -1682.067 2626.588 638.2906 -1659.695 2380.327 668.9451 -1392.851 2420.901 638.2906 -1351.864 2091.113 668.9451 -1199.603 2113.071 638.2906 -1146.18 -2527.217 431.2476 -2147.013 -2383.523 431.2476 -2147.013 -2527.217 -52.4388 -2147.013 -2383.523 -52.4388 -2147.013 -2599.064 431.2476 -2022.57 -2527.217 431.2476 -2147.013 -2599.064 -52.4388 -2022.57 -2527.217 -52.4388 -2147.013 -2579.813 -52.4388 -1950.723 -2579.813 431.2476 -1950.723 -2527.217 -52.4388 -1898.127 -2527.217 431.2476 -1898.127 -2455.37 -52.4388 -1878.876 -2455.37 431.2476 -1878.876 -2383.523 -52.4388 -1898.127 -2383.523 431.2476 -1898.127 -2330.928 -52.4388 -1950.723 -2330.928 431.2476 -1950.723 -2311.677 -52.4388 -2022.57 -2311.677 431.2476 -2022.57 -2445.832 313.3422 -1835.578 -2381.299 394.8737 -1894.275 -2455.37 394.8737 -1874.428 -2298.201 315.7935 -1921.458 -2327.075 394.8737 -1948.499 -2286.424 314.6419 -1940.156 -2307.228 394.8737 -2022.57 -2529.441 394.8737 -1894.275 -2529.441 518.5942 -1894.275 -2455.37 518.5942 -1874.428 -2583.665 394.8737 -1948.499 -2583.665 518.5942 -1948.499 -2603.513 394.8737 -2022.57 -2603.513 518.5942 -2022.57 -2529.441 518.5942 -2150.865 -2529.441 394.8737 -2150.865 -2529.441 518.5942 -2150.865 -2381.299 518.5942 -2150.865 -2529.441 394.8737 -2150.865 -2381.299 394.8737 -2150.865 -2307.228 518.5942 -2022.57 -2327.075 518.5942 -1948.499 -2381.299 518.5942 -1894.275 -2464.764 313.1605 -1835.447 -2614.182 314.231 -1921.995 -2624.733 313.0341 -1938.504 -2604.68 301.2913 -2112.186 -2455.37 301.2913 -2198.39 -2306.061 301.2913 -2112.186 -2464.764 313.1605 -1835.447 -2455.37 309.2633 -1832.153 -2455.37 394.8737 -1874.428 -2445.832 313.3422 -1835.578 -2298.201 315.7935 -1921.458 -2287.338 310.6025 -1927.332 -2327.075 394.8737 -1948.499 -2286.424 314.6419 -1940.156 -2624.733 313.0341 -1938.504 -2622.005 310.1522 -1929.497 -2583.665 394.8737 -1948.499 -2614.182 314.231 -1921.995 -2092.433 562.0947 -2898.671 -1577.297 580.2274 -2386.356 -2098.647 509.2297 -2883.772 -1594.168 509.2297 -2379.291 -2818.307 562.0947 -2898.671 -2812.093 509.2297 -2883.772 -3333.443 580.2274 -2386.358 -2818.307 562.0947 -2898.671 -3316.572 509.2297 -2379.292 -2812.093 509.2297 -2883.772 -3387.529 509.2297 -2022.57 -3410.204 561.757 -2022.57 -3316.572 509.2297 -1665.849 -3337.522 561.757 -1657.172 -3114.506 509.2297 -1363.434 -3130.539 561.757 -1347.401 -2812.093 509.2297 -1161.368 -2820.77 561.757 -1140.418 -2455.37 509.2297 -1090.411 -2455.37 561.757 -1067.736 -2098.649 509.2297 -1161.368 -2089.972 561.757 -1140.418 -1796.234 509.2297 -1363.434 -1780.201 561.757 -1347.401 -1594.168 509.2297 -1665.847 -1573.219 561.757 -1657.17 -1523.212 509.2297 -2022.57 -1500.536 561.757 -2022.57 -2098.647 509.2297 -2883.772 -1594.168 509.2297 -2379.291 -2455.37 509.2297 -2022.57 -2812.093 509.2297 -2883.772 -3316.572 509.2297 -2379.292 -3387.529 509.2297 -2022.57 -3316.572 509.2297 -1665.849 -3114.506 509.2297 -1363.434 -2812.093 509.2297 -1161.368 -2455.37 509.2297 -1090.411 -2098.649 509.2297 -1161.368 -1796.234 509.2297 -1363.434 -1594.168 509.2297 -1665.847 -1523.212 509.2297 -2022.57 -3124.296 598.6997 -1353.801 -2817.39 598.6997 -1148.732 -3329.364 598.6997 -1660.706 -3401.375 598.6997 -2022.726 -2114.193 682.9631 -2846.468 -2796.548 682.9631 -2846.468 -1509.367 598.6997 -2022.726 -1581.376 598.6997 -1660.706 -1786.445 598.6997 -1353.801 -2093.35 598.6997 -1148.732 -2455.37 598.6997 -1076.721 -1631.693 682.9631 -2363.969 -2455.37 711.7659 -2022.57 -2775.916 711.7659 -1249.313 -2455.37 711.7659 -1185.552 -3047.661 711.7659 -1430.888 -3229.236 711.7659 -1702.634 -3292.996 711.7659 -2023.18 -3229.236 711.7659 -2343.725 -2775.916 711.7659 -2797.046 -2134.824 711.7659 -2797.044 -1681.505 711.7659 -2343.725 -1617.744 711.7659 -2023.179 -1681.505 711.7659 -1702.634 -1863.08 711.7659 -1430.888 -2134.824 711.7659 -1249.313 -2775.916 711.7659 -1249.313 -2796.548 682.9631 -1199.116 -2455.37 711.7659 -1185.552 -2455.37 682.9631 -1131.251 -3047.661 711.7659 -1430.888 -3085.784 682.9631 -1392.377 -3229.236 711.7659 -1702.634 -3279.047 682.9631 -1681.614 -3292.996 711.7659 -2023.18 -3346.91 682.9631 -2022.792 -3229.236 711.7659 -2343.725 -3279.047 682.9631 -2363.971 -2775.916 711.7659 -2797.046 -2796.548 682.9631 -2846.468 -2775.916 711.7659 -2797.046 -2134.824 711.7659 -2797.044 -1681.505 711.7659 -2343.725 -1617.744 711.7659 -2023.179 -1563.83 682.9631 -2022.792 -1681.505 711.7659 -1702.634 -1631.693 682.9631 -1681.614 -1863.08 711.7659 -1430.888 -1824.956 682.9631 -1392.377 -2134.824 711.7659 -1249.313 -2114.193 682.9631 -1199.116 -4521.367 363.0291 -2147.013 -4377.673 363.0291 -2147.013 -4521.367 -52.4388 -2147.013 -4377.673 -52.4388 -2147.013 -4593.214 363.0291 -2022.57 -4521.367 363.0291 -2147.013 -4593.214 -52.4388 -2022.57 -4521.367 -52.4388 -2147.013 -4573.963 -52.4388 -1950.723 -4573.963 363.0291 -1950.723 -4521.367 -52.4388 -1898.127 -4521.367 363.0291 -1898.127 -4449.52 -52.4388 -1878.876 -4449.52 363.0291 -1878.876 -4377.673 -52.4388 -1898.127 -4377.673 363.0291 -1898.127 -4325.078 -52.4388 -1950.723 -4325.078 363.0291 -1950.723 -4305.826 -52.4388 -2022.57 -4305.826 363.0291 -2022.57 -4439.982 245.1237 -1835.578 -4375.449 326.6552 -1894.275 -4449.52 326.6552 -1874.428 -4292.351 247.5749 -1921.458 -4321.225 326.6552 -1948.499 -4280.574 246.4234 -1940.156 -4301.378 326.6552 -2022.57 -4523.591 326.6552 -1894.275 -4523.591 450.3757 -1894.275 -4449.52 450.3757 -1874.428 -4577.815 326.6552 -1948.499 -4577.815 450.3757 -1948.499 -4597.663 326.6552 -2022.57 -4597.663 450.3757 -2022.57 -4523.591 450.3757 -2150.865 -4523.591 326.6552 -2150.865 -4523.591 450.3757 -2150.865 -4375.449 450.3757 -2150.865 -4523.591 326.6552 -2150.865 -4375.449 326.6552 -2150.865 -4301.378 450.3757 -2022.57 -4321.225 450.3757 -1948.499 -4375.449 450.3757 -1894.275 -4458.914 244.9419 -1835.447 -4608.332 246.0125 -1921.995 -4618.883 244.8155 -1938.504 -4598.83 233.0728 -2112.186 -4449.52 233.0728 -2198.39 -4300.21 233.0728 -2112.186 -4458.914 244.9419 -1835.447 -4449.52 241.0448 -1832.153 -4449.52 326.6552 -1874.428 -4439.982 245.1237 -1835.578 -4292.351 247.5749 -1921.458 -4281.488 242.384 -1927.332 -4321.225 326.6552 -1948.499 -4280.574 246.4234 -1940.156 -4618.883 244.8155 -1938.504 -4616.155 241.9317 -1929.497 -4577.815 326.6552 -1948.499 -4608.332 246.0125 -1921.995 -4086.583 499.2331 -2898.671 -3571.447 517.3677 -2386.356 -4092.797 446.368 -2883.772 -3588.318 446.368 -2379.291 -4812.457 499.2331 -2898.671 -4806.243 446.368 -2883.772 -5327.593 517.3677 -2386.358 -4812.457 499.2331 -2898.671 -5310.722 446.368 -2379.292 -4806.243 446.368 -2883.772 -5381.679 446.368 -2022.57 -5404.354 498.8973 -2022.57 -5310.722 446.368 -1665.849 -5331.671 498.8973 -1657.172 -5108.656 446.368 -1363.434 -5124.689 498.8973 -1347.401 -4806.243 446.368 -1161.368 -4814.92 498.8973 -1140.418 -4449.52 446.368 -1090.411 -4449.52 498.8973 -1067.736 -4092.799 446.368 -1161.368 -4084.12 498.8973 -1140.418 -3790.384 446.368 -1363.434 -3774.351 498.8973 -1347.401 -3588.318 446.368 -1665.847 -3567.368 498.8973 -1657.17 -3517.362 446.368 -2022.57 -3494.686 498.8973 -2022.57 -4092.797 446.368 -2883.772 -3588.318 446.368 -2379.291 -4449.52 446.368 -2022.57 -4806.243 446.368 -2883.772 -5310.722 446.368 -2379.292 -5381.679 446.368 -2022.57 -5310.722 446.368 -1665.849 -5108.656 446.368 -1363.434 -4806.243 446.368 -1161.368 -4449.52 446.368 -1090.411 -4092.799 446.368 -1161.368 -3790.384 446.368 -1363.434 -3588.318 446.368 -1665.847 -3517.362 446.368 -2022.57 -5118.445 535.838 -1353.801 -4811.54 535.838 -1148.732 -5323.514 535.838 -1660.706 -5395.523 535.838 -2022.726 -4108.342 620.1013 -2846.468 -4790.698 620.1013 -2846.468 -3503.517 535.838 -2022.726 -3575.526 535.838 -1660.706 -3780.594 535.838 -1353.801 -4087.5 535.838 -1148.732 -4449.52 535.838 -1076.721 -3625.843 620.1013 -2363.969 -4449.52 648.9041 -2022.57 -4770.066 648.9041 -1249.313 -4449.52 648.9041 -1185.552 -5041.813 648.9041 -1430.888 -5223.386 648.9041 -1702.634 -5287.146 648.9041 -2023.179 -5223.386 648.9041 -2343.725 -4770.064 648.9041 -2797.046 -4128.974 648.9041 -2797.044 -3675.655 648.9041 -2343.725 -3611.894 648.9041 -2023.179 -3675.655 648.9041 -1702.634 -3857.229 648.9041 -1430.888 -4128.974 648.9041 -1249.313 -4770.066 648.9041 -1249.313 -4790.698 620.1013 -1199.116 -4449.52 648.9041 -1185.552 -4449.52 620.1013 -1131.251 -5041.813 648.9041 -1430.888 -5079.935 620.1013 -1392.377 -5223.386 648.9041 -1702.634 -5273.197 620.1013 -1681.614 -5287.146 648.9041 -2023.179 -5341.06 620.1013 -2022.792 -5223.386 648.9041 -2343.725 -5273.197 620.1013 -2363.971 -4770.064 648.9041 -2797.046 -4790.698 620.1013 -2846.468 -4770.064 648.9041 -2797.046 -4128.974 648.9041 -2797.044 -3675.655 648.9041 -2343.725 -3611.894 648.9041 -2023.179 -3557.98 620.1013 -2022.792 -3675.655 648.9041 -1702.634 -3625.843 620.1013 -1681.614 -3857.229 648.9041 -1430.888 -3819.106 620.1013 -1392.377 -4128.974 648.9041 -1249.313 -4108.342 620.1013 -1199.116 3900.714 234.6945 -2147.013 4044.407 234.6945 -2147.013 3900.714 -52.4388 -2147.013 4044.407 -52.4388 -2147.013 3828.866 234.6945 -2022.57 3900.714 234.6945 -2147.013 3828.866 -52.4388 -2022.57 3900.714 -52.4388 -2147.013 3848.118 -52.4388 -1950.723 3848.118 234.6945 -1950.723 3900.714 -52.4388 -1898.127 3900.714 234.6945 -1898.127 3972.56 -52.4388 -1878.876 3972.56 234.6945 -1878.876 4044.407 -52.4388 -1898.127 4044.407 234.6945 -1898.127 4097.003 -52.4388 -1950.723 4097.003 234.6945 -1950.723 4116.254 -52.4388 -2022.57 4116.254 234.6945 -2022.57 3982.098 116.7884 -1835.578 4046.632 198.3206 -1894.275 3972.56 198.3206 -1874.428 4129.729 119.2401 -1921.458 4100.855 198.3206 -1948.499 4141.506 118.0885 -1940.156 4120.703 198.3206 -2022.57 3898.489 198.3206 -1894.275 3898.489 322.0411 -1894.275 3972.56 322.0411 -1874.428 3844.265 198.3206 -1948.499 3844.265 322.0411 -1948.499 3824.418 198.3206 -2022.57 3824.418 322.0411 -2022.57 3898.489 322.0411 -2150.865 3898.489 198.3206 -2150.865 3898.489 322.0411 -2150.865 4046.632 322.0411 -2150.865 3898.489 198.3206 -2150.865 4046.632 198.3206 -2150.865 4120.703 322.0411 -2022.57 4100.855 322.0411 -1948.499 4046.632 322.0411 -1894.275 3963.167 116.6065 -1835.447 3813.748 117.6767 -1921.995 3803.197 116.4799 -1938.504 3823.25 104.7381 -2112.186 3972.56 104.7381 -2198.39 4121.87 104.7381 -2112.186 3963.167 116.6065 -1835.447 3972.56 112.7098 -1832.153 3972.56 198.3206 -1874.428 3982.098 116.7884 -1835.578 4129.729 119.2401 -1921.458 4140.593 114.049 -1927.332 4100.855 198.3206 -1948.499 4141.506 118.0885 -1940.156 3803.197 116.4799 -1938.504 3805.926 113.5973 -1929.497 3844.265 198.3206 -1948.499 3813.748 117.6767 -1921.995 4335.498 368.4669 -2898.671 4850.633 386.6015 -2386.356 4329.283 315.6019 -2883.772 4833.762 315.6019 -2379.291 3609.623 368.4669 -2898.671 3615.839 315.6019 -2883.772 3094.487 386.6015 -2386.358 3609.623 368.4669 -2898.671 3111.358 315.6019 -2379.292 3615.839 315.6019 -2883.772 3040.402 315.6019 -2022.57 3017.726 368.1311 -2022.57 3111.358 315.6019 -1665.849 3090.408 368.1311 -1657.172 3313.424 315.6019 -1363.434 3297.391 368.1311 -1347.401 3615.839 315.6019 -1161.368 3607.16 368.1311 -1140.418 3972.56 315.6019 -1090.411 3972.56 368.1311 -1067.736 4329.283 315.6019 -1161.368 4337.96 368.1311 -1140.418 4631.696 315.6019 -1363.434 4647.729 368.1311 -1347.401 4833.762 315.6019 -1665.847 4854.711 368.1311 -1657.17 4904.719 315.6019 -2022.57 4927.394 368.1311 -2022.57 4329.283 315.6019 -2883.772 4833.762 315.6019 -2379.291 3972.56 315.6019 -2022.57 3615.839 315.6019 -2883.772 3111.358 315.6019 -2379.292 3040.402 315.6019 -2022.57 3111.358 315.6019 -1665.849 3313.424 315.6019 -1363.434 3615.839 315.6019 -1161.368 3972.56 315.6019 -1090.411 4329.283 315.6019 -1161.368 4631.696 315.6019 -1363.434 4833.762 315.6019 -1665.847 4904.719 315.6019 -2022.57 3303.635 405.0719 -1353.801 3610.54 405.0719 -1148.732 3098.566 405.0719 -1660.706 3026.557 405.0719 -2022.726 4313.738 489.3352 -2846.468 3631.383 489.3352 -2846.468 4918.565 405.0719 -2022.726 4846.554 405.0719 -1660.706 4641.485 405.0719 -1353.801 4334.58 405.0719 -1148.732 3972.56 405.0719 -1076.721 4796.237 489.3352 -2363.969 3972.56 518.138 -2022.57 3652.014 518.138 -1249.313 3972.56 518.138 -1185.552 3380.27 518.138 -1430.888 3198.695 518.138 -1702.634 3134.934 518.138 -2023.18 3198.695 518.138 -2343.725 3652.016 518.138 -2797.046 4293.106 518.138 -2797.044 4746.426 518.138 -2343.725 4810.188 518.138 -2023.179 4746.426 518.138 -1702.634 4564.851 518.138 -1430.888 4293.106 518.138 -1249.313 3652.014 518.138 -1249.313 3631.383 489.3352 -1199.116 3972.56 518.138 -1185.552 3972.56 489.3352 -1131.251 3380.27 518.138 -1430.888 3342.146 489.3352 -1392.377 3198.695 518.138 -1702.634 3148.883 489.3352 -1681.614 3134.934 518.138 -2023.18 3081.02 489.3352 -2022.792 3198.695 518.138 -2343.725 3148.885 489.3352 -2363.971 3652.016 518.138 -2797.046 3631.383 489.3352 -2846.468 3652.016 518.138 -2797.046 4293.106 518.138 -2797.044 4746.426 518.138 -2343.725 4810.188 518.138 -2023.179 4864.1 489.3352 -2022.792 4746.426 518.138 -1702.634 4796.237 489.3352 -1681.614 4564.851 518.138 -1430.888 4602.975 489.3352 -1392.377 4293.106 518.138 -1249.313 4313.738 489.3352 -1199.116 -3355.086 201.1424 -1463.662 -3259.994 201.1424 -1463.662 -3355.086 -52.4388 -1463.662 -3259.994 -52.4388 -1463.662 -3402.632 201.1424 -1381.31 -3355.086 201.1424 -1463.662 -3402.632 -52.4388 -1381.31 -3355.086 -52.4388 -1463.662 -3389.892 -52.4388 -1333.764 -3389.892 201.1424 -1333.764 -3355.086 -52.4388 -1298.958 -3355.086 201.1424 -1298.958 -3307.54 -52.4388 -1286.219 -3307.54 201.1424 -1286.219 -3259.994 -52.4388 -1298.958 -3259.994 201.1424 -1298.958 -3225.188 -52.4388 -1333.764 -3225.188 201.1424 -1333.764 -3212.448 -52.4388 -1381.31 -3212.448 201.1424 -1381.31 -3301.228 123.1166 -1257.565 -3258.522 177.0715 -1296.409 -3307.54 177.0715 -1283.275 -3203.531 124.7388 -1314.397 -3222.639 177.0715 -1332.292 -3195.737 123.9767 -1326.771 -3209.505 177.0715 -1381.31 -3356.558 177.0715 -1296.409 -3356.558 231.5557 -1296.409 -3307.54 231.5557 -1283.275 -3392.441 177.0715 -1332.292 -3392.441 231.5557 -1332.292 -3405.576 177.0715 -1381.31 -3405.576 231.5557 -1381.31 -3356.558 231.5557 -1466.211 -3356.558 177.0715 -1466.211 -3356.558 231.5557 -1466.211 -3258.522 231.5557 -1466.211 -3356.558 177.0715 -1466.211 -3258.522 177.0715 -1466.211 -3209.505 231.5557 -1381.31 -3222.639 231.5557 -1332.292 -3258.522 231.5557 -1296.409 -3313.757 122.9964 -1257.479 -3412.636 123.7049 -1314.753 -3419.619 122.9127 -1325.678 -3406.348 115.1418 -1440.615 -3307.54 115.1418 -1497.662 -3208.732 115.1418 -1440.615 -3313.757 122.9964 -1257.479 -3307.54 120.4174 -1255.298 -3307.54 177.0715 -1283.275 -3301.228 123.1166 -1257.565 -3203.531 124.7388 -1314.397 -3196.342 121.3036 -1318.285 -3222.639 177.0715 -1332.292 -3195.737 123.9767 -1326.771 -3419.619 122.9127 -1325.678 -3417.813 121.0043 -1319.718 -3392.441 177.0715 -1332.292 -3412.636 123.7049 -1314.753 -3067.361 263.8878 -1961.084 -2726.461 275.8886 -1622.051 -3071.473 228.9035 -1951.224 -2737.626 228.9035 -1617.376 -3547.719 263.8878 -1961.084 -3543.607 228.9035 -1951.224 -3888.619 275.8886 -1622.053 -3547.719 263.8878 -1961.084 -3877.454 228.9035 -1617.377 -3543.607 228.9035 -1951.224 -3924.411 228.9035 -1381.31 -3939.417 263.6656 -1381.31 -3877.454 228.9035 -1145.245 -3891.318 263.6656 -1139.502 -3743.734 228.9035 -945.1161 -3754.344 263.6656 -934.5061 -3543.607 228.9035 -811.3957 -3549.349 263.6656 -797.5322 -3307.54 228.9035 -764.4393 -3307.54 263.6656 -749.4333 -3071.474 228.9035 -811.3957 -3065.731 263.6656 -797.5322 -2871.346 228.9035 -945.1161 -2860.736 263.6656 -934.5061 -2737.626 228.9035 -1145.243 -2723.762 263.6656 -1139.501 -2690.669 228.9035 -1381.31 -2675.663 263.6656 -1381.31 -3071.473 228.9035 -1951.224 -2737.626 228.9035 -1617.376 -3307.54 228.9035 -1381.31 -3543.607 228.9035 -1951.224 -3877.454 228.9035 -1617.377 -3924.411 228.9035 -1381.31 -3877.454 228.9035 -1145.245 -3743.734 228.9035 -945.1161 -3543.607 228.9035 -811.3957 -3307.54 228.9035 -764.4393 -3071.474 228.9035 -811.3957 -2871.346 228.9035 -945.1161 -2737.626 228.9035 -1145.243 -2690.669 228.9035 -1381.31 -3750.212 288.1117 -938.7413 -3547.113 288.1117 -803.0339 -3885.919 288.1117 -1141.841 -3933.573 288.1117 -1381.413 -3081.76 343.8743 -1926.538 -3533.32 343.8743 -1926.538 -2681.508 288.1117 -1381.413 -2729.161 288.1117 -1141.841 -2864.868 288.1117 -938.7413 -3067.968 288.1117 -803.0339 -3307.54 288.1117 -755.3795 -2762.459 343.8743 -1607.236 -3307.54 362.935 -1381.31 -3519.667 362.935 -869.5948 -3307.54 362.935 -827.4003 -3699.499 362.935 -989.7549 -3819.658 362.935 -1169.587 -3861.852 362.935 -1381.713 -3819.658 362.935 -1593.839 -3519.665 362.935 -1893.832 -3095.413 362.935 -1893.83 -2795.422 362.935 -1593.839 -2753.228 362.935 -1381.713 -2795.422 362.935 -1169.587 -2915.582 362.935 -989.7549 -3095.413 362.935 -869.5948 -3519.667 362.935 -869.5948 -3533.32 343.8743 -836.3765 -3307.54 362.935 -827.4003 -3307.54 343.8743 -791.4659 -3699.499 362.935 -989.7549 -3724.727 343.8743 -964.2697 -3819.658 362.935 -1169.587 -3852.621 343.8743 -1155.677 -3861.852 362.935 -1381.713 -3897.531 343.8743 -1381.457 -3819.658 362.935 -1593.839 -3852.621 343.8743 -1607.237 -3519.665 362.935 -1893.832 -3533.32 343.8743 -1926.538 -3519.665 362.935 -1893.832 -3095.413 362.935 -1893.83 -2795.422 362.935 -1593.839 -2753.228 362.935 -1381.713 -2717.549 343.8743 -1381.457 -2795.422 362.935 -1169.587 -2762.459 343.8743 -1155.677 -2915.582 362.935 -989.7549 -2890.353 343.8743 -964.2697 -3095.413 362.935 -869.5948 -3081.76 343.8743 -836.3765 2455.721 156.1276 -1470.336 2558.519 156.1276 -1470.336 2455.721 -52.4388 -1470.336 2558.519 -52.4388 -1470.336 2404.321 156.1276 -1381.31 2455.721 156.1276 -1470.336 2404.321 -52.4388 -1381.31 2455.721 -52.4388 -1470.336 2418.094 -52.4388 -1329.911 2418.094 156.1276 -1329.911 2455.721 -52.4388 -1292.284 2455.721 156.1276 -1292.284 2507.12 -52.4388 -1278.512 2507.12 156.1276 -1278.512 2558.519 -52.4388 -1292.284 2558.519 156.1276 -1292.284 2596.146 -52.4388 -1329.911 2596.146 156.1276 -1329.911 2609.919 -52.4388 -1381.31 2609.919 156.1276 -1381.31 2513.944 71.777 -1247.536 2560.11 130.1043 -1289.528 2507.12 130.1043 -1275.329 2619.559 73.53092 -1308.974 2598.902 130.1043 -1328.32 2627.984 72.70709 -1322.351 2613.101 130.1043 -1381.31 2454.13 130.1043 -1289.528 2454.13 189.0043 -1289.528 2507.12 189.0043 -1275.329 2415.338 130.1043 -1328.32 2415.338 189.0043 -1328.32 2401.139 130.1043 -1381.31 2401.139 189.0043 -1381.31 2454.13 189.0043 -1473.092 2454.13 130.1043 -1473.092 2454.13 189.0043 -1473.092 2560.11 189.0043 -1473.092 2454.13 130.1043 -1473.092 2560.11 130.1043 -1473.092 2613.101 189.0043 -1381.31 2598.902 189.0043 -1328.32 2560.11 189.0043 -1289.528 2500.4 71.64688 -1247.442 2393.506 72.41246 -1309.359 2385.958 71.55628 -1321.169 2400.304 63.15622 -1445.421 2507.12 63.15622 -1507.092 2613.936 63.15622 -1445.421 2500.4 71.64688 -1247.442 2507.12 68.85914 -1245.086 2507.12 130.1043 -1275.329 2513.944 71.777 -1247.536 2619.559 73.53092 -1308.974 2627.33 69.81721 -1313.177 2598.902 130.1043 -1328.32 2627.984 72.70709 -1322.351 2385.958 71.55628 -1321.169 2387.91 69.49404 -1314.726 2415.338 130.1043 -1328.32 2393.506 72.41246 -1309.359 2766.765 223.9582 -2008.073 3135.293 236.9303 -1641.563 2762.32 186.1386 -1997.414 3123.224 186.1386 -1636.508 2247.475 223.9582 -2008.073 2251.921 186.1386 -1997.414 1878.947 236.9303 -1641.564 2247.475 223.9582 -2008.073 1891.016 186.1386 -1636.51 2251.921 186.1386 -1997.414 1840.254 186.1386 -1381.31 1824.032 223.7166 -1381.31 1891.016 186.1386 -1126.112 1876.029 223.7166 -1119.904 2035.574 186.1386 -909.7639 2024.104 223.7166 -898.2939 2251.921 186.1386 -765.2057 2245.713 223.7166 -750.2186 2507.12 186.1386 -714.4437 2507.12 223.7166 -698.2216 2762.318 186.1386 -765.2057 2768.527 223.7166 -750.2186 2978.666 186.1386 -909.7639 2990.136 223.7166 -898.2939 3123.224 186.1386 -1126.111 3138.211 223.7166 -1119.903 3173.987 186.1386 -1381.31 3190.209 223.7166 -1381.31 2762.32 186.1386 -1997.414 3123.224 186.1386 -1636.508 2507.12 186.1386 -1381.31 2251.921 186.1386 -1997.414 1891.016 186.1386 -1636.51 1840.254 186.1386 -1381.31 1891.016 186.1386 -1126.112 2035.574 186.1386 -909.7639 2251.921 186.1386 -765.2057 2507.12 186.1386 -714.4437 2762.318 186.1386 -765.2057 2978.666 186.1386 -909.7639 3123.224 186.1386 -1126.111 3173.987 186.1386 -1381.31 2028.571 250.144 -902.8723 2248.131 250.144 -756.1663 1881.865 250.144 -1122.432 1830.349 250.144 -1381.422 2751.198 310.4274 -1970.727 2263.042 310.4274 -1970.727 3183.891 250.144 -1381.422 3132.375 250.144 -1122.432 2985.67 250.144 -902.8723 2766.109 250.144 -756.1663 2507.12 250.144 -704.6497 3096.379 310.4274 -1625.547 2507.12 331.0329 -1381.31 2277.801 331.0329 -828.1218 2507.12 331.0329 -782.5076 2083.394 331.0329 -958.0206 1953.497 331.0329 -1152.428 1907.882 331.0329 -1381.746 1953.497 331.0329 -1611.064 2277.803 331.0329 -1935.37 2736.439 331.0329 -1935.369 3060.744 331.0329 -1611.064 3106.358 331.0329 -1381.746 3060.744 331.0329 -1152.428 2930.845 331.0329 -958.0206 2736.439 331.0329 -828.1218 2277.801 331.0329 -828.1218 2263.042 310.4274 -792.2111 2507.12 331.0329 -782.5076 2507.12 310.4274 -743.6606 2083.394 331.0329 -958.0206 2056.122 310.4274 -930.4698 1953.497 331.0329 -1152.428 1917.862 310.4274 -1137.39 1907.882 331.0329 -1381.746 1869.312 310.4274 -1381.469 1953.497 331.0329 -1611.064 1917.862 310.4274 -1625.548 2277.803 331.0329 -1935.37 2263.042 310.4274 -1970.727 2277.803 331.0329 -1935.37 2736.439 331.0329 -1935.369 3060.744 331.0329 -1611.064 3106.358 331.0329 -1381.746 3144.928 310.4274 -1381.469 3060.744 331.0329 -1152.428 3096.379 310.4274 -1137.39 2930.845 331.0329 -958.0206 2958.119 310.4274 -930.4698 2736.439 331.0329 -828.1218 2751.198 310.4274 -792.2111</float_array>
          <technique_common>
            <accessor source="#ID108-mesh-positions-array" count="926" stride="3">
              <param name="X" type="float"/>
              <param name="Y" type="float"/>
              <param name="Z" type="float"/>
            </accessor>
          </technique_common>
        </source>
        <source id="ID108-mesh-normals">
          <float_array id="ID108-mesh-normals-array" count="2505">0 0 -1 0.5000139 0 -0.8660175 0.4999881 0 -0.8660323 0.9914457 0 -0.1305201 0.9914439 0 -0.130534 0.8660247 0 0.5000013 0.8660267 0 0.499998 0.4999949 0 0.8660283 0.4999969 0 0.8660272 -9.13363e-7 0 1 9.13363e-7 0 1 -0.4999966 0 0.8660274 -0.4999945 0 0.8660287 -0.8660271 0 0.4999971 -0.8660251 0 0.5000005 -0.9914437 0 -0.1305351 -0.9914456 0 -0.1305212 -0.8660272 0 -0.4999968 -0.8660266 0 -0.4999982 0.2323656 0.4404053 0.8672078 0.4922256 0.1658996 0.8545123 -7.19764e-5 0.2343545 0.9721513 -5.30334e-7 0 1 -0.5 0 0.8660255 -0.4922206 0.1659014 0.8545148 -0.8660262 0 0.4999988 -0.8393931 0.241399 0.4869761 -0.991445 0 -0.1305263 -0.9742267 0.1822084 -0.1329757 -0.8660263 0 -0.4999986 -0.8530786 0.1722744 -0.4925226 -0.7778046 0.4397295 -0.4490634 -0.8582758 0.4587765 0.2299715 -0.6324617 0.4472011 0.6324582 -0.232362 0.44041 0.8672064 0.6324687 0.4471946 0.6324558 0.8396651 0.2401225 0.4871383 0.5000023 0 0.8660242 0.8660253 0 0.5000004 0.9742273 0.1822138 -0.1329638 0.8582706 0.4587813 0.2299817 0.9914444 0 -0.1305306 0.4919475 0.1999918 -0.8473436 0.4999894 0 -0.8660316 0 0.1758794 -0.9844117 0 0.4527978 -0.8916133 0.7778033 0.4397324 -0.449063 -0.1295932 0.4390279 0.8890782 2.42503e-4 0.4427568 0.8966418 0.002121567 0.4427558 0.8966398 0.1314817 0.4389082 0.88886 0.5810393 0.445149 0.6813486 0.7629936 0.4709958 0.4427233 0.7577606 0.470812 0.4518131 0.8640661 0.4592237 0.2061635 -0.8039258 0.4507931 0.3879292 -0.7711359 0.4499745 0.4504136 -0.766629 0.4497059 0.4583062 -0.7296844 0.4463777 0.5179842 0.3764005 0.06365877 -0.9242674 0.8805947 -0.08120471 -0.4668605 0.3617044 -0.2945098 -0.884553 0 -0.2712656 -0.9625046 0 0.06012815 -0.9981907 6.08339e-7 0.6200466 -0.784565 0.284837 0.6526308 -0.7020977 0.8151872 0.3789263 -0.4380463 0.9225311 0.3859229 -2.4406e-4 0.9965389 -0.08312857 2.54751e-4 0.8069083 -0.3944364 -0.4396805 0.9181058 -0.3963354 4.28681e-6 0.920647 -0.08239865 0.3816014 0.8482216 -0.3963252 0.35135 0.7046121 -0.081761 0.7048667 0.6492082 -0.3962978 0.6492125 0.3813273 -0.0813601 0.920853 0.3513372 -0.3963341 0.8482225 -2.68073e-6 -0.08122259 0.996696 -3.84796e-6 -0.3963357 0.9181057 -0.3813289 -0.08135455 0.9208527 -0.3513497 -0.3963198 0.8482241 -0.7046138 -0.08175921 0.7048652 -0.6492131 -0.3962924 0.6492109 -0.9206481 -0.08240222 0.3815978 -0.8482245 -0.3963299 0.3513373 -0.9965389 -0.08312749 2.52907e-4 -0.9181095 -0.3963269 -2.85998e-6 -0.8796956 -0.08232247 -0.4683575 -0.8058149 -0.3920478 -0.4438028 -0.6994494 0.05551218 -0.712523 -0.8151859 0.3789308 -0.4380453 -0.5436003 0.6272897 -0.5576794 -0.6185709 0.7113194 -0.3337587 -0.9225345 0.3859148 -2.42299e-4 -0.8520877 0.386718 0.352698 -0.6520116 0.3874065 0.6517646 -0.3528121 0.3878765 0.8515137 -2.42864e-6 0.3880308 0.9216464 0.3528081 0.3878752 0.851516 0.652009 0.3874066 0.6517672 0.8520839 0.3867233 0.3527011 0.6933279 0.7206223 1.10385e-4 0.640094 0.7210581 0.2652454 0.471217 0.8820173 -4.45725e-4 0.434556 0.8825644 0.1795584 0.4896163 0.7214174 0.4897273 0.332102 0.8830114 0.3316614 0.264872 0.7216616 0.6395682 0.1795566 0.8833065 0.4330465 -2.30974e-6 0.7217488 0.6921551 -3.74362e-7 0.883416 0.4685896 -0.2648764 0.7216614 0.6395665 -0.1795536 0.8833068 0.4330471 -0.4896203 0.7214137 0.4897288 -0.3321061 0.8830083 0.3316656 -0.6400982 0.7210556 0.2652419 -0.43456 0.8825628 0.1795569 -0.6933284 0.7206217 1.07248e-4 -0.4712113 0.8820202 -4.42135e-4 -0.4139375 0.8798831 -0.2333704 -0.355437 0.8644822 -0.3554366 -0.6804881 -0.2717887 -0.6804902 0 -1 0 0 -1 0 0 -1 0 0 -1 0 0 -1 0 0 -1 0 0.6185681 0.7113227 -0.3337566 0.4139353 0.8798851 -0.2333666 0.1808795 0.880714 -0.4377504 1.50462e-6 0.8639811 -0.5035244 0 1 0 0 1 0 0 1 0 0 1 0 0 1 0 0 1 0 0 1 0 0 1 0 0 1 0 0 1 0 0 1 0 0 1 0 0.500015 0 -0.8660168 0.4999916 0 -0.8660302 0.9914464 0 -0.1305145 0.9914451 0 -0.130525 0.8660286 0 0.4999946 0.8660301 0 0.4999918 0.4999994 0 0.8660258 0.5000031 0 0.8660236 -2.74989e-6 0 1 1.90528e-6 0 1 -0.4999995 0 0.8660258 -0.4999958 0 0.8660278 -0.8660278 0 0.499996 -0.8660263 0 0.4999986 -0.9914447 0 -0.1305279 -0.991446 0 -0.1305174 -0.8660269 0 -0.4999974 -0.8660258 0 -0.4999994 0.2323679 0.4404107 0.8672044 0.4922209 0.1659003 0.8545149 -7.40528e-5 0.2343574 0.9721506 8.44607e-7 0 1 -0.4999988 0 0.8660262 -0.4922227 0.1659013 0.8545138 -0.8660227 0 0.5000047 -0.83939 0.2413985 0.4869817 -0.9914451 0 -0.1305242 -0.9742263 0.1822115 -0.1329739 -0.8660231 0 -0.5000042 -0.8530747 0.1722763 -0.4925286 -0.777799 0.4397343 -0.4490687 -0.8582707 0.4587816 0.2299804 -0.6324619 0.4471966 0.6324613 -0.2323667 0.4404141 0.8672031 0.632461 0.447194 0.6324639 0.8396666 0.2401196 0.4871373 0.5000004 0 0.8660253 0.8660263 0 0.4999985 0.9742271 0.18221 -0.1329703 0.8582807 0.4587672 0.2299717 0.9914435 0 -0.1305369 0.4919472 0.199992 -0.8473436 0.499989 0 -0.8660318 0 0.1758797 -0.9844117 0 0.4527977 -0.8916133 0.7778023 0.4397321 -0.4490649 -0.129624 0.4390183 0.8890785 2.08562e-4 0.4427648 0.8966379 0.002088069 0.442764 0.8966358 0.1314405 0.4389345 0.8888533 0.5811038 0.4451421 0.681298 0.7629964 0.4709882 0.4427264 0.7577623 0.4708039 0.4518189 0.8640467 0.4592334 0.2062237 -0.8039987 0.4508259 0.3877398 -0.7711396 0.4499955 0.4503864 -0.7666224 0.4497246 0.4582991 -0.7295867 0.4463719 0.5181268 0.3803941 0.06260341 -0.9227032 0.8730198 0.1261334 -0.4710914 0.367907 -0.2907826 -0.8832271 0 -0.2712627 -0.9625055 0 0.06012201 -0.9981911 5.16798e-7 0.6200419 -0.7845687 0.2865561 0.6520597 -0.7019287 0.6336064 0.6921323 -0.3456817 0.4139359 0.8798841 -0.2333691 0.1808816 0.8807143 -0.4377492 1.27822e-6 0.8639814 -0.5035238 0.8452896 -0.2552241 -0.4694105 0.9965339 -0.08318585 -5.47035e-4 0.9181031 -0.3963416 3.98294e-6 0.9206456 -0.08241391 0.3816015 0.8482222 -0.3963243 0.3513491 0.7046112 -0.08177149 0.7048664 0.6492028 -0.3963167 0.6492063 0.3813218 -0.08136987 0.9208544 0.3513405 -0.3963407 0.8482181 -1.87014e-6 -0.08122992 0.9966954 -1.53941e-6 -0.3963307 0.9181079 -0.3813285 -0.08136188 0.9208523 -0.3513486 -0.3963428 0.8482137 -0.7046128 -0.08177953 0.7048639 -0.6492055 -0.3963183 0.6492026 -0.9206483 -0.08242017 0.3815935 -0.8482175 -0.3963425 0.35134 -0.9961181 -0.08771562 -0.00739932 -0.9216457 -0.3877819 -0.01395243 -0.8761695 0.123001 -0.4660449 -0.8526867 -0.2493323 -0.4590848 -0.7015072 0.05690145 -0.7103872 -0.5467498 0.6255394 -0.5565655 -0.6336079 0.6921278 -0.345688 -0.9225009 0.3859937 -9.93131e-4 -0.8520894 0.3867084 0.3527043 -0.6520147 0.3874017 0.6517643 -0.3528112 0.3878762 0.8515141 -2.7545e-6 0.3880186 0.9216516 0.3528125 0.3878685 0.851517 0.65201 0.387405 0.6517671 0.8520909 0.3867055 0.3527038 0.9224923 0.3860144 -9.91287e-4 0.6933279 0.7206223 1.0947e-4 0.4712105 0.8820207 -4.44357e-4 0.6400958 0.7210561 0.2652462 0.4345553 0.8825647 0.1795592 0.4896159 0.721418 0.489727 0.3320983 0.8830136 0.3316594 0.2648711 0.7216618 0.6395683 0.1795563 0.8833091 0.4330414 -1.99638e-6 0.7217466 0.6921575 4.51594e-7 0.8834156 0.4685903 -0.2648771 0.7216603 0.6395676 -0.1795517 0.8833104 0.4330403 -0.4896182 0.721418 0.4897246 -0.3320996 0.8830125 0.3316608 -0.6400973 0.7210561 0.2652427 -0.4345598 0.8825623 0.1795592 -0.6933209 0.7206289 1.07515e-4 -0.4712153 0.8820182 -4.40926e-4 -0.4139341 0.8798859 -0.2333653 -0.3554309 0.8644868 -0.3554313 -0.6804932 -0.2717702 -0.6804925 0 -1 0 0 -1 0 0 -1 0 0 -1 0 0 -1 0 0 1 0 0 1 0 0 1 0 0 1 0 0 1 0 0 1 0 0 1 -1.5658e-7 0 1 0 0 1 0 0 1 0 0.5000143 0 -0.8660172 0.4999887 0 -0.866032 0.9914472 0 -0.1305095 0.9914453 0 -0.1305227 0.8660262 0 0.4999986 0.8660276 0 0.4999962 0.5000005 0 0.8660251 0.5000045 0 0.8660228 -3.8204e-6 0 1 3.8204e-6 0 1 -0.5000005 0 0.8660251 -0.4999965 0 0.8660274 -0.8660284 0 0.4999947 -0.866027 0 0.4999973 -0.9914445 0 -0.1305289 -0.9914463 0 -0.1305158 -0.8660275 0 -0.4999964 -0.8660266 0 -0.4999979 0.2323694 0.4404056 0.8672068 0.4922214 0.1658982 0.8545151 -7.34409e-5 0.2343542 0.9721513 1.17852e-6 0 1 -0.4999986 0 0.8660262 -0.4922224 0.1659002 0.8545141 -0.866022 0 0.5000061 -0.8393903 0.2413946 0.4869834 -0.9914453 0 -0.1305234 -0.9742272 0.1822082 -0.1329724 -0.8660224 0 -0.5000052 -0.8530746 0.1722751 -0.4925295 -0.7777999 0.4397317 -0.4490696 -0.8582766 0.4587682 0.2299852 -0.6324616 0.4471965 0.6324616 -0.232367 0.4404081 0.867206 0.6324624 0.4471882 0.6324667 0.8396654 0.2401196 0.4871392 0.5000006 0 0.8660251 0.8660254 0 0.5000001 0.9742265 0.1822139 -0.1329694 0.8582765 0.458774 0.2299737 0.9914436 0 -0.1305361 0.4919459 0.1999945 -0.8473438 0.4999881 0 -0.8660323 0 0.1758806 -0.9844115 0 0.4528 -0.8916122 0.7777984 0.439741 -0.4490631 -0.1296561 0.4389932 0.8890863 2.08381e-4 0.4427461 0.8966471 0.002087354 0.4427453 0.896645 0.1314749 0.4389188 0.8888558 0.5811174 0.4451221 0.6812995 0.7630061 0.4709789 0.4427195 0.7577715 0.4707942 0.4518132 0.8640514 0.4592325 0.2062062 -0.8039699 0.4507921 0.387839 -0.7711465 0.4499745 0.4503957 -0.7666358 0.4497057 0.4582952 -0.7296462 0.4463727 0.5180424 0.3803937 0.06260192 -0.9227035 0.8730193 0.1261408 -0.4710901 0.3679065 -0.2907823 -0.8832274 0 -0.2712617 -0.9625056 0 0.06012296 -0.998191 6.89055e-7 0.6200393 -0.7845709 0.2865577 0.6520597 -0.7019279 0.6336061 0.692134 -0.3456789 0.4139351 0.8798852 -0.2333664 0.1808766 0.880716 -0.4377477 1.7043e-6 0.8639814 -0.5035238 0.8452923 -0.2552136 -0.4694113 0.9965355 -0.08316731 -5.48059e-4 0.9181061 -0.3963349 2.62447e-6 0.9206472 -0.08239561 0.3816015 0.8482214 -0.3963243 0.3513512 0.7046101 -0.08176684 0.704868 0.649208 -0.3963001 0.6492113 0.3813267 -0.08136034 0.9208531 0.3513367 -0.3963403 0.8482198 -1.9814e-6 -0.08121711 0.9966965 -1.53539e-6 -0.3963182 0.9181132 -0.3813285 -0.08135026 0.9208533 -0.3513514 -0.3963285 0.8482192 -0.7046151 -0.08175843 0.7048639 -0.6492113 -0.3963032 0.6492061 -0.9206483 -0.08241772 0.3815942 -0.8482283 -0.3963146 0.3513454 -0.9961225 -0.08766585 -0.007397413 -0.9216529 -0.3877645 -0.01395207 -0.876169 0.1230131 -0.4660425 -0.8526899 -0.2493196 -0.459086 -0.7015072 0.05689376 -0.7103878 -0.5467463 0.6255443 -0.5565634 -0.6336075 0.6921292 -0.345686 -0.9224884 0.3860237 -9.9097e-4 -0.8520953 0.3866983 0.3527014 -0.6520103 0.3874096 0.6517642 -0.3528115 0.3878801 0.8515122 -2.89966e-6 0.3880257 0.9216486 0.3528094 0.3878753 0.8515154 0.6520108 0.3874037 0.6517671 0.8520833 0.3867263 0.3526995 0.9224866 0.3860278 -9.91988e-4 0.6933274 0.7206228 1.09253e-4 0.4712073 0.8820225 -4.43296e-4 0.6400955 0.7210566 0.2652455 0.4345598 0.882562 0.179561 0.4896147 0.7214195 0.489726 0.3321001 0.8830131 0.3316588 0.2648721 0.7216616 0.6395682 0.1795516 0.8833115 0.4330382 -2.12779e-6 0.721748 0.692156 5.85678e-7 0.8834168 0.4685882 -0.2648776 0.7216601 0.6395676 -0.1795514 0.8833107 0.4330399 -0.4896226 0.7214116 0.4897295 -0.3321024 0.8830105 0.3316634 -0.6400978 0.7210564 0.2652406 -0.4345626 0.882561 0.1795592 -0.6933286 0.7206216 1.07202e-4 -0.4712106 0.8820207 -4.40469e-4 -0.4139388 0.8798826 -0.2333698 -0.355425 0.8644914 -0.3554262 -0.6804913 -0.2717819 -0.6804897 0 -1 0 0 -1 0 0 -1 0 0 1 0 0 1 0 0 1 0 0 1 0 0 1 0 0 1 0 0 1 0 0 1 0 0 1 0 0 1 0 0 1 0 0.5000087 0 -0.8660204 0.4999934 0 -0.8660292 0.9914457 0 -0.1305199 0.9914438 0 -0.130535 0.8660241 0 0.5000024 0.8660299 0 0.4999923 0.4999929 0 0.8660296 0.5000046 0 0.8660229 -8.7507e-6 0 1 7.02216e-6 0 1 -0.5000042 0 0.866023 -0.4999926 0 0.8660297 -0.8660203 0 0.5000089 -0.9914441 0 -0.1305323 -0.991446 0 -0.1305173 -0.8660233 0 -0.5000039 -0.8660227 0 -0.5000048 0.2323611 0.4404073 0.8672081 0.4922241 0.1658999 0.8545132 -7.45693e-5 0.2343541 0.9721513 -2.65167e-7 0 1 -0.4999984 0 0.8660263 -0.4922209 0.1658999 0.854515 -0.8660254 0 0.5000001 -0.8393925 0.2413972 0.4869781 -0.9914448 0 -0.1305267 -0.9742262 0.1822112 -0.1329755 -0.8660252 0 -0.5000004 -0.8530768 0.1722779 -0.4925246 -0.7777998 0.4397376 -0.449064 -0.858275 0.458777 0.2299737 -0.632462 0.4471949 0.6324623 -0.2323638 0.4404065 0.8672077 0.6324685 0.4471915 0.6324583 0.8396658 0.2401172 0.4871399 0.8660246 0 0.5000016 0.974228 0.1822103 -0.1329631 0.8582777 0.4587657 0.229986 0.9914444 0 -0.13053 0.4919471 0.1999916 -0.8473438 0.4999883 0 -0.8660323 0 0.1758796 -0.9844117 0 0.4527982 -0.8916131 0.7778025 0.4397311 -0.4490656 -0.129695 0.4390078 0.8890734 2.06729e-4 0.4427583 0.896641 0.002087175 0.4427576 0.896639 0.1315105 0.4389241 0.888848 0.5810763 0.4451436 0.6813204 0.763001 0.47099 0.4427168 0.757763 0.4708056 0.4518155 0.8640635 0.4592245 0.206173 -0.8039517 0.4507996 0.3878678 -0.7711395 0.4499724 0.4504097 -0.7666316 0.4497025 0.4583055 -0.7296532 0.4463611 0.5180425 0.3803946 0.06259948 -0.9227033 0.8730188 0.1261395 -0.4710913 0.3679047 -0.2907885 -0.883226 0 0.06012618 -0.9981909 6.8906e-7 0.6200406 -0.7845699 0.2865558 0.6520611 -0.7019274 0.6336055 0.6921328 -0.3456822 0.4139404 0.8798813 -0.2333719 0.1808763 0.880717 -0.4377458 1.7043e-6 0.8639822 -0.5035225 0.8452922 -0.2552144 -0.4694112 0.996534 -0.08318501 -5.47098e-4 0.918113 -0.3963187 1.89325e-6 0.9206463 -0.08239549 0.3816037 0.8482312 -0.3963007 0.3513539 0.704613 -0.08176106 0.7048658 0.6492055 -0.3963097 0.6492079 0.3813269 -0.08134901 0.920854 0.3513424 -0.3963317 0.8482216 -2.10325e-6 -0.08121621 0.9966965 -1.91853e-6 -0.3963189 0.9181131 -0.3813312 -0.0813564 0.9208517 -0.3513454 -0.3963428 0.8482151 -0.7046136 -0.08175837 0.7048655 -0.649209 -0.3963031 0.6492084 -0.9206496 -0.0824061 0.3815935 -0.8482205 -0.3963351 0.3513413 -0.9961208 -0.08768445 -0.007399201 -0.9216506 -0.3877699 -0.01395314 -0.8761696 0.1230143 -0.4660412 -0.8526896 -0.2493249 -0.4590836 -0.7015066 0.05688744 -0.7103889 -0.5467456 0.6255462 -0.556562 -0.6336057 0.6921309 -0.3456861 -0.9224928 0.3860132 -9.93324e-4 -0.8520864 0.3867179 0.352701 -0.6520091 0.3874128 0.6517633 -0.352811 0.387884 0.8515107 -2.86353e-6 0.3880259 0.9216485 0.3528076 0.3878824 0.8515129 0.652009 0.387409 0.6517657 0.8520879 0.3867124 0.3527037 0.922494 0.3860105 -9.89813e-4 0.6933256 0.7206245 1.10218e-4 0.4712212 0.882015 -4.44367e-4 0.6400955 0.7210562 0.2652466 0.4345572 0.8825635 0.1795603 0.4896183 0.7214165 0.4897267 0.3320977 0.8830142 0.3316584 0.2648718 0.721661 0.6395689 0.1795537 0.8833101 0.43304 -2.11768e-6 0.7217471 0.6921569 3.99033e-7 0.8834164 0.4685891 -0.2648758 0.7216612 0.6395671 -0.1795532 0.8833098 0.433041 -0.4896188 0.7214168 0.4897257 -0.3320964 0.8830146 0.3316585 -0.6400979 0.721056 0.2652415 -0.4345584 0.8825631 0.1795592 -0.693324 0.7206261 1.05444e-4 -0.4712077 0.8820222 -4.42441e-4 -0.4139433 0.8798803 -0.2333706 -0.3554288 0.8644886 -0.3554293 -0.6804858 -0.2717995 -0.6804882 0 -1 0 0 -1 0 0 -1 0 0 -1 0 0 -1 0 0 -1 0 0 -1 0 0 -1 0 0 -1 0 0 -1 0 0 -1 0 0 -1 0 0 1 0 0 1 0 0 1 0 0 1 0 0 1 0 0 1 0 0 1 0 0 1 0 0 1 0 0 1 0 0 1 0 0 1 0 0.5000128 0 -0.866018 0.4999872 0 -0.8660329 0.9914464 0 -0.1305145 0.9914444 0 -0.1305296 0.8660236 0 0.5000033 0.8660274 0 0.4999965 0.4999899 0 0.8660312 0.4999961 0 0.8660277 -2.80883e-6 0 1 2.81865e-6 0 1 -0.4999961 0 0.8660277 -0.4999899 0 0.8660313 -0.8660274 0 0.4999965 -0.8660237 0 0.5000032 -0.9914444 0 -0.1305296 -0.9914464 0 -0.1305145 -0.8660257 0 -0.4999995 -0.8660253 0 -0.5000004 0.2323645 0.4404135 0.8672041 0.4922143 0.1658995 0.854519 -7.68906e-5 0.2343535 0.9721515 7.36555e-6 0 1 -0.4999924 0 0.8660298 -0.4922257 0.165899 0.8545123 -0.8660196 0 0.5000103 -0.8393923 0.2413939 0.4869801 -0.9914471 0 -0.1305097 -0.9742277 0.1822135 -0.1329611 -0.8660249 0 -0.5000009 -0.853077 0.1722753 -0.4925251 -0.7778025 0.4397304 -0.4490664 -0.8582714 0.4587768 0.229987 -0.6324624 0.4471984 0.6324595 -0.2323645 0.4404113 0.8672051 0.6324564 0.4471984 0.6324655 0.8396654 0.2401212 0.4871386 0.5000022 0 0.8660243 0.8660311 0 0.4999904 0.9742277 0.1822103 -0.1329655 0.8582763 0.4587793 0.2299641 0.991445 0 -0.1305257 0.491939 0.1999988 -0.8473468 0.500007 0 -0.8660215 0 0.1758887 -0.9844101 0 0.4528033 -0.8916105 0.7778024 0.4397373 -0.4490597 -0.1297579 0.4390077 0.8890642 1.70737e-4 0.4427816 0.8966295 0.002045214 0.4427812 0.8966275 0.1314999 0.4389674 0.8888282 0.5811946 0.4451416 0.6812208 0.7630101 0.4709746 0.4427172 0.7577738 0.4707901 0.4518138 0.8640329 0.4592314 0.2062857 -0.8039295 0.4507852 0.3879308 -0.7711341 0.4499661 0.4504252 -0.7666258 0.4496973 0.4583201 -0.7296732 0.4463677 0.5180086 0.3803939 0.06259542 -0.9227038 0.8730192 0.1261441 -0.4710893 0.3679065 -0.2907925 -0.883224 0 -0.2712724 -0.9625027 0 0.06011646 -0.9981914 9.83387e-7 0.6200406 -0.7845697 0.286557 0.65206 -0.701928 0.6336037 0.6921362 -0.3456791 0.4139352 0.8798846 -0.2333682 0.1808816 0.8807178 -0.437742 2.43228e-6 0.8639839 -0.5035196 0.8452914 -0.2552125 -0.4694136 0.9965366 -0.08315384 -5.48536e-4 0.9181116 -0.3963223 2.17701e-6 0.9206478 -0.08239001 0.3816013 0.8482186 -0.3963302 0.351351 0.7046124 -0.08175957 0.7048665 0.6492124 -0.3962917 0.6492121 0.3813275 -0.08135485 0.9208533 0.3513386 -0.3963296 0.8482242 -2.09266e-6 -0.08121591 0.9966966 -3.13799e-6 -0.3963269 0.9181095 -0.381328 -0.08135795 0.9208529 -0.3513508 -0.3963183 0.8482244 -0.7046148 -0.08175432 0.7048647 -0.649209 -0.3963057 0.6492068 -0.9206491 -0.08240348 0.3815954 -0.8482184 -0.3963434 0.3513369 -0.9961208 -0.08768445 -0.007399618 -0.9216483 -0.3877755 -0.0139532 -0.8761685 0.1230137 -0.4660434 -0.8526909 -0.2493164 -0.4590855 -0.7015063 0.05690246 -0.710388 -0.5467441 0.6255484 -0.556561 -0.6336054 0.6921324 -0.3456835 -0.9224921 0.3860148 -9.901e-4 -0.8520852 0.3867212 0.3527005 -0.6520088 0.3874151 0.6517624 -0.3528146 0.3878712 0.8515151 -2.33207e-6 0.3880318 0.921646 0.352807 0.3878754 0.8515163 0.65201 0.3874042 0.6517676 0.8520802 0.3867337 0.3526988 0.9224849 0.386032 -9.89792e-4 0.6933286 0.7206217 1.08806e-4 0.4712042 0.8820241 -4.42368e-4 0.6400964 0.7210558 0.2652457 0.434559 0.8825627 0.1795595 0.4896178 0.7214157 0.4897283 0.3320985 0.8830131 0.3316603 0.2648721 0.72166 0.6395699 0.1795561 0.8833079 0.4330435 -2.34512e-6 0.7217479 0.6921561 0 0.8834158 0.4685901 -0.2648753 0.7216606 0.639568 -0.1795538 0.883307 0.4330464 -0.4896209 0.721414 0.4897276 -0.3320999 0.8830127 0.33166 -0.6401036 0.7210499 0.2652443 -0.4345653 0.8825591 0.1795618 -0.693324 0.7206261 1.05656e-4 -0.4712015 0.8820255 -4.41637e-4 -0.4139299 0.8798881 -0.2333645 -0.3554219 0.8644939 -0.3554232 -0.6804916 -0.2717739 -0.6804925 0 -1 0 0 -1 0 0 -1 0 0 -1 0 0 -1 0 0 1 0 0 1 0 0 1 0 0 1 0 0 1 0 0 1 0 0 1 0 0 1 0 0 1 0 0 1 0 0.5000062 0 -0.8660218 0.4999891 0 -0.8660318 0.9914462 0 -0.1305159 0.9914441 0 -0.1305321 0.8660202 0 0.500009 0.8660251 0 0.5000007 0.4999959 0 0.8660278 0.5000019 0 0.8660244 -2.52405e-6 0 1 3.70259e-6 0 1 -0.5000013 0 0.8660247 -0.4999954 0 0.8660281 -0.8660251 0 0.5000007 -0.8660202 0 0.500009 -0.9914442 0 -0.1305321 -0.9914462 0 -0.1305159 -0.8660225 0 -0.5000053 -0.8660229 0 -0.5000044 0.2323725 0.440407 0.8672051 0.49222 0.1658995 0.8545156 -7.7347e-5 0.2343525 0.9721518 9.14804e-6 0 1 -0.4999953 0 0.8660282 -0.492229 0.1658987 0.8545105 -0.86602 0 0.5000097 -0.839393 0.241398 0.4869768 -0.9914466 0 -0.1305142 -0.9742267 0.1822151 -0.1329668 -0.8530749 0.1722764 -0.4925283 -0.7777995 0.4397361 -0.4490659 -0.8582713 0.4587816 0.229978 -0.6324592 0.4472047 0.6324583 -0.2323701 0.4404105 0.867204 0.6324574 0.4472082 0.6324574 0.8396618 0.2401247 0.4871432 0.5000097 0 0.86602 0.8660274 0 0.4999966 0.9742281 0.1822116 -0.1329613 0.8582699 0.4587845 0.2299777 0.9914454 0 -0.1305226 0.4919339 0.199999 -0.8473497 0.5000019 0 -0.8660244 0 0.1758916 -0.9844096 0 0.4528102 -0.8916071 0.7777995 0.4397361 -0.4490658 -0.1295765 0.4390209 0.8890842 2.43459e-4 0.4427559 0.8966423 0.002128362 0.4427548 0.8966402 0.131462 0.4389156 0.8888593 0.5811781 0.4451808 0.6812093 0.7630129 0.4709935 0.4426922 0.7577796 0.4708101 0.4517834 0.8640459 0.4592265 0.2062425 -0.8039496 0.4508137 0.3878557 -0.7711307 0.4499811 0.4504159 -0.7666196 0.4497103 0.4583179 -0.7296358 0.4463623 0.5180661 0.3803925 0.06260031 -0.9227041 0.8730189 0.126129 -0.4710941 0.3679111 -0.2907856 -0.8832243 0 -0.2712711 -0.9625031 0 0.06011748 -0.9981914 5.04878e-7 0.6200433 -0.7845677 0.2865565 0.6520588 -0.7019293 0.633609 0.6921296 -0.3456825 0.4139347 0.8798851 -0.2333673 0.1808813 0.8807154 -0.4377468 1.24874e-6 0.8639869 -0.5035143 0.8452904 -0.2552244 -0.4694088 0.9965354 -0.08316868 -5.47124e-4 0.9181116 -0.3963218 1.87889e-6 0.920646 -0.08240753 0.3816021 0.8482191 -0.3963309 0.3513494 0.7046101 -0.08177465 0.7048671 0.649203 -0.3963181 0.6492053 0.3813275 -0.08135974 0.9208529 0.3513358 -0.396343 0.848219 -2.15624e-6 -0.08122408 0.9966959 -3.13971e-6 -0.3963388 0.9181044 -0.3813297 -0.08135944 0.9208521 -0.3513472 -0.3963329 0.8482189 -0.7046144 -0.08176285 0.7048641 -0.649208 -0.3963142 0.6492026 -0.9206486 -0.08241587 0.3815937 -0.8482239 -0.3963289 0.3513401 -0.9961196 -0.0876984 -0.007398724 -0.9216434 -0.387787 -0.01395428 -0.8761701 0.1230092 -0.4660417 -0.8526892 -0.2493199 -0.4590868 -0.7015074 0.05689769 -0.7103874 -0.5467469 0.6255455 -0.5565616 -0.6336079 0.6921284 -0.3456866 -0.9224976 0.3860017 -9.92801e-4 -0.8520924 0.386703 0.3527032 -0.65201 0.3874099 0.6517642 -0.3528122 0.3878716 0.8515158 -2.35262e-6 0.3880248 0.921649 0.3528081 0.3878735 0.8515167 0.6520124 0.3873978 0.651769 0.8520897 0.3867079 0.3527043 0.9224908 0.3860182 -9.91314e-4 0.6933294 0.7206209 1.10655e-4 0.4712107 0.8820206 -4.43981e-4 0.6401016 0.7210506 0.265247 0.4345551 0.882565 0.1795576 0.4896171 0.7214158 0.4897288 0.3320946 0.8830158 0.3316569 0.2648729 0.7216562 0.6395739 0.1795577 0.8833072 0.4330446 -2.22383e-6 0.7217438 0.6921603 0 0.8834167 0.4685882 -0.2648772 0.7216565 0.6395717 -0.1795546 0.8833078 0.4330446 -0.4896228 0.7214106 0.4897308 -0.332104 0.8830103 0.3316623 -0.6401001 0.7210537 0.2652425 -0.4345591 0.8825631 0.1795575 -0.6933307 0.7206196 1.07228e-4 -0.4712098 0.8820211 -4.40612e-4 -0.413934 0.8798855 -0.2333671 -0.3554273 0.8644897 -0.3554281 -0.6804891 -0.2717868 -0.6804899 0 -1 0 0 -1 0 0 -1 0 0 1 0 0 1 0 0 1 0 0 1 0 0 1 0 0 1 0 0 1 0 0 1 0 0 1 0</float_array>
          <technique_common>
            <accessor source="#ID108-mesh-normals-array" count="835" stride="3">
              <param name="X" type="float"/>
              <param name="Y" type="float"/>
              <param name="Z" type="float"/>
            </accessor>
          </technique_common>
        </source>
        <source id="ID108-mesh-map-0">
          <float_array id="ID108-mesh-map-0-array" count="6252">0.406131 0.42077 0.403412 0.42077 0.406131 0.328447 0.403412 0.42077 0.403412 0.328447 0.406131 0.328447 0.403412 0.42077 0.400616 0.42077 0.403412 0.328447 0.400616 0.42077 0.400616 0.328447 0.403412 0.328447 0.400616 0.328447 0.400616 0.42077 0.39915 0.42077 0.39915 0.328447 0.400616 0.328447 0.39915 0.42077 0.39915 0.328447 0.39915 0.42077 0.397636 0.42077 0.397636 0.328447 0.39915 0.328447 0.397636 0.42077 0.397636 0.328447 0.397636 0.42077 0.396091 0.42077 0.396091 0.328447 0.397636 0.328447 0.396091 0.42077 0.396091 0.328447 0.396091 0.42077 0.394546 0.42077 0.394546 0.328447 0.396091 0.328447 0.394546 0.42077 0.394546 0.328447 0.394546 0.42077 0.393032 0.42077 0.393032 0.328447 0.394546 0.328447 0.393032 0.42077 0.393032 0.328447 0.393032 0.42077 0.391566 0.42077 0.391566 0.328447 0.393032 0.328447 0.391566 0.42077 0.391566 0.42077 0.38877 0.42077 0.391566 0.328447 0.38877 0.42077 0.38877 0.328447 0.391566 0.328447 0.667012 0.174212 0.667726 0.263838 0.666906 0.263838 0.666906 0.263838 0.667726 0.263838 0.666906 0.351959 0.666906 0.263838 0.666906 0.351959 0.666087 0.351959 0.666087 0.263838 0.666906 0.263838 0.666087 0.351959 0.666087 0.263838 0.666087 0.351959 0.6652831 0.351959 0.6652831 0.263838 0.666087 0.263838 0.6652831 0.351959 0.6652831 0.263838 0.6652831 0.351959 0.664505 0.351959 0.664505 0.263838 0.6652831 0.263838 0.664505 0.351959 0.664505 0.351959 0.663022 0.351959 0.664505 0.263838 0.663022 0.351959 0.663022 0.263838 0.664505 0.263838 0.664505 0.263838 0.663022 0.263838 0.663742 0.160966 0.664505 0.263838 0.665186 0.173873 0.6652831 0.263838 0.665394 0.175189 0.666087 0.263838 0.6652831 0.263838 0.666087 0.263838 0.666802 0.174012 0.666906 0.263838 0.667726 0.263838 0.668405 0.176907 0.668529 0.263838 0.667726 0.263838 0.668529 0.263838 0.667726 0.351959 0.667726 0.263838 0.667726 0.351959 0.666906 0.351959 0.668529 0.263838 0.668529 0.351959 0.667726 0.351959 0.668529 0.263838 0.669307 0.263838 0.668529 0.351959 0.66864 0.175642 0.669307 0.263838 0.668529 0.263838 0.669307 0.351959 0.669307 0.263838 0.67079 0.263838 0.67079 0.351959 0.669307 0.351959 0.67079 0.263838 0.67079 0.351959 0.67079 0.263838 0.672233 0.263838 0.672233 0.351959 0.67079 0.351959 0.672233 0.263838 0.672233 0.263838 0.67079 0.263838 0.6715111 0.160966 0.67079 0.263838 0.669307 0.263838 0.670071 0.160966 0.669307 0.263838 0.669307 0.351959 0.668529 0.351959 0.666802 0.174012 0.666906 0.160966 0.666906 0.263838 0.666906 0.160966 0.667012 0.174212 0.666906 0.263838 0.668405 0.176907 0.668529 0.160966 0.668529 0.263838 0.668529 0.160966 0.66864 0.175642 0.668529 0.263838 0.665186 0.173873 0.6652831 0.160966 0.6652831 0.263838 0.6652831 0.160966 0.665394 0.175189 0.6652831 0.263838 5.65416 0.456697 2.66835 0.456697 5.65546 0.152092 5.65416 0.456697 5.65546 0.152092 8.609161 0.152092 8.61045 0.456697 5.65416 0.456697 8.609161 0.152092 5.65416 0.456697 8.61045 0.456697 8.60633 1.21205 5.6583 1.21205 5.65416 0.456697 8.60633 1.21205 5.65416 0.456697 5.6583 1.21205 2.67017 0.6709141 2.67017 0.6709141 2.66835 0.456697 5.65416 0.456697 2.66835 0.456697 2.67017 0.6709141 1.15057 0.6709141 1.14855 0.456697 2.66835 0.456697 1.15057 0.6709141 2.67159 0.152092 2.66835 0.456697 1.14855 0.456697 2.66835 0.456697 2.67159 0.152092 5.65546 0.152092 1.15215 0.152092 2.67159 0.152092 1.14855 0.456697 1.15215 0.152092 1.14855 0.456697 -0.393793 0.456697 -0.390358 0.152092 1.15215 0.152092 -0.393793 0.456697 -0.390358 0.152092 -0.393793 0.456697 -1.95816 0.456697 -1.95546 0.152092 -0.390358 0.152092 -1.95816 0.456697 -1.95546 0.152092 -1.95816 0.456697 -3.54025 0.456697 -3.53876 0.152092 -1.95546 0.152092 -3.54025 0.456697 -3.53876 0.152092 -3.54025 0.456697 -5.13225 0.456697 -5.13225 0.152092 -3.53876 0.152092 -5.13225 0.456697 -5.13225 0.152092 -5.13225 0.456697 -6.72425 0.456697 -6.72573 0.152092 -5.13225 0.152092 -6.72425 0.456697 -6.72573 0.152092 -6.72425 0.456697 -8.30633 0.456697 -8.30903 0.152092 -6.72573 0.152092 -8.30633 0.456697 -8.30903 0.152092 -8.30633 0.456697 -9.8707 0.456697 -9.87414 0.152092 -8.30903 0.152092 -9.8707 0.456697 -9.87414 0.152092 -9.8707 0.456697 -11.413 0.456697 -11.4166 0.152092 -9.87414 0.152092 -11.413 0.456697 -11.4166 0.152092 -11.413 0.456697 -12.9328 0.456697 -12.9361 0.152092 -11.4166 0.152092 -12.9328 0.456697 -12.9328 0.456697 -15.9187 0.456697 -12.9361 0.152092 -15.9187 0.456697 -12.9328 0.456697 -12.9347 0.6709141 -15.9187 0.456697 -12.9347 0.6709141 -15.9228 1.21205 -12.9347 0.6709141 -12.9432 1.21205 -15.9228 1.21205 -12.9347 0.6709141 -11.4151 0.6709141 -12.9432 1.21205 -11.413 0.456697 -11.4151 0.6709141 -12.9347 0.6709141 -11.413 0.456697 -9.8707 0.456697 -11.4151 0.6709141 -9.8707 0.456697 -9.872631 0.6709141 -11.4151 0.6709141 -9.8707 0.456697 -8.30633 0.456697 -9.872631 0.6709141 -8.30633 0.456697 -8.30785 0.6709141 -9.872631 0.6709141 -8.30633 0.456697 -6.72425 0.456697 -8.30785 0.6709141 -6.72425 0.456697 -6.72508 0.6709141 -8.30785 0.6709141 -6.72425 0.456697 -5.13225 0.456697 -6.72508 0.6709141 -5.13225 0.456697 -5.13225 0.6709141 -6.72508 0.6709141 -5.13225 0.456697 -3.54025 0.456697 -5.13225 0.6709141 -3.54025 0.456697 -3.53941 0.6709141 -5.13225 0.6709141 -3.54025 0.456697 -1.95816 0.456697 -3.53941 0.6709141 -1.95816 0.456697 -1.95665 0.6709141 -3.53941 0.6709141 -1.95816 0.456697 -0.393793 0.456697 -1.95665 0.6709141 -0.393793 0.456697 -0.391864 0.6709141 -1.95665 0.6709141 -0.393793 0.456697 1.14855 0.456697 -0.391864 0.6709141 1.14855 0.456697 1.15057 0.6709141 -0.391864 0.6709141 -0.391864 0.6709141 1.15057 0.6709141 1.16012 1.21205 -0.382763 1.21205 -0.391864 0.6709141 1.16012 1.21205 -0.382763 1.21205 1.16012 1.21205 1.1726 1.5192 -0.370853 1.5192 -0.382763 1.21205 1.1726 1.5192 -1.94949 1.21205 -0.382763 1.21205 -0.370853 1.5192 -1.94011 1.5192 -1.94949 1.21205 -0.370853 1.5192 -3.53547 1.21205 -1.94949 1.21205 -1.94011 1.5192 -3.53029 1.5192 -3.53547 1.21205 -1.94011 1.5192 -5.13225 1.21205 -3.53547 1.21205 -3.53029 1.5192 -5.13225 1.5192 -5.13225 1.21205 -3.53029 1.5192 -6.72902 1.21205 -5.13225 1.21205 -5.13225 1.5192 -6.7342 1.5192 -6.72902 1.21205 -5.13225 1.5192 -8.315 1.21205 -6.72902 1.21205 -6.7342 1.5192 -8.32438 1.5192 -8.315 1.21205 -6.7342 1.5192 -9.881731 1.21205 -8.315 1.21205 -8.32438 1.5192 -9.89364 1.5192 -9.881731 1.21205 -8.32438 1.5192 -11.4246 1.21205 -9.881731 1.21205 -9.89364 1.5192 -11.4371 1.5192 -11.4246 1.21205 -9.89364 1.5192 -12.9432 1.21205 -11.4246 1.21205 -11.4371 1.5192 -12.9544 1.5192 -12.9432 1.21205 -11.4371 1.5192 -12.9544 1.5192 -15.9272 1.5192 -12.9432 1.21205 -15.9272 1.5192 -15.9228 1.21205 -12.9432 1.21205 -11.4151 0.6709141 -11.4246 1.21205 -12.9432 1.21205 -11.4246 1.21205 -11.4151 0.6709141 -9.881731 1.21205 -11.4151 0.6709141 -9.872631 0.6709141 -9.881731 1.21205 -9.881731 1.21205 -9.872631 0.6709141 -8.315 1.21205 -9.872631 0.6709141 -8.30785 0.6709141 -8.315 1.21205 -8.315 1.21205 -8.30785 0.6709141 -6.72902 1.21205 -8.30785 0.6709141 -6.72508 0.6709141 -6.72902 1.21205 -6.72902 1.21205 -6.72508 0.6709141 -5.13225 1.21205 -6.72508 0.6709141 -5.13225 0.6709141 -5.13225 1.21205 -5.13225 1.21205 -5.13225 0.6709141 -3.53547 1.21205 -5.13225 0.6709141 -3.53941 0.6709141 -3.53547 1.21205 -3.53547 1.21205 -3.53941 0.6709141 -1.94949 1.21205 -3.53941 0.6709141 -1.95665 0.6709141 -1.94949 1.21205 -1.94949 1.21205 -1.95665 0.6709141 -0.382763 1.21205 -1.95665 0.6709141 -0.391864 0.6709141 -0.382763 1.21205 -15.9187 0.456697 -15.92 0.152092 -12.9361 0.152092 0.499217 0.342051 0.499038 0.34223 0.500405 0.378015 0.499471 0.342051 0.499217 0.342051 0.500405 0.378015 0.49965 0.34223 0.499471 0.342051 0.500405 0.378015 0.499675 0.342357 0.49965 0.34223 0.500405 0.378015 0.49965 0.342483 0.499675 0.342357 0.500405 0.378015 0.499578 0.342591 0.49965 0.342483 0.500405 0.378015 0.499471 0.342663 0.499578 0.342591 0.500405 0.378015 0.499344 0.342688 0.499471 0.342663 0.500405 0.378015 0.499217 0.342663 0.499344 0.342688 0.500405 0.378015 0.4991101 0.342591 0.499217 0.342663 0.500405 0.378015 0.499038 0.342483 0.4991101 0.342591 0.500405 0.378015 0.499013 0.342357 0.499038 0.342483 0.500405 0.378015 0.499038 0.34223 0.499013 0.342357 0.500405 0.378015 -12.9328 0.456697 -11.413 0.456697 -12.9347 0.6709141 5.6583 1.21205 2.67873 1.21205 2.67017 0.6709141 2.68989 1.5192 2.67873 1.21205 5.6583 1.21205 5.66272 1.5192 2.68989 1.5192 5.6583 1.21205 5.66272 1.5192 5.6583 1.21205 8.60633 1.21205 8.601901 1.5192 5.66272 1.5192 8.60633 1.21205 0.953591 0.966432 0.947611 0.951996 0.953591 0.950807 0.953591 0.966432 0.9425421 0.955383 0.947611 0.951996 0.953591 0.966432 0.939155 0.960453 0.9425421 0.955383 0.953591 0.966432 0.937966 0.966432 0.939155 0.960453 0.953591 0.966432 0.939155 0.9724119 0.937966 0.966432 0.953591 0.966432 0.947611 0.980868 0.939155 0.9724119 0.953591 0.966432 0.95957 0.980868 0.947611 0.980868 0.953591 0.966432 0.968026 0.9724119 0.95957 0.980868 0.953591 0.966432 0.969216 0.966432 0.968026 0.9724119 0.953591 0.966432 0.968026 0.960453 0.969216 0.966432 0.953591 0.966432 0.964639 0.955383 0.968026 0.960453 0.953591 0.966432 0.95957 0.951996 0.964639 0.955383 0.953591 0.966432 0.953591 0.950807 0.95957 0.951996 1.1726 1.5192 1.16012 1.21205 2.68989 1.5192 1.16012 1.21205 2.67873 1.21205 2.68989 1.5192 1.16012 1.21205 1.15057 0.6709141 2.67873 1.21205 1.15057 0.6709141 2.67017 0.6709141 2.67873 1.21205 0.406131 0.416695 0.403412 0.416695 0.406131 0.33127 0.403412 0.416695 0.403412 0.33127 0.406131 0.33127 0.403412 0.416695 0.400616 0.416695 0.403412 0.33127 0.400616 0.416695 0.400616 0.33127 0.403412 0.33127 0.400616 0.33127 0.400616 0.416695 0.39915 0.416695 0.39915 0.33127 0.400616 0.33127 0.39915 0.416695 0.39915 0.33127 0.39915 0.416695 0.397636 0.416695 0.397636 0.33127 0.39915 0.33127 0.397636 0.416695 0.397636 0.33127 0.397636 0.416695 0.396091 0.416695 0.396091 0.33127 0.397636 0.33127 0.396091 0.416695 0.396091 0.33127 0.396091 0.416695 0.394546 0.416695 0.394546 0.33127 0.396091 0.33127 0.394546 0.416695 0.394546 0.33127 0.394546 0.416695 0.393032 0.416695 0.393032 0.33127 0.394546 0.33127 0.393032 0.416695 0.393032 0.33127 0.393032 0.416695 0.391566 0.416695 0.391566 0.33127 0.393032 0.33127 0.391566 0.416695 0.391566 0.416695 0.38877 0.416695 0.391566 0.33127 0.38877 0.416695 0.38877 0.33127 0.391566 0.33127 0.667012 0.174212 0.667726 0.263838 0.666906 0.263838 0.666906 0.263838 0.667726 0.263838 0.666906 0.351959 0.666906 0.263838 0.666906 0.351959 0.666087 0.351959 0.666087 0.263838 0.666906 0.263838 0.666087 0.351959 0.666087 0.263838 0.666087 0.351959 0.6652831 0.351959 0.6652831 0.263838 0.666087 0.263838 0.6652831 0.351959 0.6652831 0.263838 0.6652831 0.351959 0.664505 0.351959 0.664505 0.263838 0.6652831 0.263838 0.664505 0.351959 0.664505 0.351959 0.663022 0.351959 0.664505 0.263838 0.663022 0.351959 0.663022 0.263838 0.664505 0.263838 0.664505 0.263838 0.663022 0.263838 0.663742 0.160966 0.664505 0.263838 0.665186 0.173873 0.6652831 0.263838 0.665394 0.175189 0.666087 0.263838 0.6652831 0.263838 0.666087 0.263838 0.666802 0.174012 0.666906 0.263838 0.667726 0.263838 0.668405 0.176907 0.668529 0.263838 0.667726 0.263838 0.668529 0.263838 0.667726 0.351959 0.667726 0.263838 0.667726 0.351959 0.666906 0.351959 0.668529 0.263838 0.668529 0.351959 0.667726 0.351959 0.668529 0.263838 0.669307 0.263838 0.668529 0.351959 0.66864 0.175642 0.669307 0.263838 0.668529 0.263838 0.669307 0.351959 0.669307 0.263838 0.67079 0.263838 0.67079 0.351959 0.669307 0.351959 0.67079 0.263838 0.67079 0.351959 0.67079 0.263838 0.672233 0.263838 0.672233 0.351959 0.67079 0.351959 0.672233 0.263838 0.672233 0.263838 0.67079 0.263838 0.6715111 0.160966 0.67079 0.263838 0.669307 0.263838 0.670071 0.160966 0.669307 0.263838 0.669307 0.351959 0.668529 0.351959 0.666802 0.174012 0.666906 0.160966 0.666906 0.263838 0.666906 0.160966 0.667012 0.174212 0.666906 0.263838 0.668405 0.176907 0.668529 0.160966 0.668529 0.263838 0.668529 0.160966 0.66864 0.175642 0.668529 0.263838 0.665186 0.173873 0.6652831 0.160966 0.6652831 0.263838 0.6652831 0.160966 0.665394 0.175189 0.6652831 0.263838 5.65416 0.456697 2.66926 0.563806 5.65546 0.152092 5.65416 0.456697 5.65546 0.152092 8.609161 0.152092 8.61045 0.456697 5.65416 0.456697 8.609161 0.152092 5.65416 0.456697 8.61045 0.456697 8.60633 1.21205 5.6583 1.21205 5.65416 0.456697 8.60633 1.21205 5.65416 0.456697 5.6583 1.21205 2.66926 0.563806 5.6583 1.21205 2.67873 1.21205 2.66926 0.563806 2.68989 1.5192 2.67873 1.21205 5.6583 1.21205 5.66272 1.5192 2.68989 1.5192 5.6583 1.21205 5.66272 1.5192 5.6583 1.21205 8.60633 1.21205 8.601901 1.5192 5.66272 1.5192 8.60633 1.21205 2.66926 0.563806 2.67159 0.152092 5.65546 0.152092 2.67159 0.152092 2.66926 0.563806 1.14855 0.456697 1.15215 0.152092 2.67159 0.152092 1.14855 0.456697 1.15215 0.152092 1.14855 0.456697 -0.393793 0.456697 -0.390358 0.152092 1.15215 0.152092 -0.393793 0.456697 -0.390358 0.152092 -0.393793 0.456697 -1.95816 0.456697 -1.95546 0.152092 -0.390358 0.152092 -1.95816 0.456697 -1.95546 0.152092 -1.95816 0.456697 -3.54025 0.456697 -3.53876 0.152092 -1.95546 0.152092 -3.54025 0.456697 -3.53876 0.152092 -3.54025 0.456697 -5.13225 0.456697 -5.13225 0.152092 -3.53876 0.152092 -5.13225 0.456697 -5.13225 0.152092 -5.13225 0.456697 -6.72425 0.456697 -6.72573 0.152092 -5.13225 0.152092 -6.72425 0.456697 -6.72573 0.152092 -6.72425 0.456697 -8.30633 0.456697 -8.30903 0.152092 -6.72573 0.152092 -8.30633 0.456697 -8.30903 0.152092 -8.30633 0.456697 -9.8707 0.456697 -9.87414 0.152092 -8.30903 0.152092 -9.8707 0.456697 -9.87414 0.152092 -9.8707 0.456697 -11.413 0.456697 -11.4166 0.152092 -9.87414 0.152092 -11.413 0.456697 -11.4166 0.152092 -11.413 0.456697 -12.9338 0.563806 -12.9361 0.152092 -11.4166 0.152092 -12.9338 0.563806 -12.9338 0.563806 -15.9187 0.456697 -12.9361 0.152092 -15.9187 0.456697 -12.9338 0.563806 -15.9228 1.21205 -12.9338 0.563806 -12.9432 1.21205 -15.9228 1.21205 -12.9338 0.563806 -11.4151 0.6709141 -12.9432 1.21205 -12.9338 0.563806 -11.413 0.456697 -11.4151 0.6709141 -11.413 0.456697 -9.8707 0.456697 -11.4151 0.6709141 -9.8707 0.456697 -9.872631 0.6709141 -11.4151 0.6709141 -9.8707 0.456697 -8.30633 0.456697 -9.872631 0.6709141 -8.30633 0.456697 -8.30785 0.6709141 -9.872631 0.6709141 -8.30633 0.456697 -6.72425 0.456697 -8.30785 0.6709141 -6.72425 0.456697 -6.72508 0.6709141 -8.30785 0.6709141 -6.72425 0.456697 -5.13225 0.456697 -6.72508 0.6709141 -5.13225 0.456697 -5.13225 0.6709141 -6.72508 0.6709141 -5.13225 0.456697 -3.54025 0.456697 -5.13225 0.6709141 -3.54025 0.456697 -3.53941 0.6709141 -5.13225 0.6709141 -3.54025 0.456697 -1.95816 0.456697 -3.53941 0.6709141 -1.95816 0.456697 -1.95665 0.6709141 -3.53941 0.6709141 -1.95816 0.456697 -0.393793 0.456697 -1.95665 0.6709141 -0.393793 0.456697 -0.391864 0.6709141 -1.95665 0.6709141 -0.393793 0.456697 1.14855 0.456697 -0.391864 0.6709141 1.14855 0.456697 1.15057 0.6709141 -0.391864 0.6709141 1.14855 0.456697 2.66926 0.563806 1.15057 0.6709141 1.15057 0.6709141 2.66926 0.563806 2.67873 1.21205 1.16012 1.21205 1.15057 0.6709141 2.67873 1.21205 1.16012 1.21205 2.67873 1.21205 2.68989 1.5192 1.1726 1.5192 1.16012 1.21205 2.68989 1.5192 -0.382763 1.21205 1.16012 1.21205 1.1726 1.5192 -0.370853 1.5192 -0.382763 1.21205 1.1726 1.5192 -1.94949 1.21205 -0.382763 1.21205 -0.370853 1.5192 -1.94011 1.5192 -1.94949 1.21205 -0.370853 1.5192 -3.53547 1.21205 -1.94949 1.21205 -1.94011 1.5192 -3.53029 1.5192 -3.53547 1.21205 -1.94011 1.5192 -5.13225 1.21205 -3.53547 1.21205 -3.53029 1.5192 -5.13225 1.5192 -5.13225 1.21205 -3.53029 1.5192 -6.72902 1.21205 -5.13225 1.21205 -5.13225 1.5192 -6.7342 1.5192 -6.72902 1.21205 -5.13225 1.5192 -8.315 1.21205 -6.72902 1.21205 -6.7342 1.5192 -8.32438 1.5192 -8.315 1.21205 -6.7342 1.5192 -9.881731 1.21205 -8.315 1.21205 -8.32438 1.5192 -9.89364 1.5192 -9.881731 1.21205 -8.32438 1.5192 -11.4246 1.21205 -9.881731 1.21205 -9.89364 1.5192 -11.4371 1.5192 -11.4246 1.21205 -9.89364 1.5192 -12.9432 1.21205 -11.4246 1.21205 -11.4371 1.5192 -12.9544 1.5192 -12.9432 1.21205 -11.4371 1.5192 -12.9544 1.5192 -15.9272 1.5192 -12.9432 1.21205 -15.9272 1.5192 -15.9228 1.21205 -12.9432 1.21205 -11.4151 0.6709141 -11.4246 1.21205 -12.9432 1.21205 -11.4246 1.21205 -11.4151 0.6709141 -9.881731 1.21205 -11.4151 0.6709141 -9.872631 0.6709141 -9.881731 1.21205 -9.881731 1.21205 -9.872631 0.6709141 -8.315 1.21205 -9.872631 0.6709141 -8.30785 0.6709141 -8.315 1.21205 -8.315 1.21205 -8.30785 0.6709141 -6.72902 1.21205 -8.30785 0.6709141 -6.72508 0.6709141 -6.72902 1.21205 -6.72902 1.21205 -6.72508 0.6709141 -5.13225 1.21205 -6.72508 0.6709141 -5.13225 0.6709141 -5.13225 1.21205 -5.13225 1.21205 -5.13225 0.6709141 -3.53547 1.21205 -5.13225 0.6709141 -3.53941 0.6709141 -3.53547 1.21205 -3.53547 1.21205 -3.53941 0.6709141 -1.94949 1.21205 -3.53941 0.6709141 -1.95665 0.6709141 -1.94949 1.21205 -1.94949 1.21205 -1.95665 0.6709141 -0.382763 1.21205 -1.95665 0.6709141 -0.391864 0.6709141 -0.382763 1.21205 -0.382763 1.21205 -0.391864 0.6709141 1.16012 1.21205 -0.391864 0.6709141 1.15057 0.6709141 1.16012 1.21205 -15.9187 0.456697 -15.92 0.152092 -12.9361 0.152092 0.500885 0.342069 0.500717 0.342237 0.49938 0.378015 0.501124 0.342069 0.500885 0.342069 0.49938 0.378015 0.501292 0.342237 0.501124 0.342069 0.49938 0.378015 0.501316 0.342357 0.501292 0.342237 0.49938 0.378015 0.501292 0.342476 0.501316 0.342357 0.49938 0.378015 0.501224 0.342577 0.501292 0.342476 0.49938 0.378015 0.501124 0.342644 0.501224 0.342577 0.49938 0.378015 0.501004 0.342668 0.501124 0.342644 0.49938 0.378015 0.500885 0.342644 0.501004 0.342668 0.49938 0.378015 0.500784 0.342577 0.500885 0.342644 0.49938 0.378015 0.500717 0.342476 0.500784 0.342577 0.49938 0.378015 0.500693 0.342357 0.500717 0.342476 0.49938 0.378015 0.500717 0.342237 0.500693 0.342357 0.49938 0.378015 0.953591 0.966432 0.947611 0.951996 0.953591 0.950807 0.953591 0.966432 0.9425421 0.955383 0.947611 0.951996 0.953591 0.966432 0.939155 0.960453 0.9425421 0.955383 0.953591 0.966432 0.937966 0.966432 0.939155 0.960453 0.953591 0.966432 0.939155 0.9724119 0.937966 0.966432 0.953591 0.966432 0.947611 0.980868 0.939155 0.9724119 0.953591 0.966432 0.95957 0.980868 0.947611 0.980868 0.953591 0.966432 0.968026 0.9724119 0.95957 0.980868 0.953591 0.966432 0.969216 0.966432 0.968026 0.9724119 0.953591 0.966432 0.968026 0.960453 0.969216 0.966432 0.953591 0.966432 0.964639 0.955383 0.968026 0.960453 0.953591 0.966432 0.95957 0.951996 0.964639 0.955383 0.953591 0.966432 0.953591 0.950807 0.95957 0.951996 0.406131 0.417163 0.403412 0.417163 0.406131 0.338875 0.403412 0.417163 0.403412 0.338875 0.406131 0.338875 0.403412 0.417163 0.400616 0.417163 0.403412 0.338875 0.400616 0.417163 0.400616 0.338875 0.403412 0.338875 0.400616 0.338875 0.400616 0.417163 0.39915 0.417163 0.39915 0.338875 0.400616 0.338875 0.39915 0.417163 0.39915 0.338875 0.39915 0.417163 0.397636 0.417163 0.397636 0.338875 0.39915 0.338875 0.397636 0.417163 0.397636 0.338875 0.397636 0.417163 0.396091 0.417163 0.396091 0.338875 0.397636 0.338875 0.396091 0.417163 0.396091 0.338875 0.396091 0.417163 0.394546 0.417163 0.394546 0.338875 0.396091 0.338875 0.394546 0.417163 0.394546 0.338875 0.394546 0.417163 0.393032 0.417163 0.393032 0.338875 0.394546 0.338875 0.393032 0.417163 0.393032 0.338875 0.393032 0.417163 0.391566 0.417163 0.391566 0.338875 0.393032 0.338875 0.391566 0.417163 0.391566 0.417163 0.38877 0.417163 0.391566 0.338875 0.38877 0.417163 0.38877 0.338875 0.391566 0.338875 0.667012 0.174212 0.667726 0.263838 0.666906 0.263838 0.666906 0.263838 0.667726 0.263838 0.666906 0.351959 0.666906 0.263838 0.666906 0.351959 0.666087 0.351959 0.666087 0.263838 0.666906 0.263838 0.666087 0.351959 0.666087 0.263838 0.666087 0.351959 0.6652831 0.351959 0.6652831 0.263838 0.666087 0.263838 0.6652831 0.351959 0.6652831 0.263838 0.6652831 0.351959 0.664505 0.351959 0.664505 0.263838 0.6652831 0.263838 0.664505 0.351959 0.664505 0.351959 0.663022 0.351959 0.664505 0.263838 0.663022 0.351959 0.663022 0.263838 0.664505 0.263838 0.664505 0.263838 0.663022 0.263838 0.663742 0.160966 0.664505 0.263838 0.665186 0.173873 0.6652831 0.263838 0.665394 0.175189 0.666087 0.263838 0.6652831 0.263838 0.666087 0.263838 0.666802 0.174012 0.666906 0.263838 0.667726 0.263838 0.668405 0.176907 0.668529 0.263838 0.667726 0.263838 0.668529 0.263838 0.667726 0.351959 0.667726 0.263838 0.667726 0.351959 0.666906 0.351959 0.668529 0.263838 0.668529 0.351959 0.667726 0.351959 0.668529 0.263838 0.669307 0.263838 0.668529 0.351959 0.66864 0.175642 0.669307 0.263838 0.668529 0.263838 0.669307 0.351959 0.669307 0.263838 0.67079 0.263838 0.67079 0.351959 0.669307 0.351959 0.67079 0.263838 0.67079 0.351959 0.67079 0.263838 0.672233 0.263838 0.672233 0.351959 0.67079 0.351959 0.672233 0.263838 0.672233 0.263838 0.67079 0.263838 0.6715111 0.160966 0.67079 0.263838 0.669307 0.263838 0.670071 0.160966 0.669307 0.263838 0.669307 0.351959 0.668529 0.351959 0.666802 0.174012 0.666906 0.160966 0.666906 0.263838 0.666906 0.160966 0.667012 0.174212 0.666906 0.263838 0.668405 0.176907 0.668529 0.160966 0.668529 0.263838 0.668529 0.160966 0.66864 0.175642 0.668529 0.263838 0.665186 0.173873 0.6652831 0.160966 0.6652831 0.263838 0.6652831 0.160966 0.665394 0.175189 0.6652831 0.263838 5.65416 0.456697 2.66926 0.563806 5.65546 0.152092 5.65416 0.456697 5.65546 0.152092 8.609161 0.152092 8.61045 0.456697 5.65416 0.456697 8.609161 0.152092 5.65416 0.456697 8.61045 0.456697 8.60633 1.21205 5.6583 1.21205 5.65416 0.456697 8.60633 1.21205 5.65416 0.456697 5.6583 1.21205 2.66926 0.563806 5.6583 1.21205 2.67873 1.21205 2.66926 0.563806 2.68989 1.5192 2.67873 1.21205 5.6583 1.21205 5.66272 1.5192 2.68989 1.5192 5.6583 1.21205 5.66272 1.5192 5.6583 1.21205 8.60633 1.21205 8.601901 1.5192 5.66272 1.5192 8.60633 1.21205 2.66926 0.563806 2.67159 0.152092 5.65546 0.152092 2.67159 0.152092 2.66926 0.563806 1.14855 0.456697 1.15215 0.152092 2.67159 0.152092 1.14855 0.456697 1.15215 0.152092 1.14855 0.456697 -0.393793 0.456697 -0.390358 0.152092 1.15215 0.152092 -0.393793 0.456697 -0.390358 0.152092 -0.393793 0.456697 -1.95816 0.456697 -1.95546 0.152092 -0.390358 0.152092 -1.95816 0.456697 -1.95546 0.152092 -1.95816 0.456697 -3.54025 0.456697 -3.53876 0.152092 -1.95546 0.152092 -3.54025 0.456697 -3.53876 0.152092 -3.54025 0.456697 -5.13225 0.456697 -5.13225 0.152092 -3.53876 0.152092 -5.13225 0.456697 -5.13225 0.152092 -5.13225 0.456697 -6.72425 0.456697 -6.72573 0.152092 -5.13225 0.152092 -6.72425 0.456697 -6.72573 0.152092 -6.72425 0.456697 -8.30633 0.456697 -8.30903 0.152092 -6.72573 0.152092 -8.30633 0.456697 -8.30903 0.152092 -8.30633 0.456697 -9.8707 0.456697 -9.87414 0.152092 -8.30903 0.152092 -9.8707 0.456697 -9.87414 0.152092 -9.8707 0.456697 -11.413 0.456697 -11.4166 0.152092 -9.87414 0.152092 -11.413 0.456697 -11.4166 0.152092 -11.413 0.456697 -12.9338 0.563806 -12.9361 0.152092 -11.4166 0.152092 -12.9338 0.563806 -12.9338 0.563806 -15.9187 0.456697 -12.9361 0.152092 -15.9187 0.456697 -12.9338 0.563806 -15.9228 1.21205 -12.9338 0.563806 -12.9432 1.21205 -15.9228 1.21205 -12.9338 0.563806 -11.4151 0.6709141 -12.9432 1.21205 -12.9338 0.563806 -11.413 0.456697 -11.4151 0.6709141 -11.413 0.456697 -9.8707 0.456697 -11.4151 0.6709141 -9.8707 0.456697 -9.872631 0.6709141 -11.4151 0.6709141 -9.8707 0.456697 -8.30633 0.456697 -9.872631 0.6709141 -8.30633 0.456697 -8.30785 0.6709141 -9.872631 0.6709141 -8.30633 0.456697 -6.72425 0.456697 -8.30785 0.6709141 -6.72425 0.456697 -6.72508 0.6709141 -8.30785 0.6709141 -6.72425 0.456697 -5.13225 0.456697 -6.72508 0.6709141 -5.13225 0.456697 -5.13225 0.6709141 -6.72508 0.6709141 -5.13225 0.456697 -3.54025 0.456697 -5.13225 0.6709141 -3.54025 0.456697 -3.53941 0.6709141 -5.13225 0.6709141 -3.54025 0.456697 -1.95816 0.456697 -3.53941 0.6709141 -1.95816 0.456697 -1.95665 0.6709141 -3.53941 0.6709141 -1.95816 0.456697 -0.393793 0.456697 -1.95665 0.6709141 -0.393793 0.456697 -0.391864 0.6709141 -1.95665 0.6709141 -0.393793 0.456697 1.14855 0.456697 -0.391864 0.6709141 1.14855 0.456697 1.15057 0.6709141 -0.391864 0.6709141 1.14855 0.456697 2.66926 0.563806 1.15057 0.6709141 1.15057 0.6709141 2.66926 0.563806 2.67873 1.21205 1.16012 1.21205 1.15057 0.6709141 2.67873 1.21205 1.16012 1.21205 2.67873 1.21205 2.68989 1.5192 1.1726 1.5192 1.16012 1.21205 2.68989 1.5192 -0.382763 1.21205 1.16012 1.21205 1.1726 1.5192 -0.370853 1.5192 -0.382763 1.21205 1.1726 1.5192 -1.94949 1.21205 -0.382763 1.21205 -0.370853 1.5192 -1.94011 1.5192 -1.94949 1.21205 -0.370853 1.5192 -3.53547 1.21205 -1.94949 1.21205 -1.94011 1.5192 -3.53029 1.5192 -3.53547 1.21205 -1.94011 1.5192 -5.13225 1.21205 -3.53547 1.21205 -3.53029 1.5192 -5.13225 1.5192 -5.13225 1.21205 -3.53029 1.5192 -6.72902 1.21205 -5.13225 1.21205 -5.13225 1.5192 -6.7342 1.5192 -6.72902 1.21205 -5.13225 1.5192 -8.315 1.21205 -6.72902 1.21205 -6.7342 1.5192 -8.32438 1.5192 -8.315 1.21205 -6.7342 1.5192 -9.881731 1.21205 -8.315 1.21205 -8.32438 1.5192 -9.89364 1.5192 -9.881731 1.21205 -8.32438 1.5192 -11.4246 1.21205 -9.881731 1.21205 -9.89364 1.5192 -11.4371 1.5192 -11.4246 1.21205 -9.89364 1.5192 -12.9432 1.21205 -11.4246 1.21205 -11.4371 1.5192 -12.9544 1.5192 -12.9432 1.21205 -11.4371 1.5192 -12.9544 1.5192 -15.9272 1.5192 -12.9432 1.21205 -15.9272 1.5192 -15.9228 1.21205 -12.9432 1.21205 -11.4151 0.6709141 -11.4246 1.21205 -12.9432 1.21205 -11.4246 1.21205 -11.4151 0.6709141 -9.881731 1.21205 -11.4151 0.6709141 -9.872631 0.6709141 -9.881731 1.21205 -9.881731 1.21205 -9.872631 0.6709141 -8.315 1.21205 -9.872631 0.6709141 -8.30785 0.6709141 -8.315 1.21205 -8.315 1.21205 -8.30785 0.6709141 -6.72902 1.21205 -8.30785 0.6709141 -6.72508 0.6709141 -6.72902 1.21205 -6.72902 1.21205 -6.72508 0.6709141 -5.13225 1.21205 -6.72508 0.6709141 -5.13225 0.6709141 -5.13225 1.21205 -5.13225 1.21205 -5.13225 0.6709141 -3.53547 1.21205 -5.13225 0.6709141 -3.53941 0.6709141 -3.53547 1.21205 -3.53547 1.21205 -3.53941 0.6709141 -1.94949 1.21205 -3.53941 0.6709141 -1.95665 0.6709141 -1.94949 1.21205 -1.94949 1.21205 -1.95665 0.6709141 -0.382763 1.21205 -1.95665 0.6709141 -0.391864 0.6709141 -0.382763 1.21205 -0.382763 1.21205 -0.391864 0.6709141 1.16012 1.21205 -0.391864 0.6709141 1.15057 0.6709141 1.16012 1.21205 -15.9187 0.456697 -15.92 0.152092 -12.9361 0.152092 0.501401 0.342069 0.501232 0.342237 0.499061 0.378015 0.501639 0.342069 0.501401 0.342069 0.499061 0.378015 0.501808 0.342237 0.501639 0.342069 0.499061 0.378015 0.501831 0.342357 0.501808 0.342237 0.499061 0.378015 0.501808 0.342476 0.501831 0.342357 0.499061 0.378015 0.50174 0.342577 0.501808 0.342476 0.499061 0.378015 0.501639 0.342644 0.50174 0.342577 0.499061 0.378015 0.50152 0.342668 0.501639 0.342644 0.499061 0.378015 0.501401 0.342644 0.50152 0.342668 0.499061 0.378015 0.5013 0.342577 0.501401 0.342644 0.499061 0.378015 0.501232 0.342476 0.5013 0.342577 0.499061 0.378015 0.501209 0.342357 0.501232 0.342476 0.499061 0.378015 0.501232 0.342237 0.501209 0.342357 0.499061 0.378015 0.953591 0.966432 0.947611 0.951996 0.953591 0.950807 0.953591 0.966432 0.9425421 0.955383 0.947611 0.951996 0.953591 0.966432 0.939155 0.960453 0.9425421 0.955383 0.953591 0.966432 0.937966 0.966432 0.939155 0.960453 0.953591 0.966432 0.939155 0.9724119 0.937966 0.966432 0.953591 0.966432 0.947611 0.980868 0.939155 0.9724119 0.953591 0.966432 0.95957 0.980868 0.947611 0.980868 0.953591 0.966432 0.968026 0.9724119 0.95957 0.980868 0.953591 0.966432 0.969216 0.966432 0.968026 0.9724119 0.953591 0.966432 0.968026 0.960453 0.969216 0.966432 0.953591 0.966432 0.964639 0.955383 0.968026 0.960453 0.953591 0.966432 0.95957 0.951996 0.964639 0.955383 0.953591 0.966432 0.953591 0.950807 0.95957 0.951996 0.406131 0.409661 0.403412 0.409661 0.406131 0.346308 0.403412 0.409661 0.403412 0.346308 0.406131 0.346308 0.403412 0.409661 0.400616 0.409661 0.403412 0.346308 0.400616 0.409661 0.400616 0.346308 0.403412 0.346308 0.400616 0.346308 0.400616 0.409661 0.39915 0.409661 0.39915 0.346308 0.400616 0.346308 0.39915 0.409661 0.39915 0.346308 0.39915 0.409661 0.397636 0.409661 0.397636 0.346308 0.39915 0.346308 0.397636 0.409661 0.397636 0.346308 0.397636 0.409661 0.396091 0.409661 0.396091 0.346308 0.397636 0.346308 0.396091 0.409661 0.396091 0.346308 0.396091 0.409661 0.394546 0.409661 0.394546 0.346308 0.396091 0.346308 0.394546 0.409661 0.394546 0.346308 0.394546 0.409661 0.393032 0.409661 0.393032 0.346308 0.394546 0.346308 0.393032 0.409661 0.393032 0.346308 0.393032 0.409661 0.391566 0.409661 0.391566 0.346308 0.393032 0.346308 0.391566 0.409661 0.391566 0.409661 0.38877 0.409661 0.391566 0.346308 0.38877 0.409661 0.38877 0.346308 0.391566 0.346308 0.667012 0.174212 0.667726 0.263838 0.666906 0.263838 0.666906 0.263838 0.667726 0.263838 0.666906 0.351959 0.666906 0.263838 0.666906 0.351959 0.666087 0.351959 0.666087 0.263838 0.666906 0.263838 0.666087 0.351959 0.666087 0.263838 0.666087 0.351959 0.6652831 0.351959 0.6652831 0.263838 0.666087 0.263838 0.6652831 0.351959 0.6652831 0.263838 0.6652831 0.351959 0.664505 0.351959 0.664505 0.263838 0.6652831 0.263838 0.664505 0.351959 0.664505 0.351959 0.663022 0.351959 0.664505 0.263838 0.663022 0.351959 0.663022 0.263838 0.664505 0.263838 0.664505 0.263838 0.663022 0.263838 0.663742 0.160966 0.664505 0.263838 0.665186 0.173873 0.6652831 0.263838 0.665394 0.175189 0.666087 0.263838 0.6652831 0.263838 0.666087 0.263838 0.666802 0.174012 0.666906 0.263838 0.667726 0.263838 0.668405 0.176907 0.668529 0.263838 0.667726 0.263838 0.668529 0.263838 0.667726 0.351959 0.667726 0.263838 0.667726 0.351959 0.666906 0.351959 0.668529 0.263838 0.668529 0.351959 0.667726 0.351959 0.668529 0.263838 0.669307 0.263838 0.668529 0.351959 0.66864 0.175642 0.669307 0.263838 0.668529 0.263838 0.669307 0.351959 0.669307 0.263838 0.67079 0.263838 0.67079 0.351959 0.669307 0.351959 0.67079 0.263838 0.67079 0.351959 0.67079 0.263838 0.672233 0.263838 0.672233 0.351959 0.67079 0.351959 0.672233 0.263838 0.672233 0.263838 0.67079 0.263838 0.6715111 0.160966 0.67079 0.263838 0.669307 0.263838 0.670071 0.160966 0.669307 0.263838 0.669307 0.351959 0.668529 0.351959 0.666802 0.174012 0.666906 0.160966 0.666906 0.263838 0.666906 0.160966 0.667012 0.174212 0.666906 0.263838 0.668405 0.176907 0.668529 0.160966 0.668529 0.263838 0.668529 0.160966 0.66864 0.175642 0.668529 0.263838 0.665186 0.173873 0.6652831 0.160966 0.6652831 0.263838 0.6652831 0.160966 0.665394 0.175189 0.6652831 0.263838 5.65416 0.456697 2.66926 0.563806 5.65546 0.152092 5.65416 0.456697 5.65546 0.152092 8.609161 0.152092 8.61045 0.456697 5.65416 0.456697 8.609161 0.152092 5.65416 0.456697 8.61045 0.456697 8.60633 1.21205 5.6583 1.21205 5.65416 0.456697 8.60633 1.21205 5.65416 0.456697 5.6583 1.21205 2.66926 0.563806 5.6583 1.21205 2.67873 1.21205 2.66926 0.563806 2.68989 1.5192 2.67873 1.21205 5.6583 1.21205 5.66272 1.5192 2.68989 1.5192 5.6583 1.21205 5.66272 1.5192 5.6583 1.21205 8.60633 1.21205 8.601901 1.5192 5.66272 1.5192 8.60633 1.21205 2.66926 0.563806 2.67159 0.152092 5.65546 0.152092 2.67159 0.152092 2.66926 0.563806 1.14855 0.456697 1.15215 0.152092 2.67159 0.152092 1.14855 0.456697 1.15215 0.152092 1.14855 0.456697 -0.393793 0.456697 -0.390358 0.152092 1.15215 0.152092 -0.393793 0.456697 -0.390358 0.152092 -0.393793 0.456697 -1.95816 0.456697 -1.95546 0.152092 -0.390358 0.152092 -1.95816 0.456697 -1.95546 0.152092 -1.95816 0.456697 -3.54025 0.456697 -3.53876 0.152092 -1.95546 0.152092 -3.54025 0.456697 -3.53876 0.152092 -3.54025 0.456697 -5.13225 0.456697 -5.13225 0.152092 -3.53876 0.152092 -5.13225 0.456697 -5.13225 0.152092 -5.13225 0.456697 -6.72425 0.456697 -6.72573 0.152092 -5.13225 0.152092 -6.72425 0.456697 -6.72573 0.152092 -6.72425 0.456697 -8.30633 0.456697 -8.30903 0.152092 -6.72573 0.152092 -8.30633 0.456697 -8.30903 0.152092 -8.30633 0.456697 -9.8707 0.456697 -9.87414 0.152092 -8.30903 0.152092 -9.8707 0.456697 -9.87414 0.152092 -9.8707 0.456697 -11.413 0.456697 -11.4166 0.152092 -9.87414 0.152092 -11.413 0.456697 -11.4166 0.152092 -11.413 0.456697 -12.9338 0.563806 -12.9361 0.152092 -11.4166 0.152092 -12.9338 0.563806 -12.9338 0.563806 -15.9187 0.456697 -12.9361 0.152092 -15.9187 0.456697 -12.9338 0.563806 -15.9228 1.21205 -12.9338 0.563806 -12.9432 1.21205 -15.9228 1.21205 -12.9338 0.563806 -11.4151 0.6709141 -12.9432 1.21205 -12.9338 0.563806 -11.413 0.456697 -11.4151 0.6709141 -11.413 0.456697 -9.8707 0.456697 -11.4151 0.6709141 -9.8707 0.456697 -9.872631 0.6709141 -11.4151 0.6709141 -9.8707 0.456697 -8.30633 0.456697 -9.872631 0.6709141 -8.30633 0.456697 -8.30785 0.6709141 -9.872631 0.6709141 -8.30633 0.456697 -6.72425 0.456697 -8.30785 0.6709141 -6.72425 0.456697 -6.72508 0.6709141 -8.30785 0.6709141 -6.72425 0.456697 -5.13225 0.456697 -6.72508 0.6709141 -5.13225 0.456697 -5.13225 0.6709141 -6.72508 0.6709141 -5.13225 0.456697 -3.54025 0.456697 -5.13225 0.6709141 -3.54025 0.456697 -3.53941 0.6709141 -5.13225 0.6709141 -3.54025 0.456697 -1.95816 0.456697 -3.53941 0.6709141 -1.95816 0.456697 -1.95665 0.6709141 -3.53941 0.6709141 -1.95816 0.456697 -0.393793 0.456697 -1.95665 0.6709141 -0.393793 0.456697 -0.391864 0.6709141 -1.95665 0.6709141 -0.393793 0.456697 1.14855 0.456697 -0.391864 0.6709141 1.14855 0.456697 1.15057 0.6709141 -0.391864 0.6709141 1.14855 0.456697 2.66926 0.563806 1.15057 0.6709141 1.15057 0.6709141 2.66926 0.563806 2.67873 1.21205 1.16012 1.21205 1.15057 0.6709141 2.67873 1.21205 1.16012 1.21205 2.67873 1.21205 2.68989 1.5192 1.1726 1.5192 1.16012 1.21205 2.68989 1.5192 -0.382763 1.21205 1.16012 1.21205 1.1726 1.5192 -0.370853 1.5192 -0.382763 1.21205 1.1726 1.5192 -1.94949 1.21205 -0.382763 1.21205 -0.370853 1.5192 -1.94011 1.5192 -1.94949 1.21205 -0.370853 1.5192 -3.53547 1.21205 -1.94949 1.21205 -1.94011 1.5192 -3.53029 1.5192 -3.53547 1.21205 -1.94011 1.5192 -5.13225 1.21205 -3.53547 1.21205 -3.53029 1.5192 -5.13225 1.5192 -5.13225 1.21205 -3.53029 1.5192 -6.72902 1.21205 -5.13225 1.21205 -5.13225 1.5192 -6.7342 1.5192 -6.72902 1.21205 -5.13225 1.5192 -8.315 1.21205 -6.72902 1.21205 -6.7342 1.5192 -8.32438 1.5192 -8.315 1.21205 -6.7342 1.5192 -9.881731 1.21205 -8.315 1.21205 -8.32438 1.5192 -9.89364 1.5192 -9.881731 1.21205 -8.32438 1.5192 -11.4246 1.21205 -9.881731 1.21205 -9.89364 1.5192 -11.4371 1.5192 -11.4246 1.21205 -9.89364 1.5192 -12.9432 1.21205 -11.4246 1.21205 -11.4371 1.5192 -12.9544 1.5192 -12.9432 1.21205 -11.4371 1.5192 -12.9544 1.5192 -15.9272 1.5192 -12.9432 1.21205 -15.9272 1.5192 -15.9228 1.21205 -12.9432 1.21205 -11.4151 0.6709141 -11.4246 1.21205 -12.9432 1.21205 -11.4246 1.21205 -11.4151 0.6709141 -9.881731 1.21205 -11.4151 0.6709141 -9.872631 0.6709141 -9.881731 1.21205 -9.881731 1.21205 -9.872631 0.6709141 -8.315 1.21205 -9.872631 0.6709141 -8.30785 0.6709141 -8.315 1.21205 -8.315 1.21205 -8.30785 0.6709141 -6.72902 1.21205 -8.30785 0.6709141 -6.72508 0.6709141 -6.72902 1.21205 -6.72902 1.21205 -6.72508 0.6709141 -5.13225 1.21205 -6.72508 0.6709141 -5.13225 0.6709141 -5.13225 1.21205 -5.13225 1.21205 -5.13225 0.6709141 -3.53547 1.21205 -5.13225 0.6709141 -3.53941 0.6709141 -3.53547 1.21205 -3.53547 1.21205 -3.53941 0.6709141 -1.94949 1.21205 -3.53941 0.6709141 -1.95665 0.6709141 -1.94949 1.21205 -1.94949 1.21205 -1.95665 0.6709141 -0.382763 1.21205 -1.95665 0.6709141 -0.391864 0.6709141 -0.382763 1.21205 -0.382763 1.21205 -0.391864 0.6709141 1.16012 1.21205 -0.391864 0.6709141 1.15057 0.6709141 1.16012 1.21205 -15.9187 0.456697 -15.92 0.152092 -12.9361 0.152092 0.498361 0.342069 0.498193 0.342237 0.500939 0.378015 0.498599 0.342069 0.498361 0.342069 0.500939 0.378015 0.498768 0.342237 0.498599 0.342069 0.500939 0.378015 0.498792 0.342357 0.498768 0.342237 0.500939 0.378015 0.498768 0.342476 0.498792 0.342357 0.500939 0.378015 0.4987 0.342577 0.498768 0.342476 0.500939 0.378015 0.498599 0.342644 0.4987 0.342577 0.500939 0.378015 0.49848 0.342668 0.498599 0.342644 0.500939 0.378015 0.498361 0.342644 0.49848 0.342668 0.500939 0.378015 0.49826 0.342577 0.498361 0.342644 0.500939 0.378015 0.498193 0.342476 0.49826 0.342577 0.500939 0.378015 0.498169 0.342357 0.498193 0.342476 0.500939 0.378015 0.498193 0.342237 0.498169 0.342357 0.500939 0.378015 0.953591 0.966432 0.947611 0.951996 0.953591 0.950807 0.953591 0.966432 0.9425421 0.955383 0.947611 0.951996 0.953591 0.966432 0.939155 0.960453 0.9425421 0.955383 0.953591 0.966432 0.937966 0.966432 0.939155 0.960453 0.953591 0.966432 0.939155 0.9724119 0.937966 0.966432 0.953591 0.966432 0.947611 0.980868 0.939155 0.9724119 0.953591 0.966432 0.95957 0.980868 0.947611 0.980868 0.953591 0.966432 0.968026 0.9724119 0.95957 0.980868 0.953591 0.966432 0.969216 0.966432 0.968026 0.9724119 0.953591 0.966432 0.968026 0.960453 0.969216 0.966432 0.953591 0.966432 0.964639 0.955383 0.968026 0.960453 0.953591 0.966432 0.95957 0.951996 0.964639 0.955383 0.953591 0.966432 0.953591 0.950807 0.95957 0.951996 0.406131 0.417163 0.403412 0.417163 0.406131 0.338875 0.403412 0.417163 0.403412 0.338875 0.406131 0.338875 0.403412 0.417163 0.400616 0.417163 0.403412 0.338875 0.400616 0.417163 0.400616 0.338875 0.403412 0.338875 0.400616 0.338875 0.400616 0.417163 0.39915 0.417163 0.39915 0.338875 0.400616 0.338875 0.39915 0.417163 0.39915 0.338875 0.39915 0.417163 0.397636 0.417163 0.397636 0.338875 0.39915 0.338875 0.397636 0.417163 0.397636 0.338875 0.397636 0.417163 0.396091 0.417163 0.396091 0.338875 0.397636 0.338875 0.396091 0.417163 0.396091 0.338875 0.396091 0.417163 0.394546 0.417163 0.394546 0.338875 0.396091 0.338875 0.394546 0.417163 0.394546 0.338875 0.394546 0.417163 0.393032 0.417163 0.393032 0.338875 0.394546 0.338875 0.393032 0.417163 0.393032 0.338875 0.393032 0.417163 0.391566 0.417163 0.391566 0.338875 0.393032 0.338875 0.391566 0.417163 0.391566 0.417163 0.38877 0.417163 0.391566 0.338875 0.38877 0.417163 0.38877 0.338875 0.391566 0.338875 0.667012 0.174212 0.667726 0.263838 0.666906 0.263838 0.666906 0.263838 0.667726 0.263838 0.666906 0.351959 0.666906 0.263838 0.666906 0.351959 0.666087 0.351959 0.666087 0.263838 0.666906 0.263838 0.666087 0.351959 0.666087 0.263838 0.666087 0.351959 0.6652831 0.351959 0.6652831 0.263838 0.666087 0.263838 0.6652831 0.351959 0.6652831 0.263838 0.6652831 0.351959 0.664505 0.351959 0.664505 0.263838 0.6652831 0.263838 0.664505 0.351959 0.664505 0.351959 0.663022 0.351959 0.664505 0.263838 0.663022 0.351959 0.663022 0.263838 0.664505 0.263838 0.664505 0.263838 0.663022 0.263838 0.663742 0.160966 0.664505 0.263838 0.665186 0.173873 0.6652831 0.263838 0.665394 0.175189 0.666087 0.263838 0.6652831 0.263838 0.666087 0.263838 0.666802 0.174012 0.666906 0.263838 0.667726 0.263838 0.668405 0.176907 0.668529 0.263838 0.667726 0.263838 0.668529 0.263838 0.667726 0.351959 0.667726 0.263838 0.667726 0.351959 0.666906 0.351959 0.668529 0.263838 0.668529 0.351959 0.667726 0.351959 0.668529 0.263838 0.669307 0.263838 0.668529 0.351959 0.66864 0.175642 0.669307 0.263838 0.668529 0.263838 0.669307 0.351959 0.669307 0.263838 0.67079 0.263838 0.67079 0.351959 0.669307 0.351959 0.67079 0.263838 0.67079 0.351959 0.67079 0.263838 0.672233 0.263838 0.672233 0.351959 0.67079 0.351959 0.672233 0.263838 0.672233 0.263838 0.67079 0.263838 0.6715111 0.160966 0.67079 0.263838 0.669307 0.263838 0.670071 0.160966 0.669307 0.263838 0.669307 0.351959 0.668529 0.351959 0.666802 0.174012 0.666906 0.160966 0.666906 0.263838 0.666906 0.160966 0.667012 0.174212 0.666906 0.263838 0.668405 0.176907 0.668529 0.160966 0.668529 0.263838 0.668529 0.160966 0.66864 0.175642 0.668529 0.263838 0.665186 0.173873 0.6652831 0.160966 0.6652831 0.263838 0.6652831 0.160966 0.665394 0.175189 0.6652831 0.263838 5.65416 0.456697 2.66926 0.563806 5.65546 0.152092 5.65416 0.456697 5.65546 0.152092 8.609161 0.152092 8.61045 0.456697 5.65416 0.456697 8.609161 0.152092 5.65416 0.456697 8.61045 0.456697 8.60633 1.21205 5.6583 1.21205 5.65416 0.456697 8.60633 1.21205 5.65416 0.456697 5.6583 1.21205 2.66926 0.563806 5.6583 1.21205 2.67873 1.21205 2.66926 0.563806 2.68989 1.5192 2.67873 1.21205 5.6583 1.21205 5.66272 1.5192 2.68989 1.5192 5.6583 1.21205 5.66272 1.5192 5.6583 1.21205 8.60633 1.21205 8.601901 1.5192 5.66272 1.5192 8.60633 1.21205 2.66926 0.563806 2.67159 0.152092 5.65546 0.152092 2.67159 0.152092 2.66926 0.563806 1.14855 0.456697 1.15215 0.152092 2.67159 0.152092 1.14855 0.456697 1.15215 0.152092 1.14855 0.456697 -0.393793 0.456697 -0.390358 0.152092 1.15215 0.152092 -0.393793 0.456697 -0.390358 0.152092 -0.393793 0.456697 -1.95816 0.456697 -1.95546 0.152092 -0.390358 0.152092 -1.95816 0.456697 -1.95546 0.152092 -1.95816 0.456697 -3.54025 0.456697 -3.53876 0.152092 -1.95546 0.152092 -3.54025 0.456697 -3.53876 0.152092 -3.54025 0.456697 -5.13225 0.456697 -5.13225 0.152092 -3.53876 0.152092 -5.13225 0.456697 -5.13225 0.152092 -5.13225 0.456697 -6.72425 0.456697 -6.72573 0.152092 -5.13225 0.152092 -6.72425 0.456697 -6.72573 0.152092 -6.72425 0.456697 -8.30633 0.456697 -8.30903 0.152092 -6.72573 0.152092 -8.30633 0.456697 -8.30903 0.152092 -8.30633 0.456697 -9.8707 0.456697 -9.87414 0.152092 -8.30903 0.152092 -9.8707 0.456697 -9.87414 0.152092 -9.8707 0.456697 -11.413 0.456697 -11.4166 0.152092 -9.87414 0.152092 -11.413 0.456697 -11.4166 0.152092 -11.413 0.456697 -12.9338 0.563806 -12.9361 0.152092 -11.4166 0.152092 -12.9338 0.563806 -12.9338 0.563806 -15.9187 0.456697 -12.9361 0.152092 -15.9187 0.456697 -12.9338 0.563806 -15.9228 1.21205 -12.9338 0.563806 -12.9432 1.21205 -15.9228 1.21205 -12.9338 0.563806 -11.4151 0.6709141 -12.9432 1.21205 -12.9338 0.563806 -11.413 0.456697 -11.4151 0.6709141 -11.413 0.456697 -9.8707 0.456697 -11.4151 0.6709141 -9.8707 0.456697 -9.872631 0.6709141 -11.4151 0.6709141 -9.8707 0.456697 -8.30633 0.456697 -9.872631 0.6709141 -8.30633 0.456697 -8.30785 0.6709141 -9.872631 0.6709141 -8.30633 0.456697 -6.72425 0.456697 -8.30785 0.6709141 -6.72425 0.456697 -6.72508 0.6709141 -8.30785 0.6709141 -6.72425 0.456697 -5.13225 0.456697 -6.72508 0.6709141 -5.13225 0.456697 -5.13225 0.6709141 -6.72508 0.6709141 -5.13225 0.456697 -3.54025 0.456697 -5.13225 0.6709141 -3.54025 0.456697 -3.53941 0.6709141 -5.13225 0.6709141 -3.54025 0.456697 -1.95816 0.456697 -3.53941 0.6709141 -1.95816 0.456697 -1.95665 0.6709141 -3.53941 0.6709141 -1.95816 0.456697 -0.393793 0.456697 -1.95665 0.6709141 -0.393793 0.456697 -0.391864 0.6709141 -1.95665 0.6709141 -0.393793 0.456697 1.14855 0.456697 -0.391864 0.6709141 1.14855 0.456697 1.15057 0.6709141 -0.391864 0.6709141 1.14855 0.456697 2.66926 0.563806 1.15057 0.6709141 1.15057 0.6709141 2.66926 0.563806 2.67873 1.21205 1.16012 1.21205 1.15057 0.6709141 2.67873 1.21205 1.16012 1.21205 2.67873 1.21205 2.68989 1.5192 1.1726 1.5192 1.16012 1.21205 2.68989 1.5192 -0.382763 1.21205 1.16012 1.21205 1.1726 1.5192 -0.370853 1.5192 -0.382763 1.21205 1.1726 1.5192 -1.94949 1.21205 -0.382763 1.21205 -0.370853 1.5192 -1.94011 1.5192 -1.94949 1.21205 -0.370853 1.5192 -3.53547 1.21205 -1.94949 1.21205 -1.94011 1.5192 -3.53029 1.5192 -3.53547 1.21205 -1.94011 1.5192 -5.13225 1.21205 -3.53547 1.21205 -3.53029 1.5192 -5.13225 1.5192 -5.13225 1.21205 -3.53029 1.5192 -6.72902 1.21205 -5.13225 1.21205 -5.13225 1.5192 -6.7342 1.5192 -6.72902 1.21205 -5.13225 1.5192 -8.315 1.21205 -6.72902 1.21205 -6.7342 1.5192 -8.32438 1.5192 -8.315 1.21205 -6.7342 1.5192 -9.881731 1.21205 -8.315 1.21205 -8.32438 1.5192 -9.89364 1.5192 -9.881731 1.21205 -8.32438 1.5192 -11.4246 1.21205 -9.881731 1.21205 -9.89364 1.5192 -11.4371 1.5192 -11.4246 1.21205 -9.89364 1.5192 -12.9432 1.21205 -11.4246 1.21205 -11.4371 1.5192 -12.9544 1.5192 -12.9432 1.21205 -11.4371 1.5192 -12.9544 1.5192 -15.9272 1.5192 -12.9432 1.21205 -15.9272 1.5192 -15.9228 1.21205 -12.9432 1.21205 -11.4151 0.6709141 -11.4246 1.21205 -12.9432 1.21205 -11.4246 1.21205 -11.4151 0.6709141 -9.881731 1.21205 -11.4151 0.6709141 -9.872631 0.6709141 -9.881731 1.21205 -9.881731 1.21205 -9.872631 0.6709141 -8.315 1.21205 -9.872631 0.6709141 -8.30785 0.6709141 -8.315 1.21205 -8.315 1.21205 -8.30785 0.6709141 -6.72902 1.21205 -8.30785 0.6709141 -6.72508 0.6709141 -6.72902 1.21205 -6.72902 1.21205 -6.72508 0.6709141 -5.13225 1.21205 -6.72508 0.6709141 -5.13225 0.6709141 -5.13225 1.21205 -5.13225 1.21205 -5.13225 0.6709141 -3.53547 1.21205 -5.13225 0.6709141 -3.53941 0.6709141 -3.53547 1.21205 -3.53547 1.21205 -3.53941 0.6709141 -1.94949 1.21205 -3.53941 0.6709141 -1.95665 0.6709141 -1.94949 1.21205 -1.94949 1.21205 -1.95665 0.6709141 -0.382763 1.21205 -1.95665 0.6709141 -0.391864 0.6709141 -0.382763 1.21205 -0.382763 1.21205 -0.391864 0.6709141 1.16012 1.21205 -0.391864 0.6709141 1.15057 0.6709141 1.16012 1.21205 -15.9187 0.456697 -15.92 0.152092 -12.9361 0.152092 0.501401 0.342069 0.501232 0.342237 0.499061 0.378015 0.501639 0.342069 0.501401 0.342069 0.499061 0.378015 0.501808 0.342237 0.501639 0.342069 0.499061 0.378015 0.501831 0.342357 0.501808 0.342237 0.499061 0.378015 0.501808 0.342476 0.501831 0.342357 0.499061 0.378015 0.50174 0.342577 0.501808 0.342476 0.499061 0.378015 0.501639 0.342644 0.50174 0.342577 0.499061 0.378015 0.50152 0.342668 0.501639 0.342644 0.499061 0.378015 0.501401 0.342644 0.50152 0.342668 0.499061 0.378015 0.5013 0.342577 0.501401 0.342644 0.499061 0.378015 0.501232 0.342476 0.5013 0.342577 0.499061 0.378015 0.501209 0.342357 0.501232 0.342476 0.499061 0.378015 0.501232 0.342237 0.501209 0.342357 0.499061 0.378015 0.953591 0.966432 0.947611 0.951996 0.953591 0.950807 0.953591 0.966432 0.9425421 0.955383 0.947611 0.951996 0.953591 0.966432 0.939155 0.960453 0.9425421 0.955383 0.953591 0.966432 0.937966 0.966432 0.939155 0.960453 0.953591 0.966432 0.939155 0.9724119 0.937966 0.966432 0.953591 0.966432 0.947611 0.980868 0.939155 0.9724119 0.953591 0.966432 0.95957 0.980868 0.947611 0.980868 0.953591 0.966432 0.968026 0.9724119 0.95957 0.980868 0.953591 0.966432 0.969216 0.966432 0.968026 0.9724119 0.953591 0.966432 0.968026 0.960453 0.969216 0.966432 0.953591 0.966432 0.964639 0.955383 0.968026 0.960453 0.953591 0.966432 0.95957 0.951996 0.964639 0.955383 0.953591 0.966432 0.953591 0.950807 0.95957 0.951996 0.406131 0.417163 0.403412 0.417163 0.406131 0.338875 0.403412 0.417163 0.403412 0.338875 0.406131 0.338875 0.403412 0.417163 0.400616 0.417163 0.403412 0.338875 0.400616 0.417163 0.400616 0.338875 0.403412 0.338875 0.400616 0.338875 0.400616 0.417163 0.39915 0.417163 0.39915 0.338875 0.400616 0.338875 0.39915 0.417163 0.39915 0.338875 0.39915 0.417163 0.397636 0.417163 0.397636 0.338875 0.39915 0.338875 0.397636 0.417163 0.397636 0.338875 0.397636 0.417163 0.396091 0.417163 0.396091 0.338875 0.397636 0.338875 0.396091 0.417163 0.396091 0.338875 0.396091 0.417163 0.394546 0.417163 0.394546 0.338875 0.396091 0.338875 0.394546 0.417163 0.394546 0.338875 0.394546 0.417163 0.393032 0.417163 0.393032 0.338875 0.394546 0.338875 0.393032 0.417163 0.393032 0.338875 0.393032 0.417163 0.391566 0.417163 0.391566 0.338875 0.393032 0.338875 0.391566 0.417163 0.391566 0.417163 0.38877 0.417163 0.391566 0.338875 0.38877 0.417163 0.38877 0.338875 0.391566 0.338875 0.667012 0.174212 0.667726 0.263838 0.666906 0.263838 0.666906 0.263838 0.667726 0.263838 0.666906 0.351959 0.666906 0.263838 0.666906 0.351959 0.666087 0.351959 0.666087 0.263838 0.666906 0.263838 0.666087 0.351959 0.666087 0.263838 0.666087 0.351959 0.6652831 0.351959 0.6652831 0.263838 0.666087 0.263838 0.6652831 0.351959 0.6652831 0.263838 0.6652831 0.351959 0.664505 0.351959 0.664505 0.263838 0.6652831 0.263838 0.664505 0.351959 0.664505 0.351959 0.663022 0.351959 0.664505 0.263838 0.663022 0.351959 0.663022 0.263838 0.664505 0.263838 0.664505 0.263838 0.663022 0.263838 0.663742 0.160966 0.664505 0.263838 0.665186 0.173873 0.6652831 0.263838 0.665394 0.175189 0.666087 0.263838 0.6652831 0.263838 0.666087 0.263838 0.666802 0.174012 0.666906 0.263838 0.667726 0.263838 0.668405 0.176907 0.668529 0.263838 0.667726 0.263838 0.668529 0.263838 0.667726 0.351959 0.667726 0.263838 0.667726 0.351959 0.666906 0.351959 0.668529 0.263838 0.668529 0.351959 0.667726 0.351959 0.668529 0.263838 0.669307 0.263838 0.668529 0.351959 0.66864 0.175642 0.669307 0.263838 0.668529 0.263838 0.669307 0.351959 0.669307 0.263838 0.67079 0.263838 0.67079 0.351959 0.669307 0.351959 0.67079 0.263838 0.67079 0.351959 0.67079 0.263838 0.672233 0.263838 0.672233 0.351959 0.67079 0.351959 0.672233 0.263838 0.672233 0.263838 0.67079 0.263838 0.6715111 0.160966 0.67079 0.263838 0.669307 0.263838 0.670071 0.160966 0.669307 0.263838 0.669307 0.351959 0.668529 0.351959 0.666802 0.174012 0.666906 0.160966 0.666906 0.263838 0.666906 0.160966 0.667012 0.174212 0.666906 0.263838 0.668405 0.176907 0.668529 0.160966 0.668529 0.263838 0.668529 0.160966 0.66864 0.175642 0.668529 0.263838 0.665186 0.173873 0.6652831 0.160966 0.6652831 0.263838 0.6652831 0.160966 0.665394 0.175189 0.6652831 0.263838 5.65416 0.456697 2.66926 0.563806 5.65546 0.152092 5.65416 0.456697 5.65546 0.152092 8.609161 0.152092 8.61045 0.456697 5.65416 0.456697 8.609161 0.152092 5.65416 0.456697 8.61045 0.456697 8.60633 1.21205 5.6583 1.21205 5.65416 0.456697 8.60633 1.21205 5.65416 0.456697 5.6583 1.21205 2.66926 0.563806 5.6583 1.21205 2.67873 1.21205 2.66926 0.563806 2.68989 1.5192 2.67873 1.21205 5.6583 1.21205 5.66272 1.5192 2.68989 1.5192 5.6583 1.21205 5.66272 1.5192 5.6583 1.21205 8.60633 1.21205 8.601901 1.5192 5.66272 1.5192 8.60633 1.21205 2.66926 0.563806 2.67159 0.152092 5.65546 0.152092 2.67159 0.152092 2.66926 0.563806 1.14855 0.456697 1.15215 0.152092 2.67159 0.152092 1.14855 0.456697 1.15215 0.152092 1.14855 0.456697 -0.393793 0.456697 -0.390358 0.152092 1.15215 0.152092 -0.393793 0.456697 -0.390358 0.152092 -0.393793 0.456697 -1.95816 0.456697 -1.95546 0.152092 -0.390358 0.152092 -1.95816 0.456697 -1.95546 0.152092 -1.95816 0.456697 -3.54025 0.456697 -3.53876 0.152092 -1.95546 0.152092 -3.54025 0.456697 -3.53876 0.152092 -3.54025 0.456697 -5.13225 0.456697 -5.13225 0.152092 -3.53876 0.152092 -5.13225 0.456697 -5.13225 0.152092 -5.13225 0.456697 -6.72425 0.456697 -6.72573 0.152092 -5.13225 0.152092 -6.72425 0.456697 -6.72573 0.152092 -6.72425 0.456697 -8.30633 0.456697 -8.30903 0.152092 -6.72573 0.152092 -8.30633 0.456697 -8.30903 0.152092 -8.30633 0.456697 -9.8707 0.456697 -9.87414 0.152092 -8.30903 0.152092 -9.8707 0.456697 -9.87414 0.152092 -9.8707 0.456697 -11.413 0.456697 -11.4166 0.152092 -9.87414 0.152092 -11.413 0.456697 -11.4166 0.152092 -11.413 0.456697 -12.9338 0.563806 -12.9361 0.152092 -11.4166 0.152092 -12.9338 0.563806 -12.9338 0.563806 -15.9187 0.456697 -12.9361 0.152092 -15.9187 0.456697 -12.9338 0.563806 -15.9228 1.21205 -12.9338 0.563806 -12.9432 1.21205 -15.9228 1.21205 -12.9338 0.563806 -11.4151 0.6709141 -12.9432 1.21205 -12.9338 0.563806 -11.413 0.456697 -11.4151 0.6709141 -11.413 0.456697 -9.8707 0.456697 -11.4151 0.6709141 -9.8707 0.456697 -9.872631 0.6709141 -11.4151 0.6709141 -9.8707 0.456697 -8.30633 0.456697 -9.872631 0.6709141 -8.30633 0.456697 -8.30785 0.6709141 -9.872631 0.6709141 -8.30633 0.456697 -6.72425 0.456697 -8.30785 0.6709141 -6.72425 0.456697 -6.72508 0.6709141 -8.30785 0.6709141 -6.72425 0.456697 -5.13225 0.456697 -6.72508 0.6709141 -5.13225 0.456697 -5.13225 0.6709141 -6.72508 0.6709141 -5.13225 0.456697 -3.54025 0.456697 -5.13225 0.6709141 -3.54025 0.456697 -3.53941 0.6709141 -5.13225 0.6709141 -3.54025 0.456697 -1.95816 0.456697 -3.53941 0.6709141 -1.95816 0.456697 -1.95665 0.6709141 -3.53941 0.6709141 -1.95816 0.456697 -0.393793 0.456697 -1.95665 0.6709141 -0.393793 0.456697 -0.391864 0.6709141 -1.95665 0.6709141 -0.393793 0.456697 1.14855 0.456697 -0.391864 0.6709141 1.14855 0.456697 1.15057 0.6709141 -0.391864 0.6709141 1.14855 0.456697 2.66926 0.563806 1.15057 0.6709141 1.15057 0.6709141 2.66926 0.563806 2.67873 1.21205 1.16012 1.21205 1.15057 0.6709141 2.67873 1.21205 1.16012 1.21205 2.67873 1.21205 2.68989 1.5192 1.1726 1.5192 1.16012 1.21205 2.68989 1.5192 -0.382763 1.21205 1.16012 1.21205 1.1726 1.5192 -0.370853 1.5192 -0.382763 1.21205 1.1726 1.5192 -1.94949 1.21205 -0.382763 1.21205 -0.370853 1.5192 -1.94011 1.5192 -1.94949 1.21205 -0.370853 1.5192 -3.53547 1.21205 -1.94949 1.21205 -1.94011 1.5192 -3.53029 1.5192 -3.53547 1.21205 -1.94011 1.5192 -5.13225 1.21205 -3.53547 1.21205 -3.53029 1.5192 -5.13225 1.5192 -5.13225 1.21205 -3.53029 1.5192 -6.72902 1.21205 -5.13225 1.21205 -5.13225 1.5192 -6.7342 1.5192 -6.72902 1.21205 -5.13225 1.5192 -8.315 1.21205 -6.72902 1.21205 -6.7342 1.5192 -8.32438 1.5192 -8.315 1.21205 -6.7342 1.5192 -9.881731 1.21205 -8.315 1.21205 -8.32438 1.5192 -9.89364 1.5192 -9.881731 1.21205 -8.32438 1.5192 -11.4246 1.21205 -9.881731 1.21205 -9.89364 1.5192 -11.4371 1.5192 -11.4246 1.21205 -9.89364 1.5192 -12.9432 1.21205 -11.4246 1.21205 -11.4371 1.5192 -12.9544 1.5192 -12.9432 1.21205 -11.4371 1.5192 -12.9544 1.5192 -15.9272 1.5192 -12.9432 1.21205 -15.9272 1.5192 -15.9228 1.21205 -12.9432 1.21205 -11.4151 0.6709141 -11.4246 1.21205 -12.9432 1.21205 -11.4246 1.21205 -11.4151 0.6709141 -9.881731 1.21205 -11.4151 0.6709141 -9.872631 0.6709141 -9.881731 1.21205 -9.881731 1.21205 -9.872631 0.6709141 -8.315 1.21205 -9.872631 0.6709141 -8.30785 0.6709141 -8.315 1.21205 -8.315 1.21205 -8.30785 0.6709141 -6.72902 1.21205 -8.30785 0.6709141 -6.72508 0.6709141 -6.72902 1.21205 -6.72902 1.21205 -6.72508 0.6709141 -5.13225 1.21205 -6.72508 0.6709141 -5.13225 0.6709141 -5.13225 1.21205 -5.13225 1.21205 -5.13225 0.6709141 -3.53547 1.21205 -5.13225 0.6709141 -3.53941 0.6709141 -3.53547 1.21205 -3.53547 1.21205 -3.53941 0.6709141 -1.94949 1.21205 -3.53941 0.6709141 -1.95665 0.6709141 -1.94949 1.21205 -1.94949 1.21205 -1.95665 0.6709141 -0.382763 1.21205 -1.95665 0.6709141 -0.391864 0.6709141 -0.382763 1.21205 -0.382763 1.21205 -0.391864 0.6709141 1.16012 1.21205 -0.391864 0.6709141 1.15057 0.6709141 1.16012 1.21205 -15.9187 0.456697 -15.92 0.152092 -12.9361 0.152092 0.501401 0.342069 0.501232 0.342237 0.499061 0.378015 0.501639 0.342069 0.501401 0.342069 0.499061 0.378015 0.501808 0.342237 0.501639 0.342069 0.499061 0.378015 0.501831 0.342357 0.501808 0.342237 0.499061 0.378015 0.501808 0.342476 0.501831 0.342357 0.499061 0.378015 0.50174 0.342577 0.501808 0.342476 0.499061 0.378015 0.501639 0.342644 0.50174 0.342577 0.499061 0.378015 0.50152 0.342668 0.501639 0.342644 0.499061 0.378015 0.501401 0.342644 0.50152 0.342668 0.499061 0.378015 0.5013 0.342577 0.501401 0.342644 0.499061 0.378015 0.501232 0.342476 0.5013 0.342577 0.499061 0.378015 0.501209 0.342357 0.501232 0.342476 0.499061 0.378015 0.501232 0.342237 0.501209 0.342357 0.499061 0.378015 0.953591 0.966432 0.947611 0.951996 0.953591 0.950807 0.953591 0.966432 0.9425421 0.955383 0.947611 0.951996 0.953591 0.966432 0.939155 0.960453 0.9425421 0.955383 0.953591 0.966432 0.937966 0.966432 0.939155 0.960453 0.953591 0.966432 0.939155 0.9724119 0.937966 0.966432 0.953591 0.966432 0.947611 0.980868 0.939155 0.9724119 0.953591 0.966432 0.95957 0.980868 0.947611 0.980868 0.953591 0.966432 0.968026 0.9724119 0.95957 0.980868 0.953591 0.966432 0.969216 0.966432 0.968026 0.9724119 0.953591 0.966432 0.968026 0.960453 0.969216 0.966432 0.953591 0.966432 0.964639 0.955383 0.968026 0.960453 0.953591 0.966432 0.95957 0.951996 0.964639 0.955383 0.953591 0.966432 0.953591 0.950807 0.95957 0.951996</float_array>
          <technique_common>
            <accessor source="#ID108-mesh-map-0-array" count="3126" stride="2">
              <param name="S" type="float"/>
              <param name="T" type="float"/>
            </accessor>
          </technique_common>
        </source>
        <source id="ID108-mesh-colors-ID114" name="ID114">
          <float_array id="ID108-mesh-colors-ID114-array" count="12504">0 0 0 1 0 0 0 1 1 1 1 1 0 0 0 1 1 1 1 1 1 1 1 1 0 0 0 1 0 0 0 1 1 1 1 1 0 0 0 1 1 1 1 1 1 1 1 1 1 1 1 1 0 0 0 1 0 0 0 1 1 1 1 1 1 1 1 1 0 0 0 1 1 1 1 1 0 0 0 1 0 0 0 1 1 1 1 1 1 1 1 1 0 0 0 1 1 1 1 1 0 0 0 1 0 0 0 1 1 1 1 1 1 1 1 1 0 0 0 1 1 1 1 1 0 0 0 1 0 0 0 1 1 1 1 1 1 1 1 1 0 0 0 1 1 1 1 1 0 0 0 1 0 0 0 1 1 1 1 1 1 1 1 1 0 0 0 1 1 1 1 1 0 0 0 1 0 0 0 1 1 1 1 1 1 1 1 1 0 0 0 1 0 0 0 1 0 0 0 1 1 1 1 1 0 0 0 1 1 1 1 1 1 1 1 1 0 0 0 1 0 0 0 1 0 0 0 1 0 0 0 1 0 0 0 1 0 0 0 1 0 0 0 1 0 0 0 1 0 0 0 1 0 0 0 1 0 0 0 1 0 0 0 1 0 0 0 1 0 0 0 1 0 0 0 1 0 0 0 1 0 0 0 1 0 0 0 1 0 0 0 1 0 0 0 1 0 0 0 1 0 0 0 1 0 0 0 1 0 0 0 1 0 0 0 1 0 0 0 1 0 0 0 1 0 0 0 1 0 0 0 1 0 0 0 1 0 0 0 1 0 0 0 1 0 0 0 1 0 0 0 1 0 0 0 1 0 0 0 1 0 0 0 1 0 0 0 1 0 0 0 1 0 0 0 1 0 0 0 1 0 0 0 1 0 0 0 1 0 0 0 1 0 0 0 1 0 0 0 1 0 0 0 1 0 0 0 1 0 0 0 1 0 0 0 1 0 0 0 1 0 0 0 1 0 0 0 1 0 0 0 1 0 0 0 1 0 0 0 1 0 0 0 1 0 0 0 1 0 0 0 1 0 0 0 1 0 0 0 1 0 0 0 1 0 0 0 1 0 0 0 1 0 0 0 1 0 0 0 1 0 0 0 1 0 0 0 1 0 0 0 1 0 0 0 1 0 0 0 1 0 0 0 1 0 0 0 1 0 0 0 1 0 0 0 1 0 0 0 1 0 0 0 1 0 0 0 1 0 0 0 1 0 0 0 1 0 0 0 1 0 0 0 1 0 0 0 1 0 0 0 1 0 0 0 1 0 0 0 1 0 0 0 1 0 0 0 1 0 0 0 1 0 0 0 1 0 0 0 1 0 0 0 1 0 0 0 1 0 0 0 1 0 0 0 1 0 0 0 1 0 0 0 1 0 0 0 1 0 0 0 1 0 0 0 1 0 0 0 1 0 0 0 1 0 0 0 1 0 0 0 1 0 0 0 1 0 0 0 1 0 0 0 1 0 0 0 1 0 0 0 1 0 0 0 1 0 0 0 1 0 0 0 1 0 0 0 1 0 0 0 1 0 0 0 1 0 0 0 1 0 0 0 1 0 0 0 1 0 0 0 1 0 0 0 1 0 0 0 1 0 0 0 1 0 0 0 1 0 0 0 1 0 0 0 1 0 0 0 1 0 0 0 1 0 0 0 1 0 0 0 1 0 0 0 1 0 0 0 1 0 0 0 1 0 0 0 1 0 0 0 1 0 0 0 1 0 0 0 1 0 0 0 1 0 0 0 1 0 0 0 1 0 0 0 1 0 0 0 1 0 0 0 1 0 0 0 1 0 0 0 1 0 0 0 1 0 0 0 1 0 0 0 1 0 0 0 1 0 0 0 1 0 0 0 1 0 0 0 1 0 0 0 1 0 0 0 1 0 0 0 1 0 0 0 1 0 0 0 1 0 0 0 1 0 0 0 1 0 0 0 1 0 0 0 1 0 0 0 1 0 0 0 1 0 0 0 1 0 0 0 1 0 0 0 1 0 0 0 1 0 0 0 1 0 0 0 1 0 0 0 1 0 0 0 1 0 0 0 1 0 0 0 1 0 0 0 1 0 0 0 1 0 0 0 1 0 0 0 1 0 0 0 1 0 0 0 1 0 0 0 1 0 0 0 1 0 0 0 1 0 0 0 1 0 0 0 1 0 0 0 1 0 0 0 1 0 0 0 1 0 0 0 1 0 0 0 1 0 0 0 1 0 0 0 1 0 0 0 1 0 0 0 1 0 0 0 1 0 0 0 1 0 0 0 1 0 0 0 1 0 0 0 1 0 0 0 1 0 0 0 1 0 0 0 1 0 0 0 1 0 0 0 1 0 0 0 1 0 0 0 1 0 0 0 1 0 0 0 1 0 0 0 1 0 0 0 1 0 0 0 1 0 0 0 1 0 0 0 1 0 0 0 1 0 0 0 1 0 0 0 1 0 0 0 1 0 0 0 1 0 0 0 1 0 0 0 1 0 0 0 1 0 0 0 1 0 0 0 1 0 0 0 1 0 0 0 1 0 0 0 1 0 0 0 1 0 0 0 1 0 0 0 1 0 0 0 1 0 0 0 1 0 0 0 1 0 0 0 1 0 0 0 1 0 0 0 1 0 0 0 1 0 0 0 1 0 0 0 1 0 0 0 1 0 0 0 1 0 0 0 1 0 0 0 1 0 0 0 1 0 0 0 1 0 0 0 1 0 0 0 1 0 0 0 1 0 0 0 1 0 0 0 1 0 0 0 1 0 0 0 1 0 0 0 1 0 0 0 1 0 0 0 1 0 0 0 1 0 0 0 1 0 0 0 1 0 0 0 1 0 0 0 1 0 0 0 1 0 0 0 1 0 0 0 1 0 0 0 1 0 0 0 1 0 0 0 1 0 0 0 1 0 0 0 1 0 0 0 1 0 0 0 1 0 0 0 1 0 0 0 1 0 0 0 1 0 0 0 1 0 0 0 1 0 0 0 1 0 0 0 1 0 0 0 1 0 0 0 1 0 0 0 1 0 0 0 1 0 0 0 1 0 0 0 1 0 0 0 1 0 0 0 1 0 0 0 1 0 0 0 1 0 0 0 1 0 0 0 1 0 0 0 1 0 0 0 1 0 0 0 1 0 0 0 1 0 0 0 1 0 0 0 1 0 0 0 1 0 0 0 1 0 0 0 1 0 0 0 1 0 0 0 1 0 0 0 1 0 0 0 1 0 0 0 1 0 0 0 1 0 0 0 1 0 0 0 1 0 0 0 1 0 0 0 1 0 0 0 1 0 0 0 1 0 0 0 1 0 0 0 1 0 0 0 1 0 0 0 1 0 0 0 1 0 0 0 1 0 0 0 1 0 0 0 1 0 0 0 1 0 0 0 1 0 0 0 1 0 0 0 1 0 0 0 1 0 0 0 1 0 0 0 1 0 0 0 1 0 0 0 1 0 0 0 1 0 0 0 1 0 0 0 1 0 0 0 1 0 0 0 1 0 0 0 1 0 0 0 1 0 0 0 1 0 0 0 1 0 0 0 1 0 0 0 1 0 0 0 1 0 0 0 1 0 0 0 1 0 0 0 1 0 0 0 1 0 0 0 1 0 0 0 1 0 0 0 1 0 0 0 1 0 0 0 1 0 0 0 1 0 0 0 1 0 0 0 1 0 0 0 1 0 0 0 1 0 0 0 1 0 0 0 1 0 0 0 1 0 0 0 1 0 0 0 1 0 0 0 1 0 0 0 1 0 0 0 1 0 0 0 1 0 0 0 1 0 0 0 1 0 0 0 1 0 0 0 1 0 0 0 1 0 0 0 1 0 0 0 1 0 0 0 1 0 0 0 1 0 0 0 1 0 0 0 1 0 0 0 1 0 0 0 1 0 0 0 1 0 0 0 1 0 0 0 1 0 0 0 1 0 0 0 1 0 0 0 1 0 0 0 1 0 0 0 1 0 0 0 1 0 0 0 1 0 0 0 1 0 0 0 1 0 0 0 1 0 0 0 1 0 0 0 1 0 0 0 1 0 0 0 1 0 0 0 1 0 0 0 1 0 0 0 1 0 0 0 1 0 0 0 1 0 0 0 1 0 0 0 1 0 0 0 1 0 0 0 1 0 0 0 1 0 0 0 1 0 0 0 1 0 0 0 1 0 0 0 1 0 0 0 1 0 0 0 1 0 0 0 1 0 0 0 1 0 0 0 1 0 0 0 1 0 0 0 1 0 0 0 1 0 0 0 1 0 0 0 1 0 0 0 1 0 0 0 1 0 0 0 1 0 0 0 1 0 0 0 1 0 0 0 1 0 0 0 1 0 0 0 1 0 0 0 1 0 0 0 1 0 0 0 1 0 0 0 1 0 0 0 1 0 0 0 1 0 0 0 1 0 0 0 1 0 0 0 1 0 0 0 1 0 0 0 1 0 0 0 1 0 0 0 1 0 0 0 1 0 0 0 1 0 0 0 1 0 0 0 1 0 0 0 1 0 0 0 1 0 0 0 1 0 0 0 1 0 0 0 1 0 0 0 1 0 0 0 1 0 0 0 1 0 0 0 1 0 0 0 1 0 0 0 1 0 0 0 1 0 0 0 1 0 0 0 1 0 0 0 1 0 0 0 1 0 0 0 1 0 0 0 1 0 0 0 1 0 0 0 1 0 0 0 1 0 0 0 1 0 0 0 1 0 0 0 1 0 0 0 1 0 0 0 1 0 0 0 1 0 0 0 1 0 0 0 1 0 0 0 1 0 0 0 1 0 0 0 1 0 0 0 1 0 0 0 1 0 0 0 1 0 0 0 1 0 0 0 1 0 0 0 1 0 0 0 1 0 0 0 1 0 0 0 1 1 1 1 1 0 0 0 1 1 1 1 1 1 1 1 1 0 0 0 1 0 0 0 1 1 1 1 1 0 0 0 1 1 1 1 1 1 1 1 1 1 1 1 1 0 0 0 1 0 0 0 1 1 1 1 1 1 1 1 1 0 0 0 1 1 1 1 1 0 0 0 1 0 0 0 1 1 1 1 1 1 1 1 1 0 0 0 1 1 1 1 1 0 0 0 1 0 0 0 1 1 1 1 1 1 1 1 1 0 0 0 1 1 1 1 1 0 0 0 1 0 0 0 1 1 1 1 1 1 1 1 1 0 0 0 1 1 1 1 1 0 0 0 1 0 0 0 1 1 1 1 1 1 1 1 1 0 0 0 1 1 1 1 1 0 0 0 1 0 0 0 1 1 1 1 1 1 1 1 1 0 0 0 1 0 0 0 1 0 0 0 1 1 1 1 1 0 0 0 1 1 1 1 1 1 1 1 1 0 0 0 1 0 0 0 1 0 0 0 1 0 0 0 1 0 0 0 1 0 0 0 1 0 0 0 1 0 0 0 1 0 0 0 1 0 0 0 1 0 0 0 1 0 0 0 1 0 0 0 1 0 0 0 1 0 0 0 1 0 0 0 1 0 0 0 1 0 0 0 1 0 0 0 1 0 0 0 1 0 0 0 1 0 0 0 1 0 0 0 1 0 0 0 1 0 0 0 1 0 0 0 1 0 0 0 1 0 0 0 1 0 0 0 1 0 0 0 1 0 0 0 1 0 0 0 1 0 0 0 1 0 0 0 1 0 0 0 1 0 0 0 1 0 0 0 1 0 0 0 1 0 0 0 1 0 0 0 1 0 0 0 1 0 0 0 1 0 0 0 1 0 0 0 1 0 0 0 1 0 0 0 1 0 0 0 1 0 0 0 1 0 0 0 1 0 0 0 1 0 0 0 1 0 0 0 1 0 0 0 1 0 0 0 1 0 0 0 1 0 0 0 1 0 0 0 1 0 0 0 1 0 0 0 1 0 0 0 1 0 0 0 1 0 0 0 1 0 0 0 1 0 0 0 1 0 0 0 1 0 0 0 1 0 0 0 1 0 0 0 1 0 0 0 1 0 0 0 1 0 0 0 1 0 0 0 1 0 0 0 1 0 0 0 1 0 0 0 1 0 0 0 1 0 0 0 1 0 0 0 1 0 0 0 1 0 0 0 1 0 0 0 1 0 0 0 1 0 0 0 1 0 0 0 1 0 0 0 1 0 0 0 1 0 0 0 1 0 0 0 1 0 0 0 1 0 0 0 1 0 0 0 1 0 0 0 1 0 0 0 1 0 0 0 1 0 0 0 1 0 0 0 1 0 0 0 1 0 0 0 1 0 0 0 1 0 0 0 1 0 0 0 1 0 0 0 1 0 0 0 1 0 0 0 1 0 0 0 1 0 0 0 1 0 0 0 1 0 0 0 1 0 0 0 1 0 0 0 1 0 0 0 1 0 0 0 1 0 0 0 1 0 0 0 1 0 0 0 1 0 0 0 1 0 0 0 1 0 0 0 1 0 0 0 1 0 0 0 1 0 0 0 1 0 0 0 1 0 0 0 1 0 0 0 1 0 0 0 1 0 0 0 1 0 0 0 1 0 0 0 1 0 0 0 1 0 0 0 1 0 0 0 1 0 0 0 1 0 0 0 1 0 0 0 1 0 0 0 1 0 0 0 1 0 0 0 1 0 0 0 1 0 0 0 1 0 0 0 1 0 0 0 1 0 0 0 1 0 0 0 1 0 0 0 1 0 0 0 1 0 0 0 1 0 0 0 1 0 0 0 1 0 0 0 1 0 0 0 1 0 0 0 1 0 0 0 1 0 0 0 1 0 0 0 1 0 0 0 1 0 0 0 1 0 0 0 1 0 0 0 1 0 0 0 1 0 0 0 1 0 0 0 1 0 0 0 1 0 0 0 1 0 0 0 1 0 0 0 1 0 0 0 1 0 0 0 1 0 0 0 1 0 0 0 1 0 0 0 1 0 0 0 1 0 0 0 1 0 0 0 1 0 0 0 1 0 0 0 1 0 0 0 1 0 0 0 1 0 0 0 1 0 0 0 1 0 0 0 1 0 0 0 1 0 0 0 1 0 0 0 1 0 0 0 1 0 0 0 1 0 0 0 1 0 0 0 1 0 0 0 1 0 0 0 1 0 0 0 1 0 0 0 1 0 0 0 1 0 0 0 1 0 0 0 1 0 0 0 1 0 0 0 1 0 0 0 1 0 0 0 1 0 0 0 1 0 0 0 1 0 0 0 1 0 0 0 1 0 0 0 1 0 0 0 1 0 0 0 1 0 0 0 1 0 0 0 1 0 0 0 1 0 0 0 1 0 0 0 1 0 0 0 1 0 0 0 1 0 0 0 1 0 0 0 1 0 0 0 1 0 0 0 1 0 0 0 1 0 0 0 1 0 0 0 1 0 0 0 1 0 0 0 1 0 0 0 1 0 0 0 1 0 0 0 1 0 0 0 1 0 0 0 1 0 0 0 1 0 0 0 1 0 0 0 1 0 0 0 1 0 0 0 1 0 0 0 1 0 0 0 1 0 0 0 1 0 0 0 1 0 0 0 1 0 0 0 1 0 0 0 1 0 0 0 1 0 0 0 1 0 0 0 1 0 0 0 1 0 0 0 1 0 0 0 1 0 0 0 1 0 0 0 1 0 0 0 1 0 0 0 1 0 0 0 1 0 0 0 1 0 0 0 1 0 0 0 1 0 0 0 1 0 0 0 1 0 0 0 1 0 0 0 1 0 0 0 1 0 0 0 1 0 0 0 1 0 0 0 1 0 0 0 1 0 0 0 1 0 0 0 1 0 0 0 1 0 0 0 1 0 0 0 1 0 0 0 1 0 0 0 1 0 0 0 1 0 0 0 1 0 0 0 1 0 0 0 1 0 0 0 1 0 0 0 1 0 0 0 1 0 0 0 1 0 0 0 1 0 0 0 1 0 0 0 1 0 0 0 1 0 0 0 1 0 0 0 1 0 0 0 1 0 0 0 1 0 0 0 1 0 0 0 1 0 0 0 1 0 0 0 1 0 0 0 1 0 0 0 1 0 0 0 1 0 0 0 1 0 0 0 1 0 0 0 1 0 0 0 1 0 0 0 1 0 0 0 1 0 0 0 1 0 0 0 1 0 0 0 1 0 0 0 1 0 0 0 1 0 0 0 1 0 0 0 1 0 0 0 1 0 0 0 1 0 0 0 1 0 0 0 1 0 0 0 1 0 0 0 1 0 0 0 1 0 0 0 1 0 0 0 1 0 0 0 1 0 0 0 1 0 0 0 1 0 0 0 1 0 0 0 1 0 0 0 1 0 0 0 1 0 0 0 1 0 0 0 1 0 0 0 1 0 0 0 1 0 0 0 1 0 0 0 1 0 0 0 1 0 0 0 1 0 0 0 1 0 0 0 1 0 0 0 1 0 0 0 1 0 0 0 1 0 0 0 1 0 0 0 1 0 0 0 1 0 0 0 1 0 0 0 1 0 0 0 1 0 0 0 1 0 0 0 1 0 0 0 1 0 0 0 1 0 0 0 1 0 0 0 1 0 0 0 1 0 0 0 1 0 0 0 1 0 0 0 1 0 0 0 1 0 0 0 1 0 0 0 1 0 0 0 1 0 0 0 1 0 0 0 1 0 0 0 1 0 0 0 1 0 0 0 1 0 0 0 1 0 0 0 1 0 0 0 1 0 0 0 1 0 0 0 1 0 0 0 1 0 0 0 1 0 0 0 1 0 0 0 1 0 0 0 1 0 0 0 1 0 0 0 1 0 0 0 1 0 0 0 1 0 0 0 1 0 0 0 1 0 0 0 1 0 0 0 1 0 0 0 1 0 0 0 1 0 0 0 1 0 0 0 1 0 0 0 1 0 0 0 1 0 0 0 1 0 0 0 1 0 0 0 1 0 0 0 1 0 0 0 1 0 0 0 1 0 0 0 1 0 0 0 1 0 0 0 1 0 0 0 1 0 0 0 1 0 0 0 1 0 0 0 1 0 0 0 1 0 0 0 1 0 0 0 1 0 0 0 1 0 0 0 1 0 0 0 1 0 0 0 1 0 0 0 1 0 0 0 1 0 0 0 1 0 0 0 1 0 0 0 1 0 0 0 1 0 0 0 1 0 0 0 1 0 0 0 1 0 0 0 1 0 0 0 1 0 0 0 1 0 0 0 1 0 0 0 1 0 0 0 1 0 0 0 1 0 0 0 1 0 0 0 1 0 0 0 1 0 0 0 1 0 0 0 1 0 0 0 1 0 0 0 1 0 0 0 1 0 0 0 1 0 0 0 1 0 0 0 1 0 0 0 1 0 0 0 1 0 0 0 1 0 0 0 1 0 0 0 1 0 0 0 1 0 0 0 1 0 0 0 1 0 0 0 1 0 0 0 1 0 0 0 1 0 0 0 1 0 0 0 1 0 0 0 1 0 0 0 1 0 0 0 1 0 0 0 1 0 0 0 1 0 0 0 1 0 0 0 1 0 0 0 1 0 0 0 1 0 0 0 1 0 0 0 1 0 0 0 1 0 0 0 1 0 0 0 1 0 0 0 1 0 0 0 1 0 0 0 1 0 0 0 1 0 0 0 1 0 0 0 1 0 0 0 1 0 0 0 1 0 0 0 1 0 0 0 1 0 0 0 1 1 1 1 1 0 0 0 1 1 1 1 1 1 1 1 1 0 0 0 1 0 0 0 1 1 1 1 1 0 0 0 1 1 1 1 1 1 1 1 1 1 1 1 1 0 0 0 1 0 0 0 1 1 1 1 1 1 1 1 1 0 0 0 1 1 1 1 1 0 0 0 1 0 0 0 1 1 1 1 1 1 1 1 1 0 0 0 1 1 1 1 1 0 0 0 1 0 0 0 1 1 1 1 1 1 1 1 1 0 0 0 1 1 1 1 1 0 0 0 1 0 0 0 1 1 1 1 1 1 1 1 1 0 0 0 1 1 1 1 1 0 0 0 1 0 0 0 1 1 1 1 1 1 1 1 1 0 0 0 1 1 1 1 1 0 0 0 1 0 0 0 1 1 1 1 1 1 1 1 1 0 0 0 1 0 0 0 1 0 0 0 1 1 1 1 1 0 0 0 1 1 1 1 1 1 1 1 1 0 0 0 1 0 0 0 1 0 0 0 1 0 0 0 1 0 0 0 1 0 0 0 1 0 0 0 1 0 0 0 1 0 0 0 1 0 0 0 1 0 0 0 1 0 0 0 1 0 0 0 1 0 0 0 1 0 0 0 1 0 0 0 1 0 0 0 1 0 0 0 1 0 0 0 1 0 0 0 1 0 0 0 1 0 0 0 1 0 0 0 1 0 0 0 1 0 0 0 1 0 0 0 1 0 0 0 1 0 0 0 1 0 0 0 1 0 0 0 1 0 0 0 1 0 0 0 1 0 0 0 1 0 0 0 1 0 0 0 1 0 0 0 1 0 0 0 1 0 0 0 1 0 0 0 1 0 0 0 1 0 0 0 1 0 0 0 1 0 0 0 1 0 0 0 1 0 0 0 1 0 0 0 1 0 0 0 1 0 0 0 1 0 0 0 1 0 0 0 1 0 0 0 1 0 0 0 1 0 0 0 1 0 0 0 1 0 0 0 1 0 0 0 1 0 0 0 1 0 0 0 1 0 0 0 1 0 0 0 1 0 0 0 1 0 0 0 1 0 0 0 1 0 0 0 1 0 0 0 1 0 0 0 1 0 0 0 1 0 0 0 1 0 0 0 1 0 0 0 1 0 0 0 1 0 0 0 1 0 0 0 1 0 0 0 1 0 0 0 1 0 0 0 1 0 0 0 1 0 0 0 1 0 0 0 1 0 0 0 1 0 0 0 1 0 0 0 1 0 0 0 1 0 0 0 1 0 0 0 1 0 0 0 1 0 0 0 1 0 0 0 1 0 0 0 1 0 0 0 1 0 0 0 1 0 0 0 1 0 0 0 1 0 0 0 1 0 0 0 1 0 0 0 1 0 0 0 1 0 0 0 1 0 0 0 1 0 0 0 1 0 0 0 1 0 0 0 1 0 0 0 1 0 0 0 1 0 0 0 1 0 0 0 1 0 0 0 1 0 0 0 1 0 0 0 1 0 0 0 1 0 0 0 1 0 0 0 1 0 0 0 1 0 0 0 1 0 0 0 1 0 0 0 1 0 0 0 1 0 0 0 1 0 0 0 1 0 0 0 1 0 0 0 1 0 0 0 1 0 0 0 1 0 0 0 1 0 0 0 1 0 0 0 1 0 0 0 1 0 0 0 1 0 0 0 1 0 0 0 1 0 0 0 1 0 0 0 1 0 0 0 1 0 0 0 1 0 0 0 1 0 0 0 1 0 0 0 1 0 0 0 1 0 0 0 1 0 0 0 1 0 0 0 1 0 0 0 1 0 0 0 1 0 0 0 1 0 0 0 1 0 0 0 1 0 0 0 1 0 0 0 1 0 0 0 1 0 0 0 1 0 0 0 1 0 0 0 1 0 0 0 1 0 0 0 1 0 0 0 1 0 0 0 1 0 0 0 1 0 0 0 1 0 0 0 1 0 0 0 1 0 0 0 1 0 0 0 1 0 0 0 1 0 0 0 1 0 0 0 1 0 0 0 1 0 0 0 1 0 0 0 1 0 0 0 1 0 0 0 1 0 0 0 1 0 0 0 1 0 0 0 1 0 0 0 1 0 0 0 1 0 0 0 1 0 0 0 1 0 0 0 1 0 0 0 1 0 0 0 1 0 0 0 1 0 0 0 1 0 0 0 1 0 0 0 1 0 0 0 1 0 0 0 1 0 0 0 1 0 0 0 1 0 0 0 1 0 0 0 1 0 0 0 1 0 0 0 1 0 0 0 1 0 0 0 1 0 0 0 1 0 0 0 1 0 0 0 1 0 0 0 1 0 0 0 1 0 0 0 1 0 0 0 1 0 0 0 1 0 0 0 1 0 0 0 1 0 0 0 1 0 0 0 1 0 0 0 1 0 0 0 1 0 0 0 1 0 0 0 1 0 0 0 1 0 0 0 1 0 0 0 1 0 0 0 1 0 0 0 1 0 0 0 1 0 0 0 1 0 0 0 1 0 0 0 1 0 0 0 1 0 0 0 1 0 0 0 1 0 0 0 1 0 0 0 1 0 0 0 1 0 0 0 1 0 0 0 1 0 0 0 1 0 0 0 1 0 0 0 1 0 0 0 1 0 0 0 1 0 0 0 1 0 0 0 1 0 0 0 1 0 0 0 1 0 0 0 1 0 0 0 1 0 0 0 1 0 0 0 1 0 0 0 1 0 0 0 1 0 0 0 1 0 0 0 1 0 0 0 1 0 0 0 1 0 0 0 1 0 0 0 1 0 0 0 1 0 0 0 1 0 0 0 1 0 0 0 1 0 0 0 1 0 0 0 1 0 0 0 1 0 0 0 1 0 0 0 1 0 0 0 1 0 0 0 1 0 0 0 1 0 0 0 1 0 0 0 1 0 0 0 1 0 0 0 1 0 0 0 1 0 0 0 1 0 0 0 1 0 0 0 1 0 0 0 1 0 0 0 1 0 0 0 1 0 0 0 1 0 0 0 1 0 0 0 1 0 0 0 1 0 0 0 1 0 0 0 1 0 0 0 1 0 0 0 1 0 0 0 1 0 0 0 1 0 0 0 1 0 0 0 1 0 0 0 1 0 0 0 1 0 0 0 1 0 0 0 1 0 0 0 1 0 0 0 1 0 0 0 1 0 0 0 1 0 0 0 1 0 0 0 1 0 0 0 1 0 0 0 1 0 0 0 1 0 0 0 1 0 0 0 1 0 0 0 1 0 0 0 1 0 0 0 1 0 0 0 1 0 0 0 1 0 0 0 1 0 0 0 1 0 0 0 1 0 0 0 1 0 0 0 1 0 0 0 1 0 0 0 1 0 0 0 1 0 0 0 1 0 0 0 1 0 0 0 1 0 0 0 1 0 0 0 1 0 0 0 1 0 0 0 1 0 0 0 1 0 0 0 1 0 0 0 1 0 0 0 1 0 0 0 1 0 0 0 1 0 0 0 1 0 0 0 1 0 0 0 1 0 0 0 1 0 0 0 1 0 0 0 1 0 0 0 1 0 0 0 1 0 0 0 1 0 0 0 1 0 0 0 1 0 0 0 1 0 0 0 1 0 0 0 1 0 0 0 1 0 0 0 1 0 0 0 1 0 0 0 1 0 0 0 1 0 0 0 1 0 0 0 1 0 0 0 1 0 0 0 1 0 0 0 1 0 0 0 1 0 0 0 1 0 0 0 1 0 0 0 1 0 0 0 1 0 0 0 1 0 0 0 1 0 0 0 1 0 0 0 1 0 0 0 1 0 0 0 1 0 0 0 1 0 0 0 1 0 0 0 1 0 0 0 1 0 0 0 1 0 0 0 1 0 0 0 1 0 0 0 1 0 0 0 1 0 0 0 1 0 0 0 1 0 0 0 1 0 0 0 1 0 0 0 1 0 0 0 1 0 0 0 1 0 0 0 1 0 0 0 1 0 0 0 1 0 0 0 1 0 0 0 1 0 0 0 1 0 0 0 1 0 0 0 1 0 0 0 1 0 0 0 1 0 0 0 1 0 0 0 1 0 0 0 1 0 0 0 1 0 0 0 1 0 0 0 1 0 0 0 1 0 0 0 1 0 0 0 1 0 0 0 1 0 0 0 1 0 0 0 1 0 0 0 1 0 0 0 1 0 0 0 1 0 0 0 1 0 0 0 1 0 0 0 1 0 0 0 1 0 0 0 1 0 0 0 1 0 0 0 1 0 0 0 1 0 0 0 1 0 0 0 1 0 0 0 1 0 0 0 1 0 0 0 1 0 0 0 1 0 0 0 1 0 0 0 1 0 0 0 1 0 0 0 1 0 0 0 1 0 0 0 1 0 0 0 1 0 0 0 1 0 0 0 1 0 0 0 1 0 0 0 1 0 0 0 1 0 0 0 1 0 0 0 1 0 0 0 1 0 0 0 1 0 0 0 1 0 0 0 1 0 0 0 1 0 0 0 1 0 0 0 1 0 0 0 1 0 0 0 1 0 0 0 1 0 0 0 1 0 0 0 1 0 0 0 1 0 0 0 1 0 0 0 1 0 0 0 1 0 0 0 1 0 0 0 1 0 0 0 1 0 0 0 1 0 0 0 1 0 0 0 1 0 0 0 1 0 0 0 1 0 0 0 1 0 0 0 1 0 0 0 1 0 0 0 1 0 0 0 1 0 0 0 1 0 0 0 1 0 0 0 1 0 0 0 1 0 0 0 1 0 0 0 1 0 0 0 1 0 0 0 1 0 0 0 1 0 0 0 1 1 1 1 1 0 0 0 1 1 1 1 1 1 1 1 1 0 0 0 1 0 0 0 1 1 1 1 1 0 0 0 1 1 1 1 1 1 1 1 1 1 1 1 1 0 0 0 1 0 0 0 1 1 1 1 1 1 1 1 1 0 0 0 1 1 1 1 1 0 0 0 1 0 0 0 1 1 1 1 1 1 1 1 1 0 0 0 1 1 1 1 1 0 0 0 1 0 0 0 1 1 1 1 1 1 1 1 1 0 0 0 1 1 1 1 1 0 0 0 1 0 0 0 1 1 1 1 1 1 1 1 1 0 0 0 1 1 1 1 1 0 0 0 1 0 0 0 1 1 1 1 1 1 1 1 1 0 0 0 1 1 1 1 1 0 0 0 1 0 0 0 1 1 1 1 1 1 1 1 1 0 0 0 1 0 0 0 1 0 0 0 1 1 1 1 1 0 0 0 1 1 1 1 1 1 1 1 1 0 0 0 1 0 0 0 1 0 0 0 1 0 0 0 1 0 0 0 1 0 0 0 1 0 0 0 1 0 0 0 1 0 0 0 1 0 0 0 1 0 0 0 1 0 0 0 1 0 0 0 1 0 0 0 1 0 0 0 1 0 0 0 1 0 0 0 1 0 0 0 1 0 0 0 1 0 0 0 1 0 0 0 1 0 0 0 1 0 0 0 1 0 0 0 1 0 0 0 1 0 0 0 1 0 0 0 1 0 0 0 1 0 0 0 1 0 0 0 1 0 0 0 1 0 0 0 1 0 0 0 1 0 0 0 1 0 0 0 1 0 0 0 1 0 0 0 1 0 0 0 1 0 0 0 1 0 0 0 1 0 0 0 1 0 0 0 1 0 0 0 1 0 0 0 1 0 0 0 1 0 0 0 1 0 0 0 1 0 0 0 1 0 0 0 1 0 0 0 1 0 0 0 1 0 0 0 1 0 0 0 1 0 0 0 1 0 0 0 1 0 0 0 1 0 0 0 1 0 0 0 1 0 0 0 1 0 0 0 1 0 0 0 1 0 0 0 1 0 0 0 1 0 0 0 1 0 0 0 1 0 0 0 1 0 0 0 1 0 0 0 1 0 0 0 1 0 0 0 1 0 0 0 1 0 0 0 1 0 0 0 1 0 0 0 1 0 0 0 1 0 0 0 1 0 0 0 1 0 0 0 1 0 0 0 1 0 0 0 1 0 0 0 1 0 0 0 1 0 0 0 1 0 0 0 1 0 0 0 1 0 0 0 1 0 0 0 1 0 0 0 1 0 0 0 1 0 0 0 1 0 0 0 1 0 0 0 1 0 0 0 1 0 0 0 1 0 0 0 1 0 0 0 1 0 0 0 1 0 0 0 1 0 0 0 1 0 0 0 1 0 0 0 1 0 0 0 1 0 0 0 1 0 0 0 1 0 0 0 1 0 0 0 1 0 0 0 1 0 0 0 1 0 0 0 1 0 0 0 1 0 0 0 1 0 0 0 1 0 0 0 1 0 0 0 1 0 0 0 1 0 0 0 1 0 0 0 1 0 0 0 1 0 0 0 1 0 0 0 1 0 0 0 1 0 0 0 1 0 0 0 1 0 0 0 1 0 0 0 1 0 0 0 1 0 0 0 1 0 0 0 1 0 0 0 1 0 0 0 1 0 0 0 1 0 0 0 1 0 0 0 1 0 0 0 1 0 0 0 1 0 0 0 1 0 0 0 1 0 0 0 1 0 0 0 1 0 0 0 1 0 0 0 1 0 0 0 1 0 0 0 1 0 0 0 1 0 0 0 1 0 0 0 1 0 0 0 1 0 0 0 1 0 0 0 1 0 0 0 1 0 0 0 1 0 0 0 1 0 0 0 1 0 0 0 1 0 0 0 1 0 0 0 1 0 0 0 1 0 0 0 1 0 0 0 1 0 0 0 1 0 0 0 1 0 0 0 1 0 0 0 1 0 0 0 1 0 0 0 1 0 0 0 1 0 0 0 1 0 0 0 1 0 0 0 1 0 0 0 1 0 0 0 1 0 0 0 1 0 0 0 1 0 0 0 1 0 0 0 1 0 0 0 1 0 0 0 1 0 0 0 1 0 0 0 1 0 0 0 1 0 0 0 1 0 0 0 1 0 0 0 1 0 0 0 1 0 0 0 1 0 0 0 1 0 0 0 1 0 0 0 1 0 0 0 1 0 0 0 1 0 0 0 1 0 0 0 1 0 0 0 1 0 0 0 1 0 0 0 1 0 0 0 1 0 0 0 1 0 0 0 1 0 0 0 1 0 0 0 1 0 0 0 1 0 0 0 1 0 0 0 1 0 0 0 1 0 0 0 1 0 0 0 1 0 0 0 1 0 0 0 1 0 0 0 1 0 0 0 1 0 0 0 1 0 0 0 1 0 0 0 1 0 0 0 1 0 0 0 1 0 0 0 1 0 0 0 1 0 0 0 1 0 0 0 1 0 0 0 1 0 0 0 1 0 0 0 1 0 0 0 1 0 0 0 1 0 0 0 1 0 0 0 1 0 0 0 1 0 0 0 1 0 0 0 1 0 0 0 1 0 0 0 1 0 0 0 1 0 0 0 1 0 0 0 1 0 0 0 1 0 0 0 1 0 0 0 1 0 0 0 1 0 0 0 1 0 0 0 1 0 0 0 1 0 0 0 1 0 0 0 1 0 0 0 1 0 0 0 1 0 0 0 1 0 0 0 1 0 0 0 1 0 0 0 1 0 0 0 1 0 0 0 1 0 0 0 1 0 0 0 1 0 0 0 1 0 0 0 1 0 0 0 1 0 0 0 1 0 0 0 1 0 0 0 1 0 0 0 1 0 0 0 1 0 0 0 1 0 0 0 1 0 0 0 1 0 0 0 1 0 0 0 1 0 0 0 1 0 0 0 1 0 0 0 1 0 0 0 1 0 0 0 1 0 0 0 1 0 0 0 1 0 0 0 1 0 0 0 1 0 0 0 1 0 0 0 1 0 0 0 1 0 0 0 1 0 0 0 1 0 0 0 1 0 0 0 1 0 0 0 1 0 0 0 1 0 0 0 1 0 0 0 1 0 0 0 1 0 0 0 1 0 0 0 1 0 0 0 1 0 0 0 1 0 0 0 1 0 0 0 1 0 0 0 1 0 0 0 1 0 0 0 1 0 0 0 1 0 0 0 1 0 0 0 1 0 0 0 1 0 0 0 1 0 0 0 1 0 0 0 1 0 0 0 1 0 0 0 1 0 0 0 1 0 0 0 1 0 0 0 1 0 0 0 1 0 0 0 1 0 0 0 1 0 0 0 1 0 0 0 1 0 0 0 1 0 0 0 1 0 0 0 1 0 0 0 1 0 0 0 1 0 0 0 1 0 0 0 1 0 0 0 1 0 0 0 1 0 0 0 1 0 0 0 1 0 0 0 1 0 0 0 1 0 0 0 1 0 0 0 1 0 0 0 1 0 0 0 1 0 0 0 1 0 0 0 1 0 0 0 1 0 0 0 1 0 0 0 1 0 0 0 1 0 0 0 1 0 0 0 1 0 0 0 1 0 0 0 1 0 0 0 1 0 0 0 1 0 0 0 1 0 0 0 1 0 0 0 1 0 0 0 1 0 0 0 1 0 0 0 1 0 0 0 1 0 0 0 1 0 0 0 1 0 0 0 1 0 0 0 1 0 0 0 1 0 0 0 1 0 0 0 1 0 0 0 1 0 0 0 1 0 0 0 1 0 0 0 1 0 0 0 1 0 0 0 1 0 0 0 1 0 0 0 1 0 0 0 1 0 0 0 1 0 0 0 1 0 0 0 1 0 0 0 1 0 0 0 1 0 0 0 1 0 0 0 1 0 0 0 1 0 0 0 1 0 0 0 1 0 0 0 1 0 0 0 1 0 0 0 1 0 0 0 1 0 0 0 1 0 0 0 1 0 0 0 1 0 0 0 1 0 0 0 1 0 0 0 1 0 0 0 1 0 0 0 1 0 0 0 1 0 0 0 1 0 0 0 1 0 0 0 1 0 0 0 1 0 0 0 1 0 0 0 1 0 0 0 1 0 0 0 1 0 0 0 1 0 0 0 1 0 0 0 1 0 0 0 1 0 0 0 1 0 0 0 1 0 0 0 1 0 0 0 1 0 0 0 1 0 0 0 1 0 0 0 1 0 0 0 1 0 0 0 1 0 0 0 1 0 0 0 1 0 0 0 1 0 0 0 1 0 0 0 1 0 0 0 1 0 0 0 1 0 0 0 1 0 0 0 1 0 0 0 1 0 0 0 1 0 0 0 1 0 0 0 1 0 0 0 1 0 0 0 1 0 0 0 1 0 0 0 1 0 0 0 1 0 0 0 1 0 0 0 1 0 0 0 1 0 0 0 1 0 0 0 1 0 0 0 1 0 0 0 1 0 0 0 1 0 0 0 1 0 0 0 1 0 0 0 1 0 0 0 1 0 0 0 1 0 0 0 1 0 0 0 1 0 0 0 1 0 0 0 1 0 0 0 1 0 0 0 1 0 0 0 1 0 0 0 1 0 0 0 1 0 0 0 1 0 0 0 1 0 0 0 1 0 0 0 1 0 0 0 1 0 0 0 1 0 0 0 1 0 0 0 1 0 0 0 1 0 0 0 1 0 0 0 1 0 0 0 1 0 0 0 1 0 0 0 1 0 0 0 1 0 0 0 1 0 0 0 1 0 0 0 1 1 1 1 1 0 0 0 1 1 1 1 1 1 1 1 1 0 0 0 1 0 0 0 1 1 1 1 1 0 0 0 1 1 1 1 1 1 1 1 1 1 1 1 1 0 0 0 1 0 0 0 1 1 1 1 1 1 1 1 1 0 0 0 1 1 1 1 1 0 0 0 1 0 0 0 1 1 1 1 1 1 1 1 1 0 0 0 1 1 1 1 1 0 0 0 1 0 0 0 1 1 1 1 1 1 1 1 1 0 0 0 1 1 1 1 1 0 0 0 1 0 0 0 1 1 1 1 1 1 1 1 1 0 0 0 1 1 1 1 1 0 0 0 1 0 0 0 1 1 1 1 1 1 1 1 1 0 0 0 1 1 1 1 1 0 0 0 1 0 0 0 1 1 1 1 1 1 1 1 1 0 0 0 1 0 0 0 1 0 0 0 1 1 1 1 1 0 0 0 1 1 1 1 1 1 1 1 1 0 0 0 1 0 0 0 1 0 0 0 1 0 0 0 1 0 0 0 1 0 0 0 1 0 0 0 1 0 0 0 1 0 0 0 1 0 0 0 1 0 0 0 1 0 0 0 1 0 0 0 1 0 0 0 1 0 0 0 1 0 0 0 1 0 0 0 1 0 0 0 1 0 0 0 1 0 0 0 1 0 0 0 1 0 0 0 1 0 0 0 1 0 0 0 1 0 0 0 1 0 0 0 1 0 0 0 1 0 0 0 1 0 0 0 1 0 0 0 1 0 0 0 1 0 0 0 1 0 0 0 1 0 0 0 1 0 0 0 1 0 0 0 1 0 0 0 1 0 0 0 1 0 0 0 1 0 0 0 1 0 0 0 1 0 0 0 1 0 0 0 1 0 0 0 1 0 0 0 1 0 0 0 1 0 0 0 1 0 0 0 1 0 0 0 1 0 0 0 1 0 0 0 1 0 0 0 1 0 0 0 1 0 0 0 1 0 0 0 1 0 0 0 1 0 0 0 1 0 0 0 1 0 0 0 1 0 0 0 1 0 0 0 1 0 0 0 1 0 0 0 1 0 0 0 1 0 0 0 1 0 0 0 1 0 0 0 1 0 0 0 1 0 0 0 1 0 0 0 1 0 0 0 1 0 0 0 1 0 0 0 1 0 0 0 1 0 0 0 1 0 0 0 1 0 0 0 1 0 0 0 1 0 0 0 1 0 0 0 1 0 0 0 1 0 0 0 1 0 0 0 1 0 0 0 1 0 0 0 1 0 0 0 1 0 0 0 1 0 0 0 1 0 0 0 1 0 0 0 1 0 0 0 1 0 0 0 1 0 0 0 1 0 0 0 1 0 0 0 1 0 0 0 1 0 0 0 1 0 0 0 1 0 0 0 1 0 0 0 1 0 0 0 1 0 0 0 1 0 0 0 1 0 0 0 1 0 0 0 1 0 0 0 1 0 0 0 1 0 0 0 1 0 0 0 1 0 0 0 1 0 0 0 1 0 0 0 1 0 0 0 1 0 0 0 1 0 0 0 1 0 0 0 1 0 0 0 1 0 0 0 1 0 0 0 1 0 0 0 1 0 0 0 1 0 0 0 1 0 0 0 1 0 0 0 1 0 0 0 1 0 0 0 1 0 0 0 1 0 0 0 1 0 0 0 1 0 0 0 1 0 0 0 1 0 0 0 1 0 0 0 1 0 0 0 1 0 0 0 1 0 0 0 1 0 0 0 1 0 0 0 1 0 0 0 1 0 0 0 1 0 0 0 1 0 0 0 1 0 0 0 1 0 0 0 1 0 0 0 1 0 0 0 1 0 0 0 1 0 0 0 1 0 0 0 1 0 0 0 1 0 0 0 1 0 0 0 1 0 0 0 1 0 0 0 1 0 0 0 1 0 0 0 1 0 0 0 1 0 0 0 1 0 0 0 1 0 0 0 1 0 0 0 1 0 0 0 1 0 0 0 1 0 0 0 1 0 0 0 1 0 0 0 1 0 0 0 1 0 0 0 1 0 0 0 1 0 0 0 1 0 0 0 1 0 0 0 1 0 0 0 1 0 0 0 1 0 0 0 1 0 0 0 1 0 0 0 1 0 0 0 1 0 0 0 1 0 0 0 1 0 0 0 1 0 0 0 1 0 0 0 1 0 0 0 1 0 0 0 1 0 0 0 1 0 0 0 1 0 0 0 1 0 0 0 1 0 0 0 1 0 0 0 1 0 0 0 1 0 0 0 1 0 0 0 1 0 0 0 1 0 0 0 1 0 0 0 1 0 0 0 1 0 0 0 1 0 0 0 1 0 0 0 1 0 0 0 1 0 0 0 1 0 0 0 1 0 0 0 1 0 0 0 1 0 0 0 1 0 0 0 1 0 0 0 1 0 0 0 1 0 0 0 1 0 0 0 1 0 0 0 1 0 0 0 1 0 0 0 1 0 0 0 1 0 0 0 1 0 0 0 1 0 0 0 1 0 0 0 1 0 0 0 1 0 0 0 1 0 0 0 1 0 0 0 1 0 0 0 1 0 0 0 1 0 0 0 1 0 0 0 1 0 0 0 1 0 0 0 1 0 0 0 1 0 0 0 1 0 0 0 1 0 0 0 1 0 0 0 1 0 0 0 1 0 0 0 1 0 0 0 1 0 0 0 1 0 0 0 1 0 0 0 1 0 0 0 1 0 0 0 1 0 0 0 1 0 0 0 1 0 0 0 1 0 0 0 1 0 0 0 1 0 0 0 1 0 0 0 1 0 0 0 1 0 0 0 1 0 0 0 1 0 0 0 1 0 0 0 1 0 0 0 1 0 0 0 1 0 0 0 1 0 0 0 1 0 0 0 1 0 0 0 1 0 0 0 1 0 0 0 1 0 0 0 1 0 0 0 1 0 0 0 1 0 0 0 1 0 0 0 1 0 0 0 1 0 0 0 1 0 0 0 1 0 0 0 1 0 0 0 1 0 0 0 1 0 0 0 1 0 0 0 1 0 0 0 1 0 0 0 1 0 0 0 1 0 0 0 1 0 0 0 1 0 0 0 1 0 0 0 1 0 0 0 1 0 0 0 1 0 0 0 1 0 0 0 1 0 0 0 1 0 0 0 1 0 0 0 1 0 0 0 1 0 0 0 1 0 0 0 1 0 0 0 1 0 0 0 1 0 0 0 1 0 0 0 1 0 0 0 1 0 0 0 1 0 0 0 1 0 0 0 1 0 0 0 1 0 0 0 1 0 0 0 1 0 0 0 1 0 0 0 1 0 0 0 1 0 0 0 1 0 0 0 1 0 0 0 1 0 0 0 1 0 0 0 1 0 0 0 1 0 0 0 1 0 0 0 1 0 0 0 1 0 0 0 1 0 0 0 1 0 0 0 1 0 0 0 1 0 0 0 1 0 0 0 1 0 0 0 1 0 0 0 1 0 0 0 1 0 0 0 1 0 0 0 1 0 0 0 1 0 0 0 1 0 0 0 1 0 0 0 1 0 0 0 1 0 0 0 1 0 0 0 1 0 0 0 1 0 0 0 1 0 0 0 1 0 0 0 1 0 0 0 1 0 0 0 1 0 0 0 1 0 0 0 1 0 0 0 1 0 0 0 1 0 0 0 1 0 0 0 1 0 0 0 1 0 0 0 1 0 0 0 1 0 0 0 1 0 0 0 1 0 0 0 1 0 0 0 1 0 0 0 1 0 0 0 1 0 0 0 1 0 0 0 1 0 0 0 1 0 0 0 1 0 0 0 1 0 0 0 1 0 0 0 1 0 0 0 1 0 0 0 1 0 0 0 1 0 0 0 1 0 0 0 1 0 0 0 1 0 0 0 1 0 0 0 1 0 0 0 1 0 0 0 1 0 0 0 1 0 0 0 1 0 0 0 1 0 0 0 1 0 0 0 1 0 0 0 1 0 0 0 1 0 0 0 1 0 0 0 1 0 0 0 1 0 0 0 1 0 0 0 1 0 0 0 1 0 0 0 1 0 0 0 1 0 0 0 1 0 0 0 1 0 0 0 1 0 0 0 1 0 0 0 1 0 0 0 1 0 0 0 1 0 0 0 1 0 0 0 1 0 0 0 1 0 0 0 1 0 0 0 1 0 0 0 1 0 0 0 1 0 0 0 1 0 0 0 1 0 0 0 1 0 0 0 1 0 0 0 1 0 0 0 1 0 0 0 1 0 0 0 1 0 0 0 1 0 0 0 1 0 0 0 1 0 0 0 1 0 0 0 1 0 0 0 1 0 0 0 1 0 0 0 1 0 0 0 1 0 0 0 1 0 0 0 1 0 0 0 1 0 0 0 1 0 0 0 1 0 0 0 1 0 0 0 1 0 0 0 1 0 0 0 1 0 0 0 1 0 0 0 1 0 0 0 1 0 0 0 1 0 0 0 1 0 0 0 1 0 0 0 1 0 0 0 1 0 0 0 1 0 0 0 1 0 0 0 1 0 0 0 1 0 0 0 1 0 0 0 1 0 0 0 1 0 0 0 1 0 0 0 1 0 0 0 1 0 0 0 1 0 0 0 1 0 0 0 1 0 0 0 1 0 0 0 1 0 0 0 1 0 0 0 1 0 0 0 1 0 0 0 1 0 0 0 1 0 0 0 1 0 0 0 1 0 0 0 1 0 0 0 1 0 0 0 1 0 0 0 1 0 0 0 1 0 0 0 1 0 0 0 1 0 0 0 1 0 0 0 1 0 0 0 1 1 1 1 1 0 0 0 1 1 1 1 1 1 1 1 1 0 0 0 1 0 0 0 1 1 1 1 1 0 0 0 1 1 1 1 1 1 1 1 1 1 1 1 1 0 0 0 1 0 0 0 1 1 1 1 1 1 1 1 1 0 0 0 1 1 1 1 1 0 0 0 1 0 0 0 1 1 1 1 1 1 1 1 1 0 0 0 1 1 1 1 1 0 0 0 1 0 0 0 1 1 1 1 1 1 1 1 1 0 0 0 1 1 1 1 1 0 0 0 1 0 0 0 1 1 1 1 1 1 1 1 1 0 0 0 1 1 1 1 1 0 0 0 1 0 0 0 1 1 1 1 1 1 1 1 1 0 0 0 1 1 1 1 1 0 0 0 1 0 0 0 1 1 1 1 1 1 1 1 1 0 0 0 1 0 0 0 1 0 0 0 1 1 1 1 1 0 0 0 1 1 1 1 1 1 1 1 1 0 0 0 1 0 0 0 1 0 0 0 1 0 0 0 1 0 0 0 1 0 0 0 1 0 0 0 1 0 0 0 1 0 0 0 1 0 0 0 1 0 0 0 1 0 0 0 1 0 0 0 1 0 0 0 1 0 0 0 1 0 0 0 1 0 0 0 1 0 0 0 1 0 0 0 1 0 0 0 1 0 0 0 1 0 0 0 1 0 0 0 1 0 0 0 1 0 0 0 1 0 0 0 1 0 0 0 1 0 0 0 1 0 0 0 1 0 0 0 1 0 0 0 1 0 0 0 1 0 0 0 1 0 0 0 1 0 0 0 1 0 0 0 1 0 0 0 1 0 0 0 1 0 0 0 1 0 0 0 1 0 0 0 1 0 0 0 1 0 0 0 1 0 0 0 1 0 0 0 1 0 0 0 1 0 0 0 1 0 0 0 1 0 0 0 1 0 0 0 1 0 0 0 1 0 0 0 1 0 0 0 1 0 0 0 1 0 0 0 1 0 0 0 1 0 0 0 1 0 0 0 1 0 0 0 1 0 0 0 1 0 0 0 1 0 0 0 1 0 0 0 1 0 0 0 1 0 0 0 1 0 0 0 1 0 0 0 1 0 0 0 1 0 0 0 1 0 0 0 1 0 0 0 1 0 0 0 1 0 0 0 1 0 0 0 1 0 0 0 1 0 0 0 1 0 0 0 1 0 0 0 1 0 0 0 1 0 0 0 1 0 0 0 1 0 0 0 1 0 0 0 1 0 0 0 1 0 0 0 1 0 0 0 1 0 0 0 1 0 0 0 1 0 0 0 1 0 0 0 1 0 0 0 1 0 0 0 1 0 0 0 1 0 0 0 1 0 0 0 1 0 0 0 1 0 0 0 1 0 0 0 1 0 0 0 1 0 0 0 1 0 0 0 1 0 0 0 1 0 0 0 1 0 0 0 1 0 0 0 1 0 0 0 1 0 0 0 1 0 0 0 1 0 0 0 1 0 0 0 1 0 0 0 1 0 0 0 1 0 0 0 1 0 0 0 1 0 0 0 1 0 0 0 1 0 0 0 1 0 0 0 1 0 0 0 1 0 0 0 1 0 0 0 1 0 0 0 1 0 0 0 1 0 0 0 1 0 0 0 1 0 0 0 1 0 0 0 1 0 0 0 1 0 0 0 1 0 0 0 1 0 0 0 1 0 0 0 1 0 0 0 1 0 0 0 1 0 0 0 1 0 0 0 1 0 0 0 1 0 0 0 1 0 0 0 1 0 0 0 1 0 0 0 1 0 0 0 1 0 0 0 1 0 0 0 1 0 0 0 1 0 0 0 1 0 0 0 1 0 0 0 1 0 0 0 1 0 0 0 1 0 0 0 1 0 0 0 1 0 0 0 1 0 0 0 1 0 0 0 1 0 0 0 1 0 0 0 1 0 0 0 1 0 0 0 1 0 0 0 1 0 0 0 1 0 0 0 1 0 0 0 1 0 0 0 1 0 0 0 1 0 0 0 1 0 0 0 1 0 0 0 1 0 0 0 1 0 0 0 1 0 0 0 1 0 0 0 1 0 0 0 1 0 0 0 1 0 0 0 1 0 0 0 1 0 0 0 1 0 0 0 1 0 0 0 1 0 0 0 1 0 0 0 1 0 0 0 1 0 0 0 1 0 0 0 1 0 0 0 1 0 0 0 1 0 0 0 1 0 0 0 1 0 0 0 1 0 0 0 1 0 0 0 1 0 0 0 1 0 0 0 1 0 0 0 1 0 0 0 1 0 0 0 1 0 0 0 1 0 0 0 1 0 0 0 1 0 0 0 1 0 0 0 1 0 0 0 1 0 0 0 1 0 0 0 1 0 0 0 1 0 0 0 1 0 0 0 1 0 0 0 1 0 0 0 1 0 0 0 1 0 0 0 1 0 0 0 1 0 0 0 1 0 0 0 1 0 0 0 1 0 0 0 1 0 0 0 1 0 0 0 1 0 0 0 1 0 0 0 1 0 0 0 1 0 0 0 1 0 0 0 1 0 0 0 1 0 0 0 1 0 0 0 1 0 0 0 1 0 0 0 1 0 0 0 1 0 0 0 1 0 0 0 1 0 0 0 1 0 0 0 1 0 0 0 1 0 0 0 1 0 0 0 1 0 0 0 1 0 0 0 1 0 0 0 1 0 0 0 1 0 0 0 1 0 0 0 1 0 0 0 1 0 0 0 1 0 0 0 1 0 0 0 1 0 0 0 1 0 0 0 1 0 0 0 1 0 0 0 1 0 0 0 1 0 0 0 1 0 0 0 1 0 0 0 1 0 0 0 1 0 0 0 1 0 0 0 1 0 0 0 1 0 0 0 1 0 0 0 1 0 0 0 1 0 0 0 1 0 0 0 1 0 0 0 1 0 0 0 1 0 0 0 1 0 0 0 1 0 0 0 1 0 0 0 1 0 0 0 1 0 0 0 1 0 0 0 1 0 0 0 1 0 0 0 1 0 0 0 1 0 0 0 1 0 0 0 1 0 0 0 1 0 0 0 1 0 0 0 1 0 0 0 1 0 0 0 1 0 0 0 1 0 0 0 1 0 0 0 1 0 0 0 1 0 0 0 1 0 0 0 1 0 0 0 1 0 0 0 1 0 0 0 1 0 0 0 1 0 0 0 1 0 0 0 1 0 0 0 1 0 0 0 1 0 0 0 1 0 0 0 1 0 0 0 1 0 0 0 1 0 0 0 1 0 0 0 1 0 0 0 1 0 0 0 1 0 0 0 1 0 0 0 1 0 0 0 1 0 0 0 1 0 0 0 1 0 0 0 1 0 0 0 1 0 0 0 1 0 0 0 1 0 0 0 1 0 0 0 1 0 0 0 1 0 0 0 1 0 0 0 1 0 0 0 1 0 0 0 1 0 0 0 1 0 0 0 1 0 0 0 1 0 0 0 1 0 0 0 1 0 0 0 1 0 0 0 1 0 0 0 1 0 0 0 1 0 0 0 1 0 0 0 1 0 0 0 1 0 0 0 1 0 0 0 1 0 0 0 1 0 0 0 1 0 0 0 1 0 0 0 1 0 0 0 1 0 0 0 1 0 0 0 1 0 0 0 1 0 0 0 1 0 0 0 1 0 0 0 1 0 0 0 1 0 0 0 1 0 0 0 1 0 0 0 1 0 0 0 1 0 0 0 1 0 0 0 1 0 0 0 1 0 0 0 1 0 0 0 1 0 0 0 1 0 0 0 1 0 0 0 1 0 0 0 1 0 0 0 1 0 0 0 1 0 0 0 1 0 0 0 1 0 0 0 1 0 0 0 1 0 0 0 1 0 0 0 1 0 0 0 1 0 0 0 1 0 0 0 1 0 0 0 1 0 0 0 1 0 0 0 1 0 0 0 1 0 0 0 1 0 0 0 1 0 0 0 1 0 0 0 1 0 0 0 1 0 0 0 1 0 0 0 1 0 0 0 1 0 0 0 1 0 0 0 1 0 0 0 1 0 0 0 1 0 0 0 1 0 0 0 1 0 0 0 1 0 0 0 1 0 0 0 1 0 0 0 1 0 0 0 1 0 0 0 1 0 0 0 1 0 0 0 1 0 0 0 1 0 0 0 1 0 0 0 1 0 0 0 1 0 0 0 1 0 0 0 1 0 0 0 1 0 0 0 1 0 0 0 1 0 0 0 1 0 0 0 1 0 0 0 1 0 0 0 1 0 0 0 1 0 0 0 1 0 0 0 1 0 0 0 1 0 0 0 1 0 0 0 1 0 0 0 1 0 0 0 1 0 0 0 1 0 0 0 1 0 0 0 1 0 0 0 1 0 0 0 1 0 0 0 1 0 0 0 1 0 0 0 1 0 0 0 1 0 0 0 1 0 0 0 1 0 0 0 1 0 0 0 1 0 0 0 1 0 0 0 1 0 0 0 1 0 0 0 1 0 0 0 1 0 0 0 1 0 0 0 1 0 0 0 1 0 0 0 1 0 0 0 1 0 0 0 1 0 0 0 1 0 0 0 1 0 0 0 1 0 0 0 1 0 0 0 1 0 0 0 1 0 0 0 1 0 0 0 1 0 0 0 1 0 0 0 1 0 0 0 1 0 0 0 1 0 0 0 1 0 0 0 1 0 0 0 1 0 0 0 1 0 0 0 1 0 0 0 1 0 0 0 1 0 0 0 1 0 0 0 1 0 0 0 1 0 0 0 1 0 0 0 1</float_array>
          <technique_common>
            <accessor source="#ID108-mesh-colors-ID114-array" count="3126" stride="4">
              <param name="R" type="float"/>
              <param name="G" type="float"/>
              <param name="B" type="float"/>
              <param name="A" type="float"/>
            </accessor>
          </technique_common>
        </source>
        <vertices id="ID108-mesh-vertices">
          <input semantic="POSITION" source="#ID108-mesh-positions"/>
        </vertices>
        <triangles material="KinokoMat-material" count="1042">
          <input semantic="VERTEX" source="#ID108-mesh-vertices" offset="0"/>
          <input semantic="NORMAL" source="#ID108-mesh-normals" offset="1"/>
          <input semantic="TEXCOORD" source="#ID108-mesh-map-0" offset="2" set="0"/>
          <input semantic="COLOR" source="#ID108-mesh-colors-ID114" offset="3" set="0"/>
          <p>0 0 0 0 1 1 1 1 2 0 2 2 1 1 3 3 3 2 4 4 2 0 5 5 1 1 6 6 19 3 7 7 3 2 8 8 19 3 9 9 18 4 10 10 3 2 11 11 18 4 12 12 19 3 13 13 17 5 14 14 16 6 15 15 18 4 16 16 17 5 17 17 16 6 18 18 17 5 19 19 15 7 20 20 14 8 21 21 16 6 22 22 15 7 23 23 14 8 24 24 15 7 25 25 13 9 26 26 12 10 27 27 14 8 28 28 13 9 29 29 12 10 30 30 13 9 31 31 11 11 32 32 10 12 33 33 12 10 34 34 11 11 35 35 10 12 36 36 11 11 37 37 9 13 38 38 8 14 39 39 10 12 40 40 9 13 41 41 8 14 42 42 9 13 43 43 4 15 44 44 6 16 45 45 8 14 46 46 4 15 47 47 4 15 48 48 5 17 49 49 6 16 50 50 5 17 51 51 7 18 52 52 6 16 53 53 20 19 54 54 21 20 55 55 22 21 56 56 22 21 57 57 21 20 58 58 29 22 59 59 22 21 60 60 29 22 61 61 28 23 62 62 27 24 63 63 22 21 64 64 28 23 65 65 27 24 66 66 28 23 67 67 31 25 68 68 30 26 69 69 27 24 70 70 31 25 71 71 30 26 72 72 31 25 73 73 33 27 74 74 32 28 75 75 30 26 76 76 33 27 77 77 33 27 78 78 34 29 79 79 32 28 80 80 34 29 81 81 35 30 82 82 32 28 83 83 32 28 84 84 35 30 85 85 46 31 86 86 32 28 87 87 45 32 88 88 30 26 89 89 44 33 90 90 27 24 91 91 30 26 92 92 27 24 93 93 43 34 94 94 22 21 95 95 21 20 96 96 23 35 97 97 24 36 98 98 21 20 99 99 24 36 100 100 42 37 101 101 21 20 102 102 42 37 103 103 29 22 104 104 24 36 105 105 41 38 106 106 42 37 107 107 24 36 108 108 26 39 109 109 41 38 110 110 25 40 111 111 26 39 112 112 24 36 113 113 40 41 114 114 26 39 115 115 39 42 116 116 37 43 117 117 40 41 118 118 39 42 119 119 37 43 120 120 39 42 121 121 38 44 122 122 36 0 123 123 37 43 124 124 38 44 125 125 38 44 126 126 39 42 127 127 47 45 128 128 39 42 129 129 26 39 130 130 48 46 131 131 26 39 132 132 40 41 133 133 41 38 134 134 49 47 135 135 50 48 136 136 51 49 137 137 50 48 138 138 52 50 139 139 51 49 140 140 53 51 141 141 54 52 142 142 55 53 143 143 54 52 144 144 56 54 145 145 55 53 146 146 57 55 147 147 58 56 148 148 59 57 149 149 58 56 150 150 60 58 151 151 59 57 152 152 61 59 153 153 62 60 154 154 63 61 155 155 61 59 156 156 63 61 157 157 66 62 158 158 65 63 159 159 61 59 160 160 66 62 161 161 61 59 162 162 65 63 163 163 109 64 164 164 108 65 165 165 61 59 166 166 109 64 167 167 61 59 168 168 108 65 169 169 111 66 170 170 111 66 171 171 62 60 172 172 61 59 173 173 62 60 174 174 111 66 175 175 110 67 176 176 88 68 177 177 62 60 178 178 110 67 179 179 64 69 180 180 62 60 181 181 88 68 182 182 62 60 183 183 64 69 184 184 63 61 185 185 87 70 186 186 64 69 187 187 88 68 188 188 87 70 189 189 88 68 190 190 86 71 191 191 85 72 192 192 87 70 193 193 86 71 194 194 85 72 195 195 86 71 196 196 84 73 197 197 83 74 198 198 85 72 199 199 84 73 200 200 83 74 201 201 84 73 202 202 82 75 203 203 81 76 204 204 83 74 205 205 82 75 206 206 81 76 207 207 82 75 208 208 80 77 209 209 79 78 210 210 81 76 211 211 80 77 212 212 79 78 213 213 80 77 214 214 78 79 215 215 77 80 216 216 79 78 217 217 78 79 218 218 77 80 219 219 78 79 220 220 76 81 221 221 75 82 222 222 77 80 223 223 76 81 224 224 75 82 225 225 76 81 226 226 74 83 227 227 73 84 228 228 75 82 229 229 74 83 230 230 73 84 231 231 74 83 232 232 72 85 233 233 71 86 234 234 73 84 235 235 72 85 236 236 71 86 237 237 72 85 238 238 67 87 239 239 69 88 240 240 71 86 241 241 67 87 242 242 67 87 243 243 68 89 244 244 69 88 245 245 68 89 246 246 67 87 247 247 107 90 248 248 68 89 249 249 107 90 250 250 144 91 251 251 107 90 252 252 142 92 253 253 144 91 254 254 107 90 255 255 106 93 256 256 142 92 257 257 72 85 258 258 106 93 259 259 107 90 260 260 72 85 261 261 74 83 262 262 106 93 263 263 74 83 264 264 105 94 265 265 106 93 266 266 74 83 267 267 76 81 268 268 105 94 269 269 76 81 270 270 103 95 271 271 105 94 272 272 76 81 273 273 78 79 274 274 103 95 275 275 78 79 276 276 104 96 277 277 103 95 278 278 78 79 279 279 80 77 280 280 104 96 281 281 80 77 282 282 115 97 283 283 104 96 284 284 80 77 285 285 82 75 286 286 115 97 287 287 82 75 288 288 114 98 289 289 115 97 290 290 82 75 291 291 84 73 292 292 114 98 293 293 84 73 294 294 113 99 295 295 114 98 296 296 84 73 297 297 86 71 298 298 113 99 299 299 86 71 300 300 112 100 301 301 113 99 302 302 86 71 303 303 88 68 304 304 112 100 305 305 88 68 306 306 110 67 307 307 112 100 308 308 112 100 309 309 110 67 310 310 149 101 311 311 151 102 312 312 112 100 313 313 149 101 314 314 151 102 315 315 149 101 316 316 148 103 317 317 150 104 318 318 151 102 319 319 148 103 320 320 153 105 321 321 151 102 322 322 150 104 323 323 152 106 324 324 153 105 325 325 150 104 326 326 155 107 327 327 153 105 328 328 152 106 329 329 154 108 330 330 155 107 331 331 152 106 332 332 134 109 333 333 155 107 334 334 154 108 335 335 133 110 336 336 134 109 337 337 154 108 338 338 132 111 339 339 134 109 340 340 133 110 341 341 131 112 342 342 132 111 343 343 133 110 344 344 136 113 345 345 132 111 346 346 131 112 347 347 135 114 348 348 136 113 349 349 131 112 350 350 138 115 351 351 136 113 352 352 135 114 353 353 137 116 354 354 138 115 355 355 135 114 356 356 140 117 357 357 138 115 358 358 137 116 359 359 139 118 360 360 140 117 361 361 137 116 362 362 142 92 363 363 140 117 364 364 139 118 365 365 141 119 366 366 142 92 367 367 139 118 368 368 141 119 369 369 143 120 370 370 142 92 371 371 143 120 372 372 144 91 373 373 142 92 374 374 106 93 375 375 140 117 376 376 142 92 377 377 140 117 378 378 106 93 379 379 138 115 380 380 106 93 381 381 105 94 382 382 138 115 383 383 138 115 384 384 105 94 385 385 136 113 386 386 105 94 387 387 103 95 388 388 136 113 389 389 136 113 390 390 103 95 391 391 132 111 392 392 103 95 393 393 104 96 394 394 132 111 395 395 132 111 396 396 104 96 397 397 134 109 398 398 104 96 399 399 115 97 400 400 134 109 401 401 134 109 402 402 115 97 403 403 155 107 404 404 115 97 405 405 114 98 406 406 155 107 407 407 155 107 408 408 114 98 409 409 153 105 410 410 114 98 411 411 113 99 412 412 153 105 413 413 153 105 414 414 113 99 415 415 151 102 416 416 113 99 417 417 112 100 418 418 151 102 419 419 68 89 420 420 70 121 421 421 69 88 422 422 89 122 423 423 90 122 424 424 91 123 425 425 92 124 426 426 89 122 427 427 91 123 428 428 93 125 429 429 92 124 430 430 91 123 431 431 94 122 432 432 93 125 433 433 91 123 434 434 95 122 435 435 94 122 436 436 91 123 437 437 96 122 438 438 95 122 439 439 91 123 440 440 97 122 441 441 96 122 442 442 91 123 443 443 98 122 444 444 97 122 445 445 91 123 446 446 99 122 447 447 98 122 448 448 91 123 449 449 100 126 450 450 99 122 451 451 91 123 452 452 101 127 453 453 100 126 454 454 91 123 455 455 102 122 456 456 101 127 457 457 91 123 458 458 90 122 459 459 102 122 460 460 91 123 461 461 67 87 462 462 72 85 463 463 107 90 464 464 108 65 465 465 116 128 466 466 111 66 467 467 147 129 468 468 116 128 469 469 108 65 470 470 146 130 471 471 147 129 472 472 108 65 473 473 146 130 474 474 108 65 475 475 109 64 476 476 145 131 477 477 146 130 478 478 109 64 479 479 117 132 480 480 118 133 481 481 119 133 482 482 117 132 483 483 120 134 484 484 118 133 485 485 117 132 486 486 121 135 487 487 120 134 488 488 117 132 489 489 122 136 490 490 121 135 491 491 117 132 492 492 123 137 493 493 122 136 494 494 117 132 495 495 124 138 496 496 123 137 497 497 117 132 498 498 125 139 499 499 124 138 500 500 117 132 501 501 126 140 502 502 125 139 503 503 117 132 504 504 127 133 505 505 126 140 506 506 117 132 507 507 128 141 508 508 127 133 509 509 117 132 510 510 129 142 511 511 128 141 512 512 117 132 513 513 130 143 514 514 129 142 515 515 117 132 516 516 119 133 517 517 130 143 518 518 148 103 519 519 149 101 520 520 147 129 521 521 149 101 522 522 116 128 523 523 147 129 524 524 149 101 525 525 110 67 526 526 116 128 527 527 110 67 528 528 111 66 529 529 116 128 530 530 156 0 531 531 157 144 532 532 158 0 533 533 157 144 534 534 159 145 535 535 158 0 536 536 157 144 537 537 175 146 538 538 159 145 539 539 175 146 540 540 174 147 541 541 159 145 542 542 174 147 543 543 175 146 544 544 173 148 545 545 172 149 546 546 174 147 547 547 173 148 548 548 172 149 549 549 173 148 550 550 171 150 551 551 170 151 552 552 172 149 553 553 171 150 554 554 170 151 555 555 171 150 556 556 169 152 557 557 168 153 558 558 170 151 559 559 169 152 560 560 168 153 561 561 169 152 562 562 167 154 563 563 166 155 564 564 168 153 565 565 167 154 566 566 166 155 567 567 167 154 568 568 165 156 569 569 164 157 570 570 166 155 571 571 165 156 572 572 164 157 573 573 165 156 574 574 160 158 575 575 162 159 576 576 164 157 577 577 160 158 578 578 160 158 579 579 161 160 580 580 162 159 581 581 161 160 582 582 163 161 583 583 162 159 584 584 176 162 585 585 177 163 586 586 178 164 587 587 178 164 588 588 177 163 589 589 185 165 590 590 178 164 591 591 185 165 592 592 184 166 593 593 183 167 594 594 178 164 595 595 184 166 596 596 183 167 597 597 184 166 598 598 187 168 599 599 186 169 600 600 183 167 601 601 187 168 602 602 186 169 603 603 187 168 604 604 189 170 605 605 188 171 606 606 186 169 607 607 189 170 608 608 189 170 609 609 190 172 610 610 188 171 611 611 190 172 612 612 191 173 613 613 188 171 614 614 188 171 615 615 191 173 616 616 202 174 617 617 188 171 618 618 201 175 619 619 186 169 620 620 200 176 621 621 183 167 622 622 186 169 623 623 183 167 624 624 199 177 625 625 178 164 626 626 177 163 627 627 179 178 628 628 180 179 629 629 177 163 630 630 180 179 631 631 198 180 632 632 177 163 633 633 198 180 634 634 185 165 635 635 180 179 636 636 197 181 637 637 198 180 638 638 180 179 639 639 182 182 640 640 197 181 641 641 181 183 642 642 182 182 643 643 180 179 644 644 196 184 645 645 182 182 646 646 195 185 647 647 193 186 648 648 196 184 649 649 195 185 650 650 193 186 651 651 195 185 652 652 194 187 653 653 192 0 654 654 193 186 655 655 194 187 656 656 194 187 657 657 195 185 658 658 203 188 659 659 195 185 660 660 182 182 661 661 204 189 662 662 182 182 663 663 196 184 664 664 197 181 665 665 205 190 666 666 206 191 667 667 207 192 668 668 206 191 669 669 208 193 670 670 207 192 671 671 209 194 672 672 210 195 673 673 211 196 674 674 210 195 675 675 212 197 676 676 211 196 677 677 213 198 678 678 214 199 679 679 215 200 680 680 214 199 681 681 216 201 682 682 215 200 683 683 217 202 684 684 218 203 685 685 219 204 686 686 217 202 687 687 219 204 688 688 222 205 689 689 221 206 690 690 217 202 691 691 222 205 692 692 217 202 693 693 221 206 694 694 264 207 695 695 263 208 696 696 217 202 697 697 264 207 698 698 217 202 699 699 263 208 700 700 218 203 701 701 263 208 702 702 270 209 703 703 218 203 704 704 301 210 705 705 270 209 706 706 263 208 707 707 300 211 708 708 301 210 709 709 263 208 710 710 300 211 711 711 263 208 712 712 264 207 713 713 299 212 714 714 300 211 715 715 264 207 716 716 218 203 717 717 220 213 718 718 219 204 719 719 220 213 720 720 218 203 721 721 244 214 722 722 243 215 723 723 220 213 724 724 244 214 725 725 243 215 726 726 244 214 727 727 242 216 728 728 241 217 729 729 243 215 730 730 242 216 731 731 241 217 732 732 242 216 733 733 240 218 734 734 239 219 735 735 241 217 736 736 240 218 737 737 239 219 738 738 240 218 739 739 238 220 740 740 237 221 741 741 239 219 742 742 238 220 743 743 237 221 744 744 238 220 745 745 236 222 746 746 235 223 747 747 237 221 748 748 236 222 749 749 235 223 750 750 236 222 751 751 234 224 752 752 233 225 753 753 235 223 754 754 234 224 755 755 233 225 756 756 234 224 757 757 232 226 758 758 231 227 759 759 233 225 760 760 232 226 761 761 231 227 762 762 232 226 763 763 230 228 764 764 229 229 765 765 231 227 766 766 230 228 767 767 229 229 768 768 230 228 769 769 228 230 770 770 227 231 771 771 229 229 772 772 228 230 773 773 227 231 774 774 228 230 775 775 223 232 776 776 225 233 777 777 227 231 778 778 223 232 779 779 223 232 780 780 224 234 781 781 225 233 782 782 224 234 783 783 223 232 784 784 298 235 785 785 223 232 786 786 296 236 787 787 298 235 788 788 223 232 789 789 262 237 790 790 296 236 791 791 223 232 792 792 228 230 793 793 262 237 794 794 228 230 795 795 230 228 796 796 262 237 797 797 230 228 798 798 261 238 799 799 262 237 800 800 230 228 801 801 232 226 802 802 261 238 803 803 232 226 804 804 259 239 805 805 261 238 806 806 232 226 807 807 234 224 808 808 259 239 809 809 234 224 810 810 260 240 811 811 259 239 812 812 234 224 813 813 236 222 814 814 260 240 815 815 236 222 816 816 269 241 817 817 260 240 818 818 236 222 819 819 238 220 820 820 269 241 821 821 238 220 822 822 268 242 823 823 269 241 824 824 238 220 825 825 240 218 826 826 268 242 827 827 240 218 828 828 267 243 829 829 268 242 830 830 240 218 831 831 242 216 832 832 267 243 833 833 242 216 834 834 266 244 835 835 267 243 836 836 242 216 837 837 244 214 838 838 266 244 839 839 244 214 840 840 265 245 841 841 266 244 842 842 244 214 843 843 218 203 844 844 265 245 845 845 265 245 846 846 218 203 847 847 270 209 848 848 303 246 849 849 265 245 850 850 270 209 851 851 303 246 852 852 270 209 853 853 301 210 854 854 302 247 855 855 303 246 856 856 301 210 857 857 305 248 858 858 303 246 859 859 302 247 860 860 304 249 861 861 305 248 862 862 302 247 863 863 307 250 864 864 305 248 865 865 304 249 866 866 306 251 867 867 307 250 868 868 304 249 869 869 309 252 870 870 307 250 871 871 306 251 872 872 308 253 873 873 309 252 874 874 306 251 875 875 288 254 876 876 309 252 877 877 308 253 878 878 287 255 879 879 288 254 880 880 308 253 881 881 286 256 882 882 288 254 883 883 287 255 884 884 285 257 885 885 286 256 886 886 287 255 887 887 290 258 888 888 286 256 889 889 285 257 890 890 289 259 891 891 290 258 892 892 285 257 893 893 292 260 894 894 290 258 895 895 289 259 896 896 291 261 897 897 292 260 898 898 289 259 899 899 294 262 900 900 292 260 901 901 291 261 902 902 293 263 903 903 294 262 904 904 291 261 905 905 296 236 906 906 294 262 907 907 293 263 908 908 295 264 909 909 296 236 910 910 293 263 911 911 295 264 912 912 297 265 913 913 296 236 914 914 297 265 915 915 298 235 916 916 296 236 917 917 262 237 918 918 294 262 919 919 296 236 920 920 294 262 921 921 262 237 922 922 292 260 923 923 262 237 924 924 261 238 925 925 292 260 926 926 292 260 927 927 261 238 928 928 290 258 929 929 261 238 930 930 259 239 931 931 290 258 932 932 290 258 933 933 259 239 934 934 286 256 935 935 259 239 936 936 260 240 937 937 286 256 938 938 286 256 939 939 260 240 940 940 288 254 941 941 260 240 942 942 269 241 943 943 288 254 944 944 288 254 945 945 269 241 946 946 309 252 947 947 269 241 948 948 268 242 949 949 309 252 950 950 309 252 951 951 268 242 952 952 307 250 953 953 268 242 954 954 267 243 955 955 307 250 956 956 307 250 957 957 267 243 958 958 305 248 959 959 267 243 960 960 266 244 961 961 305 248 962 962 305 248 963 963 266 244 964 964 303 246 965 965 266 244 966 966 265 245 967 967 303 246 968 968 224 234 969 969 226 266 970 970 225 233 971 971 245 267 972 972 246 268 973 973 247 269 974 974 248 270 975 975 245 267 976 976 247 269 977 977 249 271 978 978 248 270 979 979 247 269 980 980 250 122 981 981 249 271 982 982 247 269 983 983 251 122 984 984 250 122 985 985 247 269 986 986 252 122 987 987 251 122 988 988 247 269 989 989 253 122 990 990 252 122 991 991 247 269 992 992 254 122 993 993 253 122 994 994 247 269 995 995 255 122 996 996 254 122 997 997 247 269 998 998 256 122 999 999 255 122 1000 1000 247 269 1001 1001 257 122 1002 1002 256 122 1003 1003 247 269 1004 1004 258 122 1005 1005 257 122 1006 1006 247 269 1007 1007 246 268 1008 1008 258 122 1009 1009 247 269 1010 1010 271 272 1011 1011 272 273 1012 1012 273 133 1013 1013 271 272 1014 1014 274 274 1015 1015 272 273 1016 1016 271 272 1017 1017 275 275 1018 1018 274 274 1019 1019 271 272 1020 1020 276 276 1021 1021 275 275 1022 1022 271 272 1023 1023 277 277 1024 1024 276 276 1025 1025 271 272 1026 1026 278 133 1027 1027 277 277 1028 1028 271 272 1029 1029 279 133 1030 1030 278 133 1031 1031 271 272 1032 1032 280 278 1033 1033 279 133 1034 1034 271 272 1035 1035 281 279 1036 1036 280 278 1037 1037 271 272 1038 1038 282 280 1039 1039 281 279 1040 1040 271 272 1041 1041 283 281 1042 1042 282 280 1043 1043 271 272 1044 1044 284 133 1045 1045 283 281 1046 1046 271 272 1047 1047 273 133 1048 1048 284 133 1049 1049 310 0 1050 1050 311 282 1051 1051 312 0 1052 1052 311 282 1053 1053 313 283 1054 1054 312 0 1055 1055 311 282 1056 1056 329 284 1057 1057 313 283 1058 1058 329 284 1059 1059 328 285 1060 1060 313 283 1061 1061 328 285 1062 1062 329 284 1063 1063 327 286 1064 1064 326 287 1065 1065 328 285 1066 1066 327 286 1067 1067 326 287 1068 1068 327 286 1069 1069 325 288 1070 1070 324 289 1071 1071 326 287 1072 1072 325 288 1073 1073 324 289 1074 1074 325 288 1075 1075 323 290 1076 1076 322 291 1077 1077 324 289 1078 1078 323 290 1079 1079 322 291 1080 1080 323 290 1081 1081 321 292 1082 1082 320 293 1083 1083 322 291 1084 1084 321 292 1085 1085 320 293 1086 1086 321 292 1087 1087 319 294 1088 1088 318 295 1089 1089 320 293 1090 1090 319 294 1091 1091 318 295 1092 1092 319 294 1093 1093 314 296 1094 1094 316 297 1095 1095 318 295 1096 1096 314 296 1097 1097 314 296 1098 1098 315 298 1099 1099 316 297 1100 1100 315 298 1101 1101 317 299 1102 1102 316 297 1103 1103 330 300 1104 1104 331 301 1105 1105 332 302 1106 1106 332 302 1107 1107 331 301 1108 1108 339 303 1109 1109 332 302 1110 1110 339 303 1111 1111 338 304 1112 1112 337 305 1113 1113 332 302 1114 1114 338 304 1115 1115 337 305 1116 1116 338 304 1117 1117 341 306 1118 1118 340 307 1119 1119 337 305 1120 1120 341 306 1121 1121 340 307 1122 1122 341 306 1123 1123 343 308 1124 1124 342 309 1125 1125 340 307 1126 1126 343 308 1127 1127 343 308 1128 1128 344 310 1129 1129 342 309 1130 1130 344 310 1131 1131 345 311 1132 1132 342 309 1133 1133 342 309 1134 1134 345 311 1135 1135 356 312 1136 1136 342 309 1137 1137 355 313 1138 1138 340 307 1139 1139 354 314 1140 1140 337 305 1141 1141 340 307 1142 1142 337 305 1143 1143 353 315 1144 1144 332 302 1145 1145 331 301 1146 1146 333 316 1147 1147 334 317 1148 1148 331 301 1149 1149 334 317 1150 1150 352 318 1151 1151 331 301 1152 1152 352 318 1153 1153 339 303 1154 1154 334 317 1155 1155 351 319 1156 1156 352 318 1157 1157 334 317 1158 1158 336 320 1159 1159 351 319 1160 1160 335 321 1161 1161 336 320 1162 1162 334 317 1163 1163 350 322 1164 1164 336 320 1165 1165 349 323 1166 1166 347 324 1167 1167 350 322 1168 1168 349 323 1169 1169 347 324 1170 1170 349 323 1171 1171 348 325 1172 1172 346 0 1173 1173 347 324 1174 1174 348 325 1175 1175 348 325 1176 1176 349 323 1177 1177 357 326 1178 1178 349 323 1179 1179 336 320 1180 1180 358 327 1181 1181 336 320 1182 1182 350 322 1183 1183 351 319 1184 1184 359 328 1185 1185 360 329 1186 1186 361 330 1187 1187 360 329 1188 1188 362 331 1189 1189 361 330 1190 1190 363 332 1191 1191 364 333 1192 1192 365 334 1193 1193 364 333 1194 1194 366 335 1195 1195 365 334 1196 1196 367 336 1197 1197 368 337 1198 1198 369 338 1199 1199 368 337 1200 1200 370 339 1201 1201 369 338 1202 1202 371 340 1203 1203 372 341 1204 1204 373 342 1205 1205 371 340 1206 1206 373 342 1207 1207 376 343 1208 1208 375 344 1209 1209 371 340 1210 1210 376 343 1211 1211 371 340 1212 1212 375 344 1213 1213 418 345 1214 1214 417 346 1215 1215 371 340 1216 1216 418 345 1217 1217 371 340 1218 1218 417 346 1219 1219 372 341 1220 1220 417 346 1221 1221 424 347 1222 1222 372 341 1223 1223 455 348 1224 1224 424 347 1225 1225 417 346 1226 1226 454 349 1227 1227 455 348 1228 1228 417 346 1229 1229 454 349 1230 1230 417 346 1231 1231 418 345 1232 1232 453 350 1233 1233 454 349 1234 1234 418 345 1235 1235 372 341 1236 1236 374 351 1237 1237 373 342 1238 1238 374 351 1239 1239 372 341 1240 1240 398 352 1241 1241 397 353 1242 1242 374 351 1243 1243 398 352 1244 1244 397 353 1245 1245 398 352 1246 1246 396 354 1247 1247 395 355 1248 1248 397 353 1249 1249 396 354 1250 1250 395 355 1251 1251 396 354 1252 1252 394 356 1253 1253 393 357 1254 1254 395 355 1255 1255 394 356 1256 1256 393 357 1257 1257 394 356 1258 1258 392 358 1259 1259 391 359 1260 1260 393 357 1261 1261 392 358 1262 1262 391 359 1263 1263 392 358 1264 1264 390 360 1265 1265 389 361 1266 1266 391 359 1267 1267 390 360 1268 1268 389 361 1269 1269 390 360 1270 1270 388 362 1271 1271 387 363 1272 1272 389 361 1273 1273 388 362 1274 1274 387 363 1275 1275 388 362 1276 1276 386 364 1277 1277 385 365 1278 1278 387 363 1279 1279 386 364 1280 1280 385 365 1281 1281 386 364 1282 1282 384 366 1283 1283 383 367 1284 1284 385 365 1285 1285 384 366 1286 1286 383 367 1287 1287 384 366 1288 1288 382 368 1289 1289 381 369 1290 1290 383 367 1291 1291 382 368 1292 1292 381 369 1293 1293 382 368 1294 1294 377 370 1295 1295 379 371 1296 1296 381 369 1297 1297 377 370 1298 1298 377 370 1299 1299 378 372 1300 1300 379 371 1301 1301 378 372 1302 1302 377 370 1303 1303 452 373 1304 1304 377 370 1305 1305 450 374 1306 1306 452 373 1307 1307 377 370 1308 1308 416 375 1309 1309 450 374 1310 1310 377 370 1311 1311 382 368 1312 1312 416 375 1313 1313 382 368 1314 1314 384 366 1315 1315 416 375 1316 1316 384 366 1317 1317 415 376 1318 1318 416 375 1319 1319 384 366 1320 1320 386 364 1321 1321 415 376 1322 1322 386 364 1323 1323 413 377 1324 1324 415 376 1325 1325 386 364 1326 1326 388 362 1327 1327 413 377 1328 1328 388 362 1329 1329 414 378 1330 1330 413 377 1331 1331 388 362 1332 1332 390 360 1333 1333 414 378 1334 1334 390 360 1335 1335 423 379 1336 1336 414 378 1337 1337 390 360 1338 1338 392 358 1339 1339 423 379 1340 1340 392 358 1341 1341 422 380 1342 1342 423 379 1343 1343 392 358 1344 1344 394 356 1345 1345 422 380 1346 1346 394 356 1347 1347 421 381 1348 1348 422 380 1349 1349 394 356 1350 1350 396 354 1351 1351 421 381 1352 1352 396 354 1353 1353 420 382 1354 1354 421 381 1355 1355 396 354 1356 1356 398 352 1357 1357 420 382 1358 1358 398 352 1359 1359 419 383 1360 1360 420 382 1361 1361 398 352 1362 1362 372 341 1363 1363 419 383 1364 1364 419 383 1365 1365 372 341 1366 1366 424 347 1367 1367 457 384 1368 1368 419 383 1369 1369 424 347 1370 1370 457 384 1371 1371 424 347 1372 1372 455 348 1373 1373 456 385 1374 1374 457 384 1375 1375 455 348 1376 1376 459 386 1377 1377 457 384 1378 1378 456 385 1379 1379 458 387 1380 1380 459 386 1381 1381 456 385 1382 1382 461 388 1383 1383 459 386 1384 1384 458 387 1385 1385 460 389 1386 1386 461 388 1387 1387 458 387 1388 1388 463 390 1389 1389 461 388 1390 1390 460 389 1391 1391 462 391 1392 1392 463 390 1393 1393 460 389 1394 1394 442 392 1395 1395 463 390 1396 1396 462 391 1397 1397 441 393 1398 1398 442 392 1399 1399 462 391 1400 1400 440 394 1401 1401 442 392 1402 1402 441 393 1403 1403 439 395 1404 1404 440 394 1405 1405 441 393 1406 1406 444 396 1407 1407 440 394 1408 1408 439 395 1409 1409 443 397 1410 1410 444 396 1411 1411 439 395 1412 1412 446 398 1413 1413 444 396 1414 1414 443 397 1415 1415 445 399 1416 1416 446 398 1417 1417 443 397 1418 1418 448 400 1419 1419 446 398 1420 1420 445 399 1421 1421 447 401 1422 1422 448 400 1423 1423 445 399 1424 1424 450 374 1425 1425 448 400 1426 1426 447 401 1427 1427 449 402 1428 1428 450 374 1429 1429 447 401 1430 1430 449 402 1431 1431 451 403 1432 1432 450 374 1433 1433 451 403 1434 1434 452 373 1435 1435 450 374 1436 1436 416 375 1437 1437 448 400 1438 1438 450 374 1439 1439 448 400 1440 1440 416 375 1441 1441 446 398 1442 1442 416 375 1443 1443 415 376 1444 1444 446 398 1445 1445 446 398 1446 1446 415 376 1447 1447 444 396 1448 1448 415 376 1449 1449 413 377 1450 1450 444 396 1451 1451 444 396 1452 1452 413 377 1453 1453 440 394 1454 1454 413 377 1455 1455 414 378 1456 1456 440 394 1457 1457 440 394 1458 1458 414 378 1459 1459 442 392 1460 1460 414 378 1461 1461 423 379 1462 1462 442 392 1463 1463 442 392 1464 1464 423 379 1465 1465 463 390 1466 1466 423 379 1467 1467 422 380 1468 1468 463 390 1469 1469 463 390 1470 1470 422 380 1471 1471 461 388 1472 1472 422 380 1473 1473 421 381 1474 1474 461 388 1475 1475 461 388 1476 1476 421 381 1477 1477 459 386 1478 1478 421 381 1479 1479 420 382 1480 1480 459 386 1481 1481 459 386 1482 1482 420 382 1483 1483 457 384 1484 1484 420 382 1485 1485 419 383 1486 1486 457 384 1487 1487 378 372 1488 1488 380 404 1489 1489 379 371 1490 1490 399 405 1491 1491 400 122 1492 1492 401 406 1493 1493 402 407 1494 1494 399 405 1495 1495 401 406 1496 1496 403 122 1497 1497 402 407 1498 1498 401 406 1499 1499 404 122 1500 1500 403 122 1501 1501 401 406 1502 1502 405 122 1503 1503 404 122 1504 1504 401 406 1505 1505 406 122 1506 1506 405 122 1507 1507 401 406 1508 1508 407 122 1509 1509 406 122 1510 1510 401 406 1511 1511 408 122 1512 1512 407 122 1513 1513 401 406 1514 1514 409 122 1515 1515 408 122 1516 1516 401 406 1517 1517 410 122 1518 1518 409 122 1519 1519 401 406 1520 1520 411 122 1521 1521 410 122 1522 1522 401 406 1523 1523 412 122 1524 1524 411 122 1525 1525 401 406 1526 1526 400 122 1527 1527 412 122 1528 1528 401 406 1529 1529 425 408 1530 1530 426 133 1531 1531 427 133 1532 1532 425 408 1533 1533 428 133 1534 1534 426 133 1535 1535 425 408 1536 1536 429 409 1537 1537 428 133 1538 1538 425 408 1539 1539 430 410 1540 1540 429 409 1541 1541 425 408 1542 1542 431 411 1543 1543 430 410 1544 1544 425 408 1545 1545 432 412 1546 1546 431 411 1547 1547 425 408 1548 1548 433 413 1549 1549 432 412 1550 1550 425 408 1551 1551 434 414 1552 1552 433 413 1553 1553 425 408 1554 1554 435 415 1555 1555 434 414 1556 1556 425 408 1557 1557 436 416 1558 1558 435 415 1559 1559 425 408 1560 1560 437 417 1561 1561 436 416 1562 1562 425 408 1563 1563 438 418 1564 1564 437 417 1565 1565 425 408 1566 1566 427 133 1567 1567 438 418 1568 1568 464 0 1569 1569 465 419 1570 1570 466 0 1571 1571 465 419 1572 1572 467 420 1573 1573 466 0 1574 1574 465 419 1575 1575 483 421 1576 1576 467 420 1577 1577 483 421 1578 1578 482 422 1579 1579 467 420 1580 1580 482 422 1581 1581 483 421 1582 1582 481 423 1583 1583 480 424 1584 1584 482 422 1585 1585 481 423 1586 1586 480 424 1587 1587 481 423 1588 1588 479 425 1589 1589 478 426 1590 1590 480 424 1591 1591 479 425 1592 1592 478 426 1593 1593 479 425 1594 1594 477 427 1595 1595 476 428 1596 1596 478 426 1597 1597 477 427 1598 1598 476 428 1599 1599 477 427 1600 1600 475 429 1601 1601 474 430 1602 1602 476 428 1603 1603 475 429 1604 1604 474 430 1605 1605 475 429 1606 1606 473 25 1607 1607 472 431 1608 1608 474 430 1609 1609 473 25 1610 1610 472 431 1611 1611 473 25 1612 1612 468 432 1613 1613 470 433 1614 1614 472 431 1615 1615 468 432 1616 1616 468 432 1617 1617 469 434 1618 1618 470 433 1619 1619 469 434 1620 1620 471 435 1621 1621 470 433 1622 1622 484 436 1623 1623 485 437 1624 1624 486 438 1625 1625 486 438 1626 1626 485 437 1627 1627 493 439 1628 1628 486 438 1629 1629 493 439 1630 1630 492 440 1631 1631 491 441 1632 1632 486 438 1633 1633 492 440 1634 1634 491 441 1635 1635 492 440 1636 1636 495 442 1637 1637 494 443 1638 1638 491 441 1639 1639 495 442 1640 1640 494 443 1641 1641 495 442 1642 1642 497 444 1643 1643 496 445 1644 1644 494 443 1645 1645 497 444 1646 1646 497 444 1647 1647 498 446 1648 1648 496 445 1649 1649 498 446 1650 1650 499 447 1651 1651 496 445 1652 1652 496 445 1653 1653 499 447 1654 1654 510 448 1655 1655 496 445 1656 1656 509 449 1657 1657 494 443 1658 1658 508 450 1659 1659 491 441 1660 1660 494 443 1661 1661 491 441 1662 1662 507 451 1663 1663 486 438 1664 1664 485 437 1665 1665 487 452 1666 1666 488 453 1667 1667 485 437 1668 1668 488 453 1669 1669 506 37 1670 1670 485 437 1671 1671 506 37 1672 1672 493 439 1673 1673 488 453 1674 1674 505 454 1675 1675 506 37 1676 1676 488 453 1677 1677 490 455 1678 1678 505 454 1679 1679 489 456 1680 1680 490 455 1681 1681 488 453 1682 1682 504 457 1683 1683 490 455 1684 1684 503 458 1685 1685 501 459 1686 1686 504 457 1687 1687 503 458 1688 1688 501 459 1689 1689 503 458 1690 1690 502 460 1691 1691 500 0 1692 1692 501 459 1693 1693 502 460 1694 1694 502 460 1695 1695 503 458 1696 1696 511 461 1697 1697 503 458 1698 1698 490 455 1699 1699 512 462 1700 1700 490 455 1701 1701 504 457 1702 1702 505 454 1703 1703 513 463 1704 1704 514 464 1705 1705 515 465 1706 1706 514 464 1707 1707 516 466 1708 1708 515 465 1709 1709 517 467 1710 1710 518 468 1711 1711 519 469 1712 1712 518 468 1713 1713 520 470 1714 1714 519 469 1715 1715 521 471 1716 1716 522 472 1717 1717 523 473 1718 1718 522 472 1719 1719 524 474 1720 1720 523 473 1721 1721 525 475 1722 1722 526 476 1723 1723 527 477 1724 1724 525 475 1725 1725 527 477 1726 1726 530 205 1727 1727 529 478 1728 1728 525 475 1729 1729 530 205 1730 1730 525 475 1731 1731 529 478 1732 1732 572 479 1733 1733 571 480 1734 1734 525 475 1735 1735 572 479 1736 1736 525 475 1737 1737 571 480 1738 1738 526 476 1739 1739 571 480 1740 1740 578 481 1741 1741 526 476 1742 1742 609 482 1743 1743 578 481 1744 1744 571 480 1745 1745 608 483 1746 1746 609 482 1747 1747 571 480 1748 1748 608 483 1749 1749 571 480 1750 1750 572 479 1751 1751 607 484 1752 1752 608 483 1753 1753 572 479 1754 1754 526 476 1755 1755 528 485 1756 1756 527 477 1757 1757 528 485 1758 1758 526 476 1759 1759 552 486 1760 1760 551 487 1761 1761 528 485 1762 1762 552 486 1763 1763 551 487 1764 1764 552 486 1765 1765 550 488 1766 1766 549 489 1767 1767 551 487 1768 1768 550 488 1769 1769 549 489 1770 1770 550 488 1771 1771 548 490 1772 1772 547 491 1773 1773 549 489 1774 1774 548 490 1775 1775 547 491 1776 1776 548 490 1777 1777 546 492 1778 1778 545 493 1779 1779 547 491 1780 1780 546 492 1781 1781 545 493 1782 1782 546 492 1783 1783 544 494 1784 1784 543 495 1785 1785 545 493 1786 1786 544 494 1787 1787 543 495 1788 1788 544 494 1789 1789 542 496 1790 1790 541 497 1791 1791 543 495 1792 1792 542 496 1793 1793 541 497 1794 1794 542 496 1795 1795 540 498 1796 1796 539 499 1797 1797 541 497 1798 1798 540 498 1799 1799 539 499 1800 1800 540 498 1801 1801 538 500 1802 1802 537 501 1803 1803 539 499 1804 1804 538 500 1805 1805 537 501 1806 1806 538 500 1807 1807 536 502 1808 1808 535 503 1809 1809 537 501 1810 1810 536 502 1811 1811 535 503 1812 1812 536 502 1813 1813 531 504 1814 1814 533 505 1815 1815 535 503 1816 1816 531 504 1817 1817 531 504 1818 1818 532 506 1819 1819 533 505 1820 1820 532 506 1821 1821 531 504 1822 1822 606 507 1823 1823 531 504 1824 1824 604 508 1825 1825 606 507 1826 1826 531 504 1827 1827 570 509 1828 1828 604 508 1829 1829 531 504 1830 1830 536 502 1831 1831 570 509 1832 1832 536 502 1833 1833 538 500 1834 1834 570 509 1835 1835 538 500 1836 1836 569 510 1837 1837 570 509 1838 1838 538 500 1839 1839 540 498 1840 1840 569 510 1841 1841 540 498 1842 1842 567 511 1843 1843 569 510 1844 1844 540 498 1845 1845 542 496 1846 1846 567 511 1847 1847 542 496 1848 1848 568 512 1849 1849 567 511 1850 1850 542 496 1851 1851 544 494 1852 1852 568 512 1853 1853 544 494 1854 1854 577 513 1855 1855 568 512 1856 1856 544 494 1857 1857 546 492 1858 1858 577 513 1859 1859 546 492 1860 1860 576 514 1861 1861 577 513 1862 1862 546 492 1863 1863 548 490 1864 1864 576 514 1865 1865 548 490 1866 1866 575 515 1867 1867 576 514 1868 1868 548 490 1869 1869 550 488 1870 1870 575 515 1871 1871 550 488 1872 1872 574 516 1873 1873 575 515 1874 1874 550 488 1875 1875 552 486 1876 1876 574 516 1877 1877 552 486 1878 1878 573 517 1879 1879 574 516 1880 1880 552 486 1881 1881 526 476 1882 1882 573 517 1883 1883 573 517 1884 1884 526 476 1885 1885 578 481 1886 1886 611 518 1887 1887 573 517 1888 1888 578 481 1889 1889 611 518 1890 1890 578 481 1891 1891 609 482 1892 1892 610 519 1893 1893 611 518 1894 1894 609 482 1895 1895 613 520 1896 1896 611 518 1897 1897 610 519 1898 1898 612 521 1899 1899 613 520 1900 1900 610 519 1901 1901 615 522 1902 1902 613 520 1903 1903 612 521 1904 1904 614 523 1905 1905 615 522 1906 1906 612 521 1907 1907 617 524 1908 1908 615 522 1909 1909 614 523 1910 1910 616 525 1911 1911 617 524 1912 1912 614 523 1913 1913 596 526 1914 1914 617 524 1915 1915 616 525 1916 1916 595 527 1917 1917 596 526 1918 1918 616 525 1919 1919 594 528 1920 1920 596 526 1921 1921 595 527 1922 1922 593 529 1923 1923 594 528 1924 1924 595 527 1925 1925 598 530 1926 1926 594 528 1927 1927 593 529 1928 1928 597 531 1929 1929 598 530 1930 1930 593 529 1931 1931 600 532 1932 1932 598 530 1933 1933 597 531 1934 1934 599 533 1935 1935 600 532 1936 1936 597 531 1937 1937 602 534 1938 1938 600 532 1939 1939 599 533 1940 1940 601 535 1941 1941 602 534 1942 1942 599 533 1943 1943 604 508 1944 1944 602 534 1945 1945 601 535 1946 1946 603 536 1947 1947 604 508 1948 1948 601 535 1949 1949 603 536 1950 1950 605 537 1951 1951 604 508 1952 1952 605 537 1953 1953 606 507 1954 1954 604 508 1955 1955 570 509 1956 1956 602 534 1957 1957 604 508 1958 1958 602 534 1959 1959 570 509 1960 1960 600 532 1961 1961 570 509 1962 1962 569 510 1963 1963 600 532 1964 1964 600 532 1965 1965 569 510 1966 1966 598 530 1967 1967 569 510 1968 1968 567 511 1969 1969 598 530 1970 1970 598 530 1971 1971 567 511 1972 1972 594 528 1973 1973 567 511 1974 1974 568 512 1975 1975 594 528 1976 1976 594 528 1977 1977 568 512 1978 1978 596 526 1979 1979 568 512 1980 1980 577 513 1981 1981 596 526 1982 1982 596 526 1983 1983 577 513 1984 1984 617 524 1985 1985 577 513 1986 1986 576 514 1987 1987 617 524 1988 1988 617 524 1989 1989 576 514 1990 1990 615 522 1991 1991 576 514 1992 1992 575 515 1993 1993 615 522 1994 1994 615 522 1995 1995 575 515 1996 1996 613 520 1997 1997 575 515 1998 1998 574 516 1999 1999 613 520 2000 2000 613 520 2001 2001 574 516 2002 2002 611 518 2003 2003 574 516 2004 2004 573 517 2005 2005 611 518 2006 2006 532 506 2007 2007 534 538 2008 2008 533 505 2009 2009 553 539 2010 2010 554 540 2011 2011 555 541 2012 2012 556 542 2013 2013 553 539 2014 2014 555 541 2015 2015 557 543 2016 2016 556 542 2017 2017 555 541 2018 2018 558 544 2019 2019 557 543 2020 2020 555 541 2021 2021 559 545 2022 2022 558 544 2023 2023 555 541 2024 2024 560 546 2025 2025 559 545 2026 2026 555 541 2027 2027 561 122 2028 2028 560 546 2029 2029 555 541 2030 2030 562 122 2031 2031 561 122 2032 2032 555 541 2033 2033 563 547 2034 2034 562 122 2035 2035 555 541 2036 2036 564 548 2037 2037 563 547 2038 2038 555 541 2039 2039 565 549 2040 2040 564 548 2041 2041 555 541 2042 2042 566 550 2043 2043 565 549 2044 2044 555 541 2045 2045 554 540 2046 2046 566 550 2047 2047 555 541 2048 2048 579 551 2049 2049 580 552 2050 2050 581 133 2051 2051 579 551 2052 2052 582 553 2053 2053 580 552 2054 2054 579 551 2055 2055 583 554 2056 2056 582 553 2057 2057 579 551 2058 2058 584 555 2059 2059 583 554 2060 2060 579 551 2061 2061 585 556 2062 2062 584 555 2063 2063 579 551 2064 2064 586 557 2065 2065 585 556 2066 2066 579 551 2067 2067 587 133 2068 2068 586 557 2069 2069 579 551 2070 2070 588 558 2071 2071 587 133 2072 2072 579 551 2073 2073 589 559 2074 2074 588 558 2075 2075 579 551 2076 2076 590 560 2077 2077 589 559 2078 2078 579 551 2079 2079 591 561 2080 2080 590 560 2081 2081 579 551 2082 2082 592 562 2083 2083 591 561 2084 2084 579 551 2085 2085 581 133 2086 2086 592 562 2087 2087 618 0 2088 2088 619 563 2089 2089 620 0 2090 2090 619 563 2091 2091 621 564 2092 2092 620 0 2093 2093 619 563 2094 2094 637 565 2095 2095 621 564 2096 2096 637 565 2097 2097 636 566 2098 2098 621 564 2099 2099 636 566 2100 2100 637 565 2101 2101 635 567 2102 2102 634 568 2103 2103 636 566 2104 2104 635 567 2105 2105 634 568 2106 2106 635 567 2107 2107 633 569 2108 2108 632 570 2109 2109 634 568 2110 2110 633 569 2111 2111 632 570 2112 2112 633 569 2113 2113 631 571 2114 2114 630 572 2115 2115 632 570 2116 2116 631 571 2117 2117 630 572 2118 2118 631 571 2119 2119 629 573 2120 2120 628 574 2121 2121 630 572 2122 2122 629 573 2123 2123 628 574 2124 2124 629 573 2125 2125 627 575 2126 2126 626 576 2127 2127 628 574 2128 2128 627 575 2129 2129 626 576 2130 2130 627 575 2131 2131 622 577 2132 2132 624 578 2133 2133 626 576 2134 2134 622 577 2135 2135 622 577 2136 2136 623 579 2137 2137 624 578 2138 2138 623 579 2139 2139 625 580 2140 2140 624 578 2141 2141 638 581 2142 2142 639 582 2143 2143 640 583 2144 2144 640 583 2145 2145 639 582 2146 2146 647 584 2147 2147 640 583 2148 2148 647 584 2149 2149 646 585 2150 2150 645 586 2151 2151 640 583 2152 2152 646 585 2153 2153 645 586 2154 2154 646 585 2155 2155 649 587 2156 2156 648 588 2157 2157 645 586 2158 2158 649 587 2159 2159 648 588 2160 2160 649 587 2161 2161 651 589 2162 2162 650 590 2163 2163 648 588 2164 2164 651 589 2165 2165 651 589 2166 2166 652 591 2167 2167 650 590 2168 2168 652 591 2169 2169 653 592 2170 2170 650 590 2171 2171 650 590 2172 2172 653 592 2173 2173 664 593 2174 2174 650 590 2175 2175 663 594 2176 2176 648 588 2177 2177 662 595 2178 2178 645 586 2179 2179 648 588 2180 2180 645 586 2181 2181 661 596 2182 2182 640 583 2183 2183 639 582 2184 2184 641 597 2185 2185 642 598 2186 2186 639 582 2187 2187 642 598 2188 2188 660 599 2189 2189 639 582 2190 2190 660 599 2191 2191 647 584 2192 2192 642 598 2193 2193 659 600 2194 2194 660 599 2195 2195 642 598 2196 2196 644 601 2197 2197 659 600 2198 2198 643 602 2199 2199 644 601 2200 2200 642 598 2201 2201 658 603 2202 2202 644 601 2203 2203 657 604 2204 2204 655 605 2205 2205 658 603 2206 2206 657 604 2207 2207 655 605 2208 2208 657 604 2209 2209 656 606 2210 2210 654 0 2211 2211 655 605 2212 2212 656 606 2213 2213 656 606 2214 2214 657 604 2215 2215 665 607 2216 2216 657 604 2217 2217 644 601 2218 2218 666 608 2219 2219 644 601 2220 2220 658 603 2221 2221 659 600 2222 2222 667 609 2223 2223 668 610 2224 2224 669 611 2225 2225 668 610 2226 2226 670 612 2227 2227 669 611 2228 2228 671 613 2229 2229 672 614 2230 2230 673 615 2231 2231 672 614 2232 2232 674 616 2233 2233 673 615 2234 2234 675 617 2235 2235 676 618 2236 2236 677 619 2237 2237 676 618 2238 2238 678 620 2239 2239 677 619 2240 2240 679 621 2241 2241 680 622 2242 2242 681 623 2243 2243 679 621 2244 2244 681 623 2245 2245 684 624 2246 2246 683 625 2247 2247 679 621 2248 2248 684 624 2249 2249 679 621 2250 2250 683 625 2251 2251 726 626 2252 2252 725 627 2253 2253 679 621 2254 2254 726 626 2255 2255 679 621 2256 2256 725 627 2257 2257 680 622 2258 2258 725 627 2259 2259 732 628 2260 2260 680 622 2261 2261 763 629 2262 2262 732 628 2263 2263 725 627 2264 2264 762 630 2265 2265 763 629 2266 2266 725 627 2267 2267 762 630 2268 2268 725 627 2269 2269 726 626 2270 2270 761 631 2271 2271 762 630 2272 2272 726 626 2273 2273 680 622 2274 2274 682 632 2275 2275 681 623 2276 2276 682 632 2277 2277 680 622 2278 2278 706 633 2279 2279 705 634 2280 2280 682 632 2281 2281 706 633 2282 2282 705 634 2283 2283 706 633 2284 2284 704 635 2285 2285 703 636 2286 2286 705 634 2287 2287 704 635 2288 2288 703 636 2289 2289 704 635 2290 2290 702 637 2291 2291 701 638 2292 2292 703 636 2293 2293 702 637 2294 2294 701 638 2295 2295 702 637 2296 2296 700 639 2297 2297 699 640 2298 2298 701 638 2299 2299 700 639 2300 2300 699 640 2301 2301 700 639 2302 2302 698 641 2303 2303 697 642 2304 2304 699 640 2305 2305 698 641 2306 2306 697 642 2307 2307 698 641 2308 2308 696 643 2309 2309 695 644 2310 2310 697 642 2311 2311 696 643 2312 2312 695 644 2313 2313 696 643 2314 2314 694 645 2315 2315 693 646 2316 2316 695 644 2317 2317 694 645 2318 2318 693 646 2319 2319 694 645 2320 2320 692 647 2321 2321 691 648 2322 2322 693 646 2323 2323 692 647 2324 2324 691 648 2325 2325 692 647 2326 2326 690 649 2327 2327 689 650 2328 2328 691 648 2329 2329 690 649 2330 2330 689 650 2331 2331 690 649 2332 2332 685 651 2333 2333 687 652 2334 2334 689 650 2335 2335 685 651 2336 2336 685 651 2337 2337 686 653 2338 2338 687 652 2339 2339 686 653 2340 2340 685 651 2341 2341 760 654 2342 2342 685 651 2343 2343 758 655 2344 2344 760 654 2345 2345 685 651 2346 2346 724 656 2347 2347 758 655 2348 2348 685 651 2349 2349 690 649 2350 2350 724 656 2351 2351 690 649 2352 2352 692 647 2353 2353 724 656 2354 2354 692 647 2355 2355 723 657 2356 2356 724 656 2357 2357 692 647 2358 2358 694 645 2359 2359 723 657 2360 2360 694 645 2361 2361 721 658 2362 2362 723 657 2363 2363 694 645 2364 2364 696 643 2365 2365 721 658 2366 2366 696 643 2367 2367 722 659 2368 2368 721 658 2369 2369 696 643 2370 2370 698 641 2371 2371 722 659 2372 2372 698 641 2373 2373 731 660 2374 2374 722 659 2375 2375 698 641 2376 2376 700 639 2377 2377 731 660 2378 2378 700 639 2379 2379 730 661 2380 2380 731 660 2381 2381 700 639 2382 2382 702 637 2383 2383 730 661 2384 2384 702 637 2385 2385 729 662 2386 2386 730 661 2387 2387 702 637 2388 2388 704 635 2389 2389 729 662 2390 2390 704 635 2391 2391 728 663 2392 2392 729 662 2393 2393 704 635 2394 2394 706 633 2395 2395 728 663 2396 2396 706 633 2397 2397 727 664 2398 2398 728 663 2399 2399 706 633 2400 2400 680 622 2401 2401 727 664 2402 2402 727 664 2403 2403 680 622 2404 2404 732 628 2405 2405 765 665 2406 2406 727 664 2407 2407 732 628 2408 2408 765 665 2409 2409 732 628 2410 2410 763 629 2411 2411 764 666 2412 2412 765 665 2413 2413 763 629 2414 2414 767 667 2415 2415 765 665 2416 2416 764 666 2417 2417 766 668 2418 2418 767 667 2419 2419 764 666 2420 2420 769 669 2421 2421 767 667 2422 2422 766 668 2423 2423 768 670 2424 2424 769 669 2425 2425 766 668 2426 2426 771 671 2427 2427 769 669 2428 2428 768 670 2429 2429 770 672 2430 2430 771 671 2431 2431 768 670 2432 2432 750 673 2433 2433 771 671 2434 2434 770 672 2435 2435 749 674 2436 2436 750 673 2437 2437 770 672 2438 2438 748 675 2439 2439 750 673 2440 2440 749 674 2441 2441 747 676 2442 2442 748 675 2443 2443 749 674 2444 2444 752 677 2445 2445 748 675 2446 2446 747 676 2447 2447 751 678 2448 2448 752 677 2449 2449 747 676 2450 2450 754 679 2451 2451 752 677 2452 2452 751 678 2453 2453 753 680 2454 2454 754 679 2455 2455 751 678 2456 2456 756 681 2457 2457 754 679 2458 2458 753 680 2459 2459 755 682 2460 2460 756 681 2461 2461 753 680 2462 2462 758 655 2463 2463 756 681 2464 2464 755 682 2465 2465 757 683 2466 2466 758 655 2467 2467 755 682 2468 2468 757 683 2469 2469 759 684 2470 2470 758 655 2471 2471 759 684 2472 2472 760 654 2473 2473 758 655 2474 2474 724 656 2475 2475 756 681 2476 2476 758 655 2477 2477 756 681 2478 2478 724 656 2479 2479 754 679 2480 2480 724 656 2481 2481 723 657 2482 2482 754 679 2483 2483 754 679 2484 2484 723 657 2485 2485 752 677 2486 2486 723 657 2487 2487 721 658 2488 2488 752 677 2489 2489 752 677 2490 2490 721 658 2491 2491 748 675 2492 2492 721 658 2493 2493 722 659 2494 2494 748 675 2495 2495 748 675 2496 2496 722 659 2497 2497 750 673 2498 2498 722 659 2499 2499 731 660 2500 2500 750 673 2501 2501 750 673 2502 2502 731 660 2503 2503 771 671 2504 2504 731 660 2505 2505 730 661 2506 2506 771 671 2507 2507 771 671 2508 2508 730 661 2509 2509 769 669 2510 2510 730 661 2511 2511 729 662 2512 2512 769 669 2513 2513 769 669 2514 2514 729 662 2515 2515 767 667 2516 2516 729 662 2517 2517 728 663 2518 2518 767 667 2519 2519 767 667 2520 2520 728 663 2521 2521 765 665 2522 2522 728 663 2523 2523 727 664 2524 2524 765 665 2525 2525 686 653 2526 2526 688 685 2527 2527 687 652 2528 2528 707 122 2529 2529 708 122 2530 2530 709 686 2531 2531 710 122 2532 2532 707 122 2533 2533 709 686 2534 2534 711 687 2535 2535 710 122 2536 2536 709 686 2537 2537 712 688 2538 2538 711 687 2539 2539 709 686 2540 2540 713 122 2541 2541 712 688 2542 2542 709 686 2543 2543 714 122 2544 2544 713 122 2545 2545 709 686 2546 2546 715 122 2547 2547 714 122 2548 2548 709 686 2549 2549 716 122 2550 2550 715 122 2551 2551 709 686 2552 2552 717 689 2553 2553 716 122 2554 2554 709 686 2555 2555 718 690 2556 2556 717 689 2557 2557 709 686 2558 2558 719 122 2559 2559 718 690 2560 2560 709 686 2561 2561 720 122 2562 2562 719 122 2563 2563 709 686 2564 2564 708 122 2565 2565 720 122 2566 2566 709 686 2567 2567 733 691 2568 2568 734 692 2569 2569 735 133 2570 2570 733 691 2571 2571 736 693 2572 2572 734 692 2573 2573 733 691 2574 2574 737 694 2575 2575 736 693 2576 2576 733 691 2577 2577 738 695 2578 2578 737 694 2579 2579 733 691 2580 2580 739 696 2581 2581 738 695 2582 2582 733 691 2583 2583 740 133 2584 2584 739 696 2585 2585 733 691 2586 2586 741 133 2587 2587 740 133 2588 2588 733 691 2589 2589 742 697 2590 2590 741 133 2591 2591 733 691 2592 2592 743 698 2593 2593 742 697 2594 2594 733 691 2595 2595 744 699 2596 2596 743 698 2597 2597 733 691 2598 2598 745 700 2599 2599 744 699 2600 2600 733 691 2601 2601 746 133 2602 2602 745 700 2603 2603 733 691 2604 2604 735 133 2605 2605 746 133 2606 2606 772 0 2607 2607 773 701 2608 2608 774 0 2609 2609 773 701 2610 2610 775 702 2611 2611 774 0 2612 2612 773 701 2613 2613 791 703 2614 2614 775 702 2615 2615 791 703 2616 2616 790 704 2617 2617 775 702 2618 2618 790 704 2619 2619 791 703 2620 2620 789 705 2621 2621 788 706 2622 2622 790 704 2623 2623 789 705 2624 2624 788 706 2625 2625 789 705 2626 2626 787 707 2627 2627 786 708 2628 2628 788 706 2629 2629 787 707 2630 2630 786 708 2631 2631 787 707 2632 2632 785 709 2633 2633 784 710 2634 2634 786 708 2635 2635 785 709 2636 2636 784 710 2637 2637 785 709 2638 2638 783 711 2639 2639 782 712 2640 2640 784 710 2641 2641 783 711 2642 2642 782 712 2643 2643 783 711 2644 2644 781 713 2645 2645 780 714 2646 2646 782 712 2647 2647 781 713 2648 2648 780 714 2649 2649 781 713 2650 2650 776 715 2651 2651 778 716 2652 2652 780 714 2653 2653 776 715 2654 2654 776 715 2655 2655 777 717 2656 2656 778 716 2657 2657 777 717 2658 2658 779 718 2659 2659 778 716 2660 2660 792 719 2661 2661 793 720 2662 2662 794 721 2663 2663 794 721 2664 2664 793 720 2665 2665 801 722 2666 2666 794 721 2667 2667 801 722 2668 2668 800 723 2669 2669 799 724 2670 2670 794 721 2671 2671 800 723 2672 2672 799 724 2673 2673 800 723 2674 2674 803 725 2675 2675 802 726 2676 2676 799 724 2677 2677 803 725 2678 2678 802 726 2679 2679 803 725 2680 2680 805 727 2681 2681 804 728 2682 2682 802 726 2683 2683 805 727 2684 2684 805 727 2685 2685 806 718 2686 2686 804 728 2687 2687 806 718 2688 2688 807 729 2689 2689 804 728 2690 2690 804 728 2691 2691 807 729 2692 2692 818 730 2693 2693 804 728 2694 2694 817 731 2695 2695 802 726 2696 2696 816 732 2697 2697 799 724 2698 2698 802 726 2699 2699 799 724 2700 2700 815 733 2701 2701 794 721 2702 2702 793 720 2703 2703 795 734 2704 2704 796 735 2705 2705 793 720 2706 2706 796 735 2707 2707 814 736 2708 2708 793 720 2709 2709 814 736 2710 2710 801 722 2711 2711 796 735 2712 2712 813 737 2713 2713 814 736 2714 2714 796 735 2715 2715 798 738 2716 2716 813 737 2717 2717 797 739 2718 2718 798 738 2719 2719 796 735 2720 2720 812 740 2721 2721 798 738 2722 2722 811 741 2723 2723 809 742 2724 2724 812 740 2725 2725 811 741 2726 2726 809 742 2727 2727 811 741 2728 2728 810 743 2729 2729 808 0 2730 2730 809 742 2731 2731 810 743 2732 2732 810 743 2733 2733 811 741 2734 2734 819 744 2735 2735 811 741 2736 2736 798 738 2737 2737 820 745 2738 2738 798 738 2739 2739 812 740 2740 2740 813 737 2741 2741 821 746 2742 2742 822 747 2743 2743 823 748 2744 2744 822 747 2745 2745 824 749 2746 2746 823 748 2747 2747 825 750 2748 2748 826 751 2749 2749 827 752 2750 2750 826 751 2751 2751 828 753 2752 2752 827 752 2753 2753 829 754 2754 2754 830 755 2755 2755 831 756 2756 2756 830 755 2757 2757 832 757 2758 2758 831 756 2759 2759 833 758 2760 2760 834 759 2761 2761 835 760 2762 2762 833 758 2763 2763 835 760 2764 2764 838 761 2765 2765 837 762 2766 2766 833 758 2767 2767 838 761 2768 2768 833 758 2769 2769 837 762 2770 2770 880 763 2771 2771 879 764 2772 2772 833 758 2773 2773 880 763 2774 2774 833 758 2775 2775 879 764 2776 2776 834 759 2777 2777 879 764 2778 2778 886 765 2779 2779 834 759 2780 2780 917 766 2781 2781 886 765 2782 2782 879 764 2783 2783 916 767 2784 2784 917 766 2785 2785 879 764 2786 2786 916 767 2787 2787 879 764 2788 2788 880 763 2789 2789 915 768 2790 2790 916 767 2791 2791 880 763 2792 2792 834 759 2793 2793 836 769 2794 2794 835 760 2795 2795 836 769 2796 2796 834 759 2797 2797 860 770 2798 2798 859 771 2799 2799 836 769 2800 2800 860 770 2801 2801 859 771 2802 2802 860 770 2803 2803 858 772 2804 2804 857 773 2805 2805 859 771 2806 2806 858 772 2807 2807 857 773 2808 2808 858 772 2809 2809 856 774 2810 2810 855 775 2811 2811 857 773 2812 2812 856 774 2813 2813 855 775 2814 2814 856 774 2815 2815 854 776 2816 2816 853 777 2817 2817 855 775 2818 2818 854 776 2819 2819 853 777 2820 2820 854 776 2821 2821 852 778 2822 2822 851 779 2823 2823 853 777 2824 2824 852 778 2825 2825 851 779 2826 2826 852 778 2827 2827 850 780 2828 2828 849 781 2829 2829 851 779 2830 2830 850 780 2831 2831 849 781 2832 2832 850 780 2833 2833 848 782 2834 2834 847 783 2835 2835 849 781 2836 2836 848 782 2837 2837 847 783 2838 2838 848 782 2839 2839 846 784 2840 2840 845 785 2841 2841 847 783 2842 2842 846 784 2843 2843 845 785 2844 2844 846 784 2845 2845 844 786 2846 2846 843 787 2847 2847 845 785 2848 2848 844 786 2849 2849 843 787 2850 2850 844 786 2851 2851 839 788 2852 2852 841 789 2853 2853 843 787 2854 2854 839 788 2855 2855 839 788 2856 2856 840 790 2857 2857 841 789 2858 2858 840 790 2859 2859 839 788 2860 2860 914 791 2861 2861 839 788 2862 2862 912 792 2863 2863 914 791 2864 2864 839 788 2865 2865 878 793 2866 2866 912 792 2867 2867 839 788 2868 2868 844 786 2869 2869 878 793 2870 2870 844 786 2871 2871 846 784 2872 2872 878 793 2873 2873 846 784 2874 2874 877 794 2875 2875 878 793 2876 2876 846 784 2877 2877 848 782 2878 2878 877 794 2879 2879 848 782 2880 2880 875 795 2881 2881 877 794 2882 2882 848 782 2883 2883 850 780 2884 2884 875 795 2885 2885 850 780 2886 2886 876 796 2887 2887 875 795 2888 2888 850 780 2889 2889 852 778 2890 2890 876 796 2891 2891 852 778 2892 2892 885 797 2893 2893 876 796 2894 2894 852 778 2895 2895 854 776 2896 2896 885 797 2897 2897 854 776 2898 2898 884 798 2899 2899 885 797 2900 2900 854 776 2901 2901 856 774 2902 2902 884 798 2903 2903 856 774 2904 2904 883 799 2905 2905 884 798 2906 2906 856 774 2907 2907 858 772 2908 2908 883 799 2909 2909 858 772 2910 2910 882 800 2911 2911 883 799 2912 2912 858 772 2913 2913 860 770 2914 2914 882 800 2915 2915 860 770 2916 2916 881 801 2917 2917 882 800 2918 2918 860 770 2919 2919 834 759 2920 2920 881 801 2921 2921 881 801 2922 2922 834 759 2923 2923 886 765 2924 2924 919 802 2925 2925 881 801 2926 2926 886 765 2927 2927 919 802 2928 2928 886 765 2929 2929 917 766 2930 2930 918 803 2931 2931 919 802 2932 2932 917 766 2933 2933 921 804 2934 2934 919 802 2935 2935 918 803 2936 2936 920 805 2937 2937 921 804 2938 2938 918 803 2939 2939 923 806 2940 2940 921 804 2941 2941 920 805 2942 2942 922 807 2943 2943 923 806 2944 2944 920 805 2945 2945 925 808 2946 2946 923 806 2947 2947 922 807 2948 2948 924 809 2949 2949 925 808 2950 2950 922 807 2951 2951 904 810 2952 2952 925 808 2953 2953 924 809 2954 2954 903 811 2955 2955 904 810 2956 2956 924 809 2957 2957 902 812 2958 2958 904 810 2959 2959 903 811 2960 2960 901 813 2961 2961 902 812 2962 2962 903 811 2963 2963 906 814 2964 2964 902 812 2965 2965 901 813 2966 2966 905 815 2967 2967 906 814 2968 2968 901 813 2969 2969 908 816 2970 2970 906 814 2971 2971 905 815 2972 2972 907 817 2973 2973 908 816 2974 2974 905 815 2975 2975 910 818 2976 2976 908 816 2977 2977 907 817 2978 2978 909 819 2979 2979 910 818 2980 2980 907 817 2981 2981 912 792 2982 2982 910 818 2983 2983 909 819 2984 2984 911 820 2985 2985 912 792 2986 2986 909 819 2987 2987 911 820 2988 2988 913 821 2989 2989 912 792 2990 2990 913 821 2991 2991 914 791 2992 2992 912 792 2993 2993 878 793 2994 2994 910 818 2995 2995 912 792 2996 2996 910 818 2997 2997 878 793 2998 2998 908 816 2999 2999 878 793 3000 3000 877 794 3001 3001 908 816 3002 3002 908 816 3003 3003 877 794 3004 3004 906 814 3005 3005 877 794 3006 3006 875 795 3007 3007 906 814 3008 3008 906 814 3009 3009 875 795 3010 3010 902 812 3011 3011 875 795 3012 3012 876 796 3013 3013 902 812 3014 3014 902 812 3015 3015 876 796 3016 3016 904 810 3017 3017 876 796 3018 3018 885 797 3019 3019 904 810 3020 3020 904 810 3021 3021 885 797 3022 3022 925 808 3023 3023 885 797 3024 3024 884 798 3025 3025 925 808 3026 3026 925 808 3027 3027 884 798 3028 3028 923 806 3029 3029 884 798 3030 3030 883 799 3031 3031 923 806 3032 3032 923 806 3033 3033 883 799 3034 3034 921 804 3035 3035 883 799 3036 3036 882 800 3037 3037 921 804 3038 3038 921 804 3039 3039 882 800 3040 3040 919 802 3041 3041 882 800 3042 3042 881 801 3043 3043 919 802 3044 3044 840 790 3045 3045 842 822 3046 3046 841 789 3047 3047 861 122 3048 3048 862 122 3049 3049 863 823 3050 3050 864 824 3051 3051 861 122 3052 3052 863 823 3053 3053 865 825 3054 3054 864 824 3055 3055 863 823 3056 3056 866 122 3057 3057 865 825 3058 3058 863 823 3059 3059 867 122 3060 3060 866 122 3061 3061 863 823 3062 3062 868 122 3063 3063 867 122 3064 3064 863 823 3065 3065 869 122 3066 3066 868 122 3067 3067 863 823 3068 3068 870 122 3069 3069 869 122 3070 3070 863 823 3071 3071 871 122 3072 3072 870 122 3073 3073 863 823 3074 3074 872 122 3075 3075 871 122 3076 3076 863 823 3077 3077 873 122 3078 3078 872 122 3079 3079 863 823 3080 3080 874 122 3081 3081 873 122 3082 3082 863 823 3083 3083 862 122 3084 3084 874 122 3085 3085 863 823 3086 3086 887 826 3087 3087 888 827 3088 3088 889 133 3089 3089 887 826 3090 3090 890 828 3091 3091 888 827 3092 3092 887 826 3093 3093 891 829 3094 3094 890 828 3095 3095 887 826 3096 3096 892 133 3097 3097 891 829 3098 3098 887 826 3099 3099 893 133 3100 3100 892 133 3101 3101 887 826 3102 3102 894 133 3103 3103 893 133 3104 3104 887 826 3105 3105 895 133 3106 3106 894 133 3107 3107 887 826 3108 3108 896 830 3109 3109 895 133 3110 3110 887 826 3111 3111 897 831 3112 3112 896 830 3113 3113 887 826 3114 3114 898 832 3115 3115 897 831 3116 3116 887 826 3117 3117 899 833 3118 3118 898 832 3119 3119 887 826 3120 3120 900 834 3121 3121 899 833 3122 3122 887 826 3123 3123 889 133 3124 3124 900 834 3125 3125</p>
        </triangles>
      </mesh>
    </geometry>
    <geometry id="ID100-mesh" name="ID100">
      <mesh>
        <source id="ID100-mesh-positions">
          <float_array id="ID100-mesh-positions-array" count="702">-680 -50 -1438.664 -480 -50 -1438.664 -680 50 -1438.664 -480 50 -1438.664 -280 -50 -1438.664 -280 50 -1438.664 -142.322 -50 -1438.664 0 -50 -1438.664 -142.322 20 -1438.664 0 20 -1438.664 142.322 -50 -1438.664 142.322 20 -1438.664 -4624.29 -50 -1438.664 -4424.29 -50 -1438.664 -4624.29 50 -1438.664 -4424.29 50 -1438.664 -4224.29 -50 -1438.664 -4224.29 50 -1438.664 -2522.322 -50 -1438.664 -2380 -50 -1438.664 -2522.322 20 -1438.664 -2380 20 -1438.664 -2237.678 -50 -1438.664 -2237.678 20 -1438.664 -3336.5 -50 -1268.906 -3136.5 -50 -1268.906 -3336.5 50 -1268.906 -3136.5 50 -1268.906 -2936.5 -50 -1268.906 -2936.5 50 -1268.906 -2122.322 -50 -1438.664 -1980 -50 -1438.664 -2122.322 20 -1438.664 -1980 20 -1438.664 -1837.678 -50 -1438.664 -1837.678 20 -1438.664 210 -50 -1438.664 410 -50 -1438.664 210 50 -1438.664 410 50 -1438.664 610 -50 -1438.664 610 50 -1438.664 827.678 -50 -1438.664 970 -50 -1438.664 827.678 20 -1438.664 970 20 -1438.664 1112.322 -50 -1438.664 1112.322 20 -1438.664 4096.32 -50 -1438.664 4296.32 -50 -1438.664 4096.32 50 -1438.664 4296.32 50 -1438.664 4496.32 -50 -1438.664 4496.32 50 -1438.664 4473.998 -50 -1438.664 4616.32 -50 -1438.664 4473.998 20 -1438.664 4616.32 20 -1438.664 4758.642 -50 -1438.664 4758.642 20 -1438.664 -5487.56 -50 -1558.664 0 -50 -1558.664 -5487.56 26.2872 -1558.664 0 26.2872 -1558.664 5487.56 -50 -1558.664 5487.56 26.2872 -1558.664 -355.653 -50 -1895.06 -155.653 -50 -1895.06 -355.653 50 -1895.06 -155.653 50 -1895.06 44.347 -50 -1895.06 44.347 50 -1895.06 1140 -50 -1438.664 1340 -50 -1438.664 1140 50 -1438.664 1340 50 -1438.664 1540 -50 -1438.664 1540 50 -1438.664 -720.238 -50 -1895.06 -577.916 -50 -1895.06 -720.238 20 -1895.06 -577.916 20 -1895.06 -435.594 -50 -1895.06 -435.594 20 -1895.06 1536.42 -50 -1728.429 1736.42 -50 -1728.429 1536.42 50 -1728.429 1736.42 50 -1728.429 1936.42 -50 -1728.429 1936.42 50 -1728.429 1002.94 -50 -1728.429 1202.94 -50 -1728.429 1002.94 50 -1728.429 1202.94 50 -1728.429 1402.94 -50 -1728.429 1402.94 50 -1728.429 2526.988 -50 -1794.43 2669.31 -50 -1794.43 2526.988 20 -1794.43 2669.31 20 -1794.43 2811.632 -50 -1794.43 2811.632 20 -1794.43 2142.77 -50 -1903.81 2342.77 -50 -1903.81 2142.77 50 -1903.81 2342.77 50 -1903.81 2542.77 -50 -1903.81 2542.77 50 -1903.81 3257.678 -50 -1912.17 3400 -50 -1912.17 3257.678 20 -1912.17 3400 20 -1912.17 3542.322 -50 -1912.17 3542.322 20 -1912.17 -2031.15 -50 -1969.53 -1831.15 -50 -1969.53 -2031.15 50 -1969.53 -1831.15 50 -1969.53 -1631.15 -50 -1969.53 -1631.15 50 -1969.53 -1099.003 -50 -1968.08 -956.681 -50 -1968.08 -1099.003 20 -1968.08 -956.681 20 -1968.08 -814.359 -50 -1968.08 -814.359 20 -1968.08 -4161.88 -50 -1874.23 -3961.88 -50 -1874.23 -4161.88 50 -1874.23 -3961.88 50 -1874.23 -3761.88 -50 -1874.23 -3761.88 50 -1874.23 -2374.742 -50 -1728.429 -2232.42 -50 -1728.429 -2374.742 20 -1728.429 -2232.42 20 -1728.429 -2090.098 -50 -1728.429 -2090.098 20 -1728.429 -3669.4 -50 -1928.29 -3469.4 -50 -1928.29 -3669.4 50 -1928.29 -3469.4 50 -1928.29 -3269.4 -50 -1928.29 -3269.4 50 -1928.29 -1704.972 -50 -1838.75 -1562.65 -50 -1838.75 -1704.972 20 -1838.75 -1562.65 20 -1838.75 -1420.328 -50 -1838.75 -1420.328 20 -1838.75 666.479 -50 -1946.9 866.479 -50 -1946.9 666.479 50 -1946.9 866.479 50 -1946.9 1066.479 -50 -1946.9 1066.479 50 -1946.9 410.345 -50 -1859.51 552.667 -50 -1859.51 410.345 20 -1859.51 552.667 20 -1859.51 694.989 -50 -1859.51 694.989 20 -1859.51 4466.24 -50 -1937.33 4666.24 -50 -1937.33 4466.24 50 -1937.33 4666.24 50 -1937.33 4866.24 -50 -1937.33 4866.24 50 -1937.33 4118.258 -50 -1802.23 4260.58 -50 -1802.23 4118.258 20 -1802.23 4260.58 20 -1802.23 4402.902 -50 -1802.23 4402.902 20 -1802.23 -5487.56 -50 -2243.81 0 -50 -2243.81 -5487.56 26.2872 -2243.81 0 26.2872 -2243.81 5487.56 -50 -2243.81 5487.56 26.2872 -2243.81 -3546.885 -50 -1219.064 -3392.8 -50 -1219.064 -3546.885 27.0422 -1219.064 -3392.8 27.0422 -1219.064 -3238.716 -50 -1219.064 -3238.716 27.0422 -1219.064 2308.46 -50 -1268.906 2508.46 -50 -1268.906 2308.46 50 -1268.906 2508.46 50 -1268.906 2708.46 -50 -1268.906 2708.46 50 -1268.906 2098.085 -50 -1219.064 2252.17 -50 -1219.064 2098.085 27.0422 -1219.064 2252.17 27.0422 -1219.064 2406.254 -50 -1219.064 2406.254 27.0422 -1219.064 1680 -50 -1438.664 1880 -50 -1438.664 1680 50 -1438.664 1880 50 -1438.664 2080 -50 -1438.664 2080 50 -1438.664 2217.678 -50 -1438.664 2360 -50 -1438.664 2217.678 20 -1438.664 2360 20 -1438.664 2502.322 -50 -1438.664 2502.322 20 -1438.664 2720 -50 -1438.664 2920 -50 -1438.664 2720 50 -1438.664 2920 50 -1438.664 3120 -50 -1438.664 3120 50 -1438.664 3257.678 -50 -1438.664 3400 -50 -1438.664 3257.678 20 -1438.664 3400 20 -1438.664 3542.322 -50 -1438.664 3542.322 20 -1438.664 -1830 -50 -1438.664 -1630 -50 -1438.664 -1830 50 -1438.664 -1630 50 -1438.664 -1430 -50 -1438.664 -1430 50 -1438.664 -1212.322 -50 -1438.664 -1070 -50 -1438.664 -1212.322 20 -1438.664 -1070 20 -1438.664 -927.678 -50 -1438.664 -927.678 20 -1438.664</float_array>
          <technique_common>
            <accessor source="#ID100-mesh-positions-array" count="234" stride="3">
              <param name="X" type="float"/>
              <param name="Y" type="float"/>
              <param name="Z" type="float"/>
            </accessor>
          </technique_common>
        </source>
        <source id="ID100-mesh-normals">
          <float_array id="ID100-mesh-normals-array" count="3">0 0 1</float_array>
          <technique_common>
            <accessor source="#ID100-mesh-normals-array" count="1" stride="3">
              <param name="X" type="float"/>
              <param name="Y" type="float"/>
              <param name="Z" type="float"/>
            </accessor>
          </technique_common>
        </source>
        <source id="ID100-mesh-map-0">
          <float_array id="ID100-mesh-map-0-array" count="936">0 0 1 0 0 0.5 1 0 1 0.5 0 0.5 1 0 0 0 1 0.5 0 0 0 0.5 1 0.5 0 0 0.758898 0 0 0.4 0.758898 0 0.758898 0.4 0 0.4 0.758898 0 0 0 0.758898 0.4 0 0 0 0.4 0.758898 0.4 0 0 1 0 0 0.5 1 0 1 0.5 0 0.5 1 0 0 0 1 0.5 0 0 0 0.5 1 0.5 0 0 0.758898 0 0 0.4 0.758898 0 0.758898 0.4 0 0.4 0.758898 0 0 0 0.758898 0.4 0 0 0 0.4 0.758898 0.4 0 0 1 0 0 0.5 1 0 1 0.5 0 0.5 1 0 0 0 1 0.5 0 0 0 0.5 1 0.5 0 0 0.758898 0 0 0.4 0.758898 0 0.758898 0.4 0 0.4 0.758898 0 0 0 0.758898 0.4 0 0 0 0.4 0.758898 0.4 0 0 1 0 0 0.5 1 0 1 0.5 0 0.5 1 0 0 0 1 0.5 0 0 0 0.5 1 0.5 0 0 0.758898 0 0 0.4 0.758898 0 0.758898 0.4 0 0.4 0.758898 0 0 0 0.758898 0.4 0 0 0 0.4 0.758898 0.4 0 0 1 0 0 0.5 1 0 1 0.5 0 0.5 1 0 0 0 1 0.5 0 0 0 0.5 1 0.5 0 0 0.758898 0 0 0.4 0.758898 0 0.758898 0.4 0 0.4 0.758898 0 0 0 0.758898 0.4 0 0 0 0.4 0.758898 0.4 -15.5 0.998305 16.5 0.998305 -15.5 0.498305 16.5 0.998305 16.5 0.498305 -15.5 0.498305 16.5 0.998305 -15.5 0.998305 16.5 0.498305 -15.5 0.998305 -15.5 0.498305 16.5 0.498305 0 0 1 0 0 0.5 1 0 1 0.5 0 0.5 1 0 0 0 1 0.5 0 0 0 0.5 1 0.5 0 0 1 0 0 0.5 1 0 1 0.5 0 0.5 1 0 0 0 1 0.5 0 0 0 0.5 1 0.5 0 0 0.758898 0 0 0.4 0.758898 0 0.758898 0.4 0 0.4 0.758898 0 0 0 0.758898 0.4 0 0 0 0.4 0.758898 0.4 0 0 1 0 0 0.5 1 0 1 0.5 0 0.5 1 0 0 0 1 0.5 0 0 0 0.5 1 0.5 0 0 1 0 0 0.5 1 0 1 0.5 0 0.5 1 0 0 0 1 0.5 0 0 0 0.5 1 0.5 0 0 0.758898 0 0 0.4 0.758898 0 0.758898 0.4 0 0.4 0.758898 0 0 0 0.758898 0.4 0 0 0 0.4 0.758898 0.4 0 0 1 0 0 0.5 1 0 1 0.5 0 0.5 1 0 0 0 1 0.5 0 0 0 0.5 1 0.5 0 0 0.758898 0 0 0.4 0.758898 0 0.758898 0.4 0 0.4 0.758898 0 0 0 0.758898 0.4 0 0 0 0.4 0.758898 0.4 0 0 1 0 0 0.5 1 0 1 0.5 0 0.5 1 0 0 0 1 0.5 0 0 0 0.5 1 0.5 0 0 0.758898 0 0 0.4 0.758898 0 0.758898 0.4 0 0.4 0.758898 0 0 0 0.758898 0.4 0 0 0 0.4 0.758898 0.4 0 0 1 0 0 0.5 1 0 1 0.5 0 0.5 1 0 0 0 1 0.5 0 0 0 0.5 1 0.5 0 0 0.758898 0 0 0.4 0.758898 0 0.758898 0.4 0 0.4 0.758898 0 0 0 0.758898 0.4 0 0 0 0.4 0.758898 0.4 0 0 1 0 0 0.5 1 0 1 0.5 0 0.5 1 0 0 0 1 0.5 0 0 0 0.5 1 0.5 0 0 0.758898 0 0 0.4 0.758898 0 0.758898 0.4 0 0.4 0.758898 0 0 0 0.758898 0.4 0 0 0 0.4 0.758898 0.4 0 0 1 0 0 0.5 1 0 1 0.5 0 0.5 1 0 0 0 1 0.5 0 0 0 0.5 1 0.5 0 0 0.758898 0 0 0.4 0.758898 0 0.758898 0.4 0 0.4 0.758898 0 0 0 0.758898 0.4 0 0 0 0.4 0.758898 0.4 0 0 1 0 0 0.5 1 0 1 0.5 0 0.5 1 0 0 0 1 0.5 0 0 0 0.5 1 0.5 0 0 0.758898 0 0 0.4 0.758898 0 0.758898 0.4 0 0.4 0.758898 0 0 0 0.758898 0.4 0 0 0 0.4 0.758898 0.4 -15.5 0.998305 16.5 0.998305 -15.5 0.498305 16.5 0.998305 16.5 0.498305 -15.5 0.498305 16.5 0.998305 -15.5 0.998305 16.5 0.498305 -15.5 0.998305 -15.5 0.498305 16.5 0.498305 0 0 1 0 0 0.5 1 0 1 0.5 0 0.5 1 0 0 0 1 0.5 0 0 0 0.5 1 0.5 0 0 1 0 0 0.5 1 0 1 0.5 0 0.5 1 0 0 0 1 0.5 0 0 0 0.5 1 0.5 0 0 1 0 0 0.5 1 0 1 0.5 0 0.5 1 0 0 0 1 0.5 0 0 0 0.5 1 0.5 0 0 1 0 0 0.5 1 0 1 0.5 0 0.5 1 0 0 0 1 0.5 0 0 0 0.5 1 0.5 0 0 0.758898 0 0 0.4 0.758898 0 0.758898 0.4 0 0.4 0.758898 0 0 0 0.758898 0.4 0 0 0 0.4 0.758898 0.4 0 0 1 0 0 0.5 1 0 1 0.5 0 0.5 1 0 0 0 1 0.5 0 0 0 0.5 1 0.5 0 0 0.758898 0 0 0.4 0.758898 0 0.758898 0.4 0 0.4 0.758898 0 0 0 0.758898 0.4 0 0 0 0.4 0.758898 0.4 0 0 1 0 0 0.5 1 0 1 0.5 0 0.5 1 0 0 0 1 0.5 0 0 0 0.5 1 0.5 0 0 0.758898 0 0 0.4 0.758898 0 0.758898 0.4 0 0.4 0.758898 0 0 0 0.758898 0.4 0 0 0 0.4 0.758898 0.4</float_array>
          <technique_common>
            <accessor source="#ID100-mesh-map-0-array" count="468" stride="2">
              <param name="S" type="float"/>
              <param name="T" type="float"/>
            </accessor>
          </technique_common>
        </source>
        <source id="ID100-mesh-colors-ID106" name="ID106">
          <float_array id="ID100-mesh-colors-ID106-array" count="1872">1 1 1 1 1 1 1 1 0 0 0 1 1 1 1 1 0 0 0 1 0 0 0 1 1 1 1 1 1 1 1 1 0 0 0 1 1 1 1 1 0 0 0 1 0 0 0 1 1 1 1 1 1 1 1 1 0 0 0 1 1 1 1 1 0 0 0 1 0 0 0 1 1 1 1 1 1 1 1 1 0 0 0 1 1 1 1 1 0 0 0 1 0 0 0 1 1 1 1 1 1 1 1 1 0 0 0 1 1 1 1 1 0 0 0 1 0 0 0 1 1 1 1 1 1 1 1 1 0 0 0 1 1 1 1 1 0 0 0 1 0 0 0 1 1 1 1 1 1 1 1 1 0 0 0 1 1 1 1 1 0 0 0 1 0 0 0 1 1 1 1 1 1 1 1 1 0 0 0 1 1 1 1 1 0 0 0 1 0 0 0 1 1 1 1 1 1 1 1 1 0 0 0 1 1 1 1 1 0 0 0 1 0 0 0 1 1 1 1 1 1 1 1 1 0 0 0 1 1 1 1 1 0 0 0 1 0 0 0 1 1 1 1 1 1 1 1 1 0 0 0 1 1 1 1 1 0 0 0 1 0 0 0 1 1 1 1 1 1 1 1 1 0 0 0 1 1 1 1 1 0 0 0 1 0 0 0 1 1 1 1 1 1 1 1 1 0 0 0 1 1 1 1 1 0 0 0 1 0 0 0 1 1 1 1 1 1 1 1 1 0 0 0 1 1 1 1 1 0 0 0 1 0 0 0 1 1 1 1 1 1 1 1 1 0 0 0 1 1 1 1 1 0 0 0 1 0 0 0 1 1 1 1 1 1 1 1 1 0 0 0 1 1 1 1 1 0 0 0 1 0 0 0 1 1 1 1 1 1 1 1 1 0 0 0 1 1 1 1 1 0 0 0 1 0 0 0 1 1 1 1 1 1 1 1 1 0 0 0 1 1 1 1 1 0 0 0 1 0 0 0 1 1 1 1 1 1 1 1 1 0 0 0 1 1 1 1 1 0 0 0 1 0 0 0 1 1 1 1 1 1 1 1 1 0 0 0 1 1 1 1 1 0 0 0 1 0 0 0 1 1 1 1 1 1 1 1 1 0.2901961 0.2901961 0.2901961 1 1 1 1 1 0.2901961 0.2901961 0.2901961 1 0.2901961 0.2901961 0.2901961 1 1 1 1 1 1 1 1 1 0.2901961 0.2901961 0.2901961 1 1 1 1 1 0.2901961 0.2901961 0.2901961 1 0.2901961 0.2901961 0.2901961 1 1 1 1 1 1 1 1 1 0.3137255 0.3137255 0.3137255 1 1 1 1 1 0.3137255 0.3137255 0.3137255 1 0.3137255 0.3137255 0.3137255 1 1 1 1 1 1 1 1 1 0.3137255 0.3137255 0.3137255 1 1 1 1 1 0.3137255 0.3137255 0.3137255 1 0.3137255 0.3137255 0.3137255 1 1 1 1 1 1 1 1 1 0 0 0 1 1 1 1 1 0 0 0 1 0 0 0 1 1 1 1 1 1 1 1 1 0 0 0 1 1 1 1 1 0 0 0 1 0 0 0 1 1 1 1 1 1 1 1 1 0.3137255 0.3137255 0.3137255 1 1 1 1 1 0.3137255 0.3137255 0.3137255 1 0.3137255 0.3137255 0.3137255 1 1 1 1 1 1 1 1 1 0.3137255 0.3137255 0.3137255 1 1 1 1 1 0.3137255 0.3137255 0.3137255 1 0.3137255 0.3137255 0.3137255 1 1 1 1 1 1 1 1 1 0.3137255 0.3137255 0.3137255 1 1 1 1 1 0.3137255 0.3137255 0.3137255 1 0.3137255 0.3137255 0.3137255 1 1 1 1 1 1 1 1 1 0.3137255 0.3137255 0.3137255 1 1 1 1 1 0.3137255 0.3137255 0.3137255 1 0.3137255 0.3137255 0.3137255 1 1 1 1 1 1 1 1 1 0.3137255 0.3137255 0.3137255 1 1 1 1 1 0.3137255 0.3137255 0.3137255 1 0.3137255 0.3137255 0.3137255 1 1 1 1 1 1 1 1 1 0.3137255 0.3137255 0.3137255 1 1 1 1 1 0.3137255 0.3137255 0.3137255 1 0.3137255 0.3137255 0.3137255 1 1 1 1 1 1 1 1 1 0.3137255 0.3137255 0.3137255 1 1 1 1 1 0.3137255 0.3137255 0.3137255 1 0.3137255 0.3137255 0.3137255 1 1 1 1 1 1 1 1 1 0.3137255 0.3137255 0.3137255 1 1 1 1 1 0.3137255 0.3137255 0.3137255 1 0.3137255 0.3137255 0.3137255 1 1 1 1 1 1 1 1 1 0.3137255 0.3137255 0.3137255 1 1 1 1 1 0.3137255 0.3137255 0.3137255 1 0.3137255 0.3137255 0.3137255 1 1 1 1 1 1 1 1 1 0.3137255 0.3137255 0.3137255 1 1 1 1 1 0.3137255 0.3137255 0.3137255 1 0.3137255 0.3137255 0.3137255 1 1 1 1 1 1 1 1 1 0.3137255 0.3137255 0.3137255 1 1 1 1 1 0.3137255 0.3137255 0.3137255 1 0.3137255 0.3137255 0.3137255 1 1 1 1 1 1 1 1 1 0.3137255 0.3137255 0.3137255 1 1 1 1 1 0.3137255 0.3137255 0.3137255 1 0.3137255 0.3137255 0.3137255 1 1 1 1 1 1 1 1 1 0.3137255 0.3137255 0.3137255 1 1 1 1 1 0.3137255 0.3137255 0.3137255 1 0.3137255 0.3137255 0.3137255 1 1 1 1 1 1 1 1 1 0.3137255 0.3137255 0.3137255 1 1 1 1 1 0.3137255 0.3137255 0.3137255 1 0.3137255 0.3137255 0.3137255 1 1 1 1 1 1 1 1 1 0.3137255 0.3137255 0.3137255 1 1 1 1 1 0.3137255 0.3137255 0.3137255 1 0.3137255 0.3137255 0.3137255 1 1 1 1 1 1 1 1 1 0.3137255 0.3137255 0.3137255 1 1 1 1 1 0.3137255 0.3137255 0.3137255 1 0.3137255 0.3137255 0.3137255 1 1 1 1 1 1 1 1 1 0.3137255 0.3137255 0.3137255 1 1 1 1 1 0.3137255 0.3137255 0.3137255 1 0.3137255 0.3137255 0.3137255 1 1 1 1 1 1 1 1 1 0.3137255 0.3137255 0.3137255 1 1 1 1 1 0.3137255 0.3137255 0.3137255 1 0.3137255 0.3137255 0.3137255 1 1 1 1 1 1 1 1 1 0.3137255 0.3137255 0.3137255 1 1 1 1 1 0.3137255 0.3137255 0.3137255 1 0.3137255 0.3137255 0.3137255 1 1 1 1 1 1 1 1 1 0.3137255 0.3137255 0.3137255 1 1 1 1 1 0.3137255 0.3137255 0.3137255 1 0.3137255 0.3137255 0.3137255 1 1 1 1 1 1 1 1 1 0.3137255 0.3137255 0.3137255 1 1 1 1 1 0.3137255 0.3137255 0.3137255 1 0.3137255 0.3137255 0.3137255 1 1 1 1 1 1 1 1 1 0.3137255 0.3137255 0.3137255 1 1 1 1 1 0.3137255 0.3137255 0.3137255 1 0.3137255 0.3137255 0.3137255 1 1 1 1 1 1 1 1 1 0.3137255 0.3137255 0.3137255 1 1 1 1 1 0.3137255 0.3137255 0.3137255 1 0.3137255 0.3137255 0.3137255 1 1 1 1 1 1 1 1 1 0.3137255 0.3137255 0.3137255 1 1 1 1 1 0.3137255 0.3137255 0.3137255 1 0.3137255 0.3137255 0.3137255 1 1 1 1 1 1 1 1 1 0.3137255 0.3137255 0.3137255 1 1 1 1 1 0.3137255 0.3137255 0.3137255 1 0.3137255 0.3137255 0.3137255 1 1 1 1 1 1 1 1 1 0.3137255 0.3137255 0.3137255 1 1 1 1 1 0.3137255 0.3137255 0.3137255 1 0.3137255 0.3137255 0.3137255 1 1 1 1 1 1 1 1 1 0.3137255 0.3137255 0.3137255 1 1 1 1 1 0.3137255 0.3137255 0.3137255 1 0.3137255 0.3137255 0.3137255 1 1 1 1 1 1 1 1 1 0.3137255 0.3137255 0.3137255 1 1 1 1 1 0.3137255 0.3137255 0.3137255 1 0.3137255 0.3137255 0.3137255 1 1 1 1 1 1 1 1 1 0.3137255 0.3137255 0.3137255 1 1 1 1 1 0.3137255 0.3137255 0.3137255 1 0.3137255 0.3137255 0.3137255 1 1 1 1 1 1 1 1 1 0.3137255 0.3137255 0.3137255 1 1 1 1 1 0.3137255 0.3137255 0.3137255 1 0.3137255 0.3137255 0.3137255 1 1 1 1 1 1 1 1 1 0.3137255 0.3137255 0.3137255 1 1 1 1 1 0.3137255 0.3137255 0.3137255 1 0.3137255 0.3137255 0.3137255 1 1 1 1 1 1 1 1 1 0.3137255 0.3137255 0.3137255 1 1 1 1 1 0.3137255 0.3137255 0.3137255 1 0.3137255 0.3137255 0.3137255 1 1 1 1 1 1 1 1 1 0.5137255 0.5137255 0.5137255 1 1 1 1 1 0.5137255 0.5137255 0.5137255 1 0.5137255 0.5137255 0.5137255 1 1 1 1 1 1 1 1 1 0.5137255 0.5137255 0.5137255 1 1 1 1 1 0.5137255 0.5137255 0.5137255 1 0.5137255 0.5137255 0.5137255 1 1 1 1 1 1 1 1 1 0 0 0 1 1 1 1 1 0 0 0 1 0 0 0 1 1 1 1 1 1 1 1 1 0 0 0 1 1 1 1 1 0 0 0 1 0 0 0 1 1 1 1 1 1 1 1 1 0 0 0 1 1 1 1 1 0 0 0 1 0 0 0 1 1 1 1 1 1 1 1 1 0 0 0 1 1 1 1 1 0 0 0 1 0 0 0 1 1 1 1 1 1 1 1 1 0 0 0 1 1 1 1 1 0 0 0 1 0 0 0 1 1 1 1 1 1 1 1 1 0 0 0 1 1 1 1 1 0 0 0 1 0 0 0 1 1 1 1 1 1 1 1 1 0 0 0 1 1 1 1 1 0 0 0 1 0 0 0 1 1 1 1 1 1 1 1 1 0 0 0 1 1 1 1 1 0 0 0 1 0 0 0 1 1 1 1 1 1 1 1 1 0 0 0 1 1 1 1 1 0 0 0 1 0 0 0 1 1 1 1 1 1 1 1 1 0 0 0 1 1 1 1 1 0 0 0 1 0 0 0 1 1 1 1 1 1 1 1 1 0 0 0 1 1 1 1 1 0 0 0 1 0 0 0 1 1 1 1 1 1 1 1 1 0 0 0 1 1 1 1 1 0 0 0 1 0 0 0 1 1 1 1 1 1 1 1 1 0 0 0 1 1 1 1 1 0 0 0 1 0 0 0 1 1 1 1 1 1 1 1 1 0 0 0 1 1 1 1 1 0 0 0 1 0 0 0 1 1 1 1 1 1 1 1 1 0 0 0 1 1 1 1 1 0 0 0 1 0 0 0 1 1 1 1 1 1 1 1 1 0 0 0 1 1 1 1 1 0 0 0 1 0 0 0 1 1 1 1 1 1 1 1 1 0 0 0 1 1 1 1 1 0 0 0 1 0 0 0 1 1 1 1 1 1 1 1 1 0 0 0 1 1 1 1 1 0 0 0 1 0 0 0 1</float_array>
          <technique_common>
            <accessor source="#ID100-mesh-colors-ID106-array" count="468" stride="4">
              <param name="R" type="float"/>
              <param name="G" type="float"/>
              <param name="B" type="float"/>
              <param name="A" type="float"/>
            </accessor>
          </technique_common>
        </source>
        <vertices id="ID100-mesh-vertices">
          <input semantic="POSITION" source="#ID100-mesh-positions"/>
        </vertices>
        <triangles material="GrassMat-material" count="156">
          <input semantic="VERTEX" source="#ID100-mesh-vertices" offset="0"/>
          <input semantic="NORMAL" source="#ID100-mesh-normals" offset="1"/>
          <input semantic="TEXCOORD" source="#ID100-mesh-map-0" offset="2" set="0"/>
          <input semantic="COLOR" source="#ID100-mesh-colors-ID106" offset="3" set="0"/>
          <p>0 0 0 0 1 0 1 1 2 0 2 2 1 0 3 3 3 0 4 4 2 0 5 5 1 0 6 6 4 0 7 7 3 0 8 8 4 0 9 9 5 0 10 10 3 0 11 11 6 0 12 12 7 0 13 13 8 0 14 14 7 0 15 15 9 0 16 16 8 0 17 17 7 0 18 18 10 0 19 19 9 0 20 20 10 0 21 21 11 0 22 22 9 0 23 23 12 0 24 24 13 0 25 25 14 0 26 26 13 0 27 27 15 0 28 28 14 0 29 29 13 0 30 30 16 0 31 31 15 0 32 32 16 0 33 33 17 0 34 34 15 0 35 35 18 0 36 36 19 0 37 37 20 0 38 38 19 0 39 39 21 0 40 40 20 0 41 41 19 0 42 42 22 0 43 43 21 0 44 44 22 0 45 45 23 0 46 46 21 0 47 47 24 0 48 48 25 0 49 49 26 0 50 50 25 0 51 51 27 0 52 52 26 0 53 53 25 0 54 54 28 0 55 55 27 0 56 56 28 0 57 57 29 0 58 58 27 0 59 59 30 0 60 60 31 0 61 61 32 0 62 62 31 0 63 63 33 0 64 64 32 0 65 65 31 0 66 66 34 0 67 67 33 0 68 68 34 0 69 69 35 0 70 70 33 0 71 71 36 0 72 72 37 0 73 73 38 0 74 74 37 0 75 75 39 0 76 76 38 0 77 77 37 0 78 78 40 0 79 79 39 0 80 80 40 0 81 81 41 0 82 82 39 0 83 83 42 0 84 84 43 0 85 85 44 0 86 86 43 0 87 87 45 0 88 88 44 0 89 89 43 0 90 90 46 0 91 91 45 0 92 92 46 0 93 93 47 0 94 94 45 0 95 95 48 0 96 96 49 0 97 97 50 0 98 98 49 0 99 99 51 0 100 100 50 0 101 101 49 0 102 102 52 0 103 103 51 0 104 104 52 0 105 105 53 0 106 106 51 0 107 107 54 0 108 108 55 0 109 109 56 0 110 110 55 0 111 111 57 0 112 112 56 0 113 113 55 0 114 114 58 0 115 115 57 0 116 116 58 0 117 117 59 0 118 118 57 0 119 119 60 0 120 120 61 0 121 121 62 0 122 122 61 0 123 123 63 0 124 124 62 0 125 125 61 0 126 126 64 0 127 127 63 0 128 128 64 0 129 129 65 0 130 130 63 0 131 131 66 0 132 132 67 0 133 133 68 0 134 134 67 0 135 135 69 0 136 136 68 0 137 137 67 0 138 138 70 0 139 139 69 0 140 140 70 0 141 141 71 0 142 142 69 0 143 143 72 0 144 144 73 0 145 145 74 0 146 146 73 0 147 147 75 0 148 148 74 0 149 149 73 0 150 150 76 0 151 151 75 0 152 152 76 0 153 153 77 0 154 154 75 0 155 155 78 0 156 156 79 0 157 157 80 0 158 158 79 0 159 159 81 0 160 160 80 0 161 161 79 0 162 162 82 0 163 163 81 0 164 164 82 0 165 165 83 0 166 166 81 0 167 167 84 0 168 168 85 0 169 169 86 0 170 170 85 0 171 171 87 0 172 172 86 0 173 173 85 0 174 174 88 0 175 175 87 0 176 176 88 0 177 177 89 0 178 178 87 0 179 179 90 0 180 180 91 0 181 181 92 0 182 182 91 0 183 183 93 0 184 184 92 0 185 185 91 0 186 186 94 0 187 187 93 0 188 188 94 0 189 189 95 0 190 190 93 0 191 191 96 0 192 192 97 0 193 193 98 0 194 194 97 0 195 195 99 0 196 196 98 0 197 197 97 0 198 198 100 0 199 199 99 0 200 200 100 0 201 201 101 0 202 202 99 0 203 203 102 0 204 204 103 0 205 205 104 0 206 206 103 0 207 207 105 0 208 208 104 0 209 209 103 0 210 210 106 0 211 211 105 0 212 212 106 0 213 213 107 0 214 214 105 0 215 215 108 0 216 216 109 0 217 217 110 0 218 218 109 0 219 219 111 0 220 220 110 0 221 221 109 0 222 222 112 0 223 223 111 0 224 224 112 0 225 225 113 0 226 226 111 0 227 227 114 0 228 228 115 0 229 229 116 0 230 230 115 0 231 231 117 0 232 232 116 0 233 233 115 0 234 234 118 0 235 235 117 0 236 236 118 0 237 237 119 0 238 238 117 0 239 239 120 0 240 240 121 0 241 241 122 0 242 242 121 0 243 243 123 0 244 244 122 0 245 245 121 0 246 246 124 0 247 247 123 0 248 248 124 0 249 249 125 0 250 250 123 0 251 251 126 0 252 252 127 0 253 253 128 0 254 254 127 0 255 255 129 0 256 256 128 0 257 257 127 0 258 258 130 0 259 259 129 0 260 260 130 0 261 261 131 0 262 262 129 0 263 263 132 0 264 264 133 0 265 265 134 0 266 266 133 0 267 267 135 0 268 268 134 0 269 269 133 0 270 270 136 0 271 271 135 0 272 272 136 0 273 273 137 0 274 274 135 0 275 275 138 0 276 276 139 0 277 277 140 0 278 278 139 0 279 279 141 0 280 280 140 0 281 281 139 0 282 282 142 0 283 283 141 0 284 284 142 0 285 285 143 0 286 286 141 0 287 287 144 0 288 288 145 0 289 289 146 0 290 290 145 0 291 291 147 0 292 292 146 0 293 293 145 0 294 294 148 0 295 295 147 0 296 296 148 0 297 297 149 0 298 298 147 0 299 299 150 0 300 300 151 0 301 301 152 0 302 302 151 0 303 303 153 0 304 304 152 0 305 305 151 0 306 306 154 0 307 307 153 0 308 308 154 0 309 309 155 0 310 310 153 0 311 311 156 0 312 312 157 0 313 313 158 0 314 314 157 0 315 315 159 0 316 316 158 0 317 317 157 0 318 318 160 0 319 319 159 0 320 320 160 0 321 321 161 0 322 322 159 0 323 323 162 0 324 324 163 0 325 325 164 0 326 326 163 0 327 327 165 0 328 328 164 0 329 329 163 0 330 330 166 0 331 331 165 0 332 332 166 0 333 333 167 0 334 334 165 0 335 335 168 0 336 336 169 0 337 337 170 0 338 338 169 0 339 339 171 0 340 340 170 0 341 341 169 0 342 342 172 0 343 343 171 0 344 344 172 0 345 345 173 0 346 346 171 0 347 347 174 0 348 348 175 0 349 349 176 0 350 350 175 0 351 351 177 0 352 352 176 0 353 353 175 0 354 354 178 0 355 355 177 0 356 356 178 0 357 357 179 0 358 358 177 0 359 359 180 0 360 360 181 0 361 361 182 0 362 362 181 0 363 363 183 0 364 364 182 0 365 365 181 0 366 366 184 0 367 367 183 0 368 368 184 0 369 369 185 0 370 370 183 0 371 371 186 0 372 372 187 0 373 373 188 0 374 374 187 0 375 375 189 0 376 376 188 0 377 377 187 0 378 378 190 0 379 379 189 0 380 380 190 0 381 381 191 0 382 382 189 0 383 383 192 0 384 384 193 0 385 385 194 0 386 386 193 0 387 387 195 0 388 388 194 0 389 389 193 0 390 390 196 0 391 391 195 0 392 392 196 0 393 393 197 0 394 394 195 0 395 395 198 0 396 396 199 0 397 397 200 0 398 398 199 0 399 399 201 0 400 400 200 0 401 401 199 0 402 402 202 0 403 403 201 0 404 404 202 0 405 405 203 0 406 406 201 0 407 407 204 0 408 408 205 0 409 409 206 0 410 410 205 0 411 411 207 0 412 412 206 0 413 413 205 0 414 414 208 0 415 415 207 0 416 416 208 0 417 417 209 0 418 418 207 0 419 419 210 0 420 420 211 0 421 421 212 0 422 422 211 0 423 423 213 0 424 424 212 0 425 425 211 0 426 426 214 0 427 427 213 0 428 428 214 0 429 429 215 0 430 430 213 0 431 431 216 0 432 432 217 0 433 433 218 0 434 434 217 0 435 435 219 0 436 436 218 0 437 437 217 0 438 438 220 0 439 439 219 0 440 440 220 0 441 441 221 0 442 442 219 0 443 443 222 0 444 444 223 0 445 445 224 0 446 446 223 0 447 447 225 0 448 448 224 0 449 449 223 0 450 450 226 0 451 451 225 0 452 452 226 0 453 453 227 0 454 454 225 0 455 455 228 0 456 456 229 0 457 457 230 0 458 458 229 0 459 459 231 0 460 460 230 0 461 461 229 0 462 462 232 0 463 463 231 0 464 464 232 0 465 465 233 0 466 466 231 0 467 467</p>
        </triangles>
      </mesh>
    </geometry>
    <geometry id="ID92-mesh" name="ID92">
      <mesh>
        <source id="ID92-mesh-positions">
          <float_array id="ID92-mesh-positions-array" count="12">-5716.115 -50 -122.078 -5322.144 -50 800 5716.115 -50 -122.078 5322.144 -50 800</float_array>
          <technique_common>
            <accessor source="#ID92-mesh-positions-array" count="4" stride="3">
              <param name="X" type="float"/>
              <param name="Y" type="float"/>
              <param name="Z" type="float"/>
            </accessor>
          </technique_common>
        </source>
        <source id="ID92-mesh-normals">
          <float_array id="ID92-mesh-normals-array" count="12">0 1 0 0 1 0 0 1 0 0 1 0</float_array>
          <technique_common>
            <accessor source="#ID92-mesh-normals-array" count="4" stride="3">
              <param name="X" type="float"/>
              <param name="Y" type="float"/>
              <param name="Z" type="float"/>
            </accessor>
          </technique_common>
        </source>
        <source id="ID92-mesh-map-0">
          <float_array id="ID92-mesh-map-0-array" count="12">-23.9252 -11.0062 -22.2418 -15.3749 24.9252 -11.0062 -22.2418 -15.3749 23.2418 -15.3749 24.9252 -11.0062</float_array>
          <technique_common>
            <accessor source="#ID92-mesh-map-0-array" count="6" stride="2">
              <param name="S" type="float"/>
              <param name="T" type="float"/>
            </accessor>
          </technique_common>
        </source>
        <source id="ID92-mesh-colors-ID98" name="ID98">
          <float_array id="ID92-mesh-colors-ID98-array" count="24">0.1647059 0.1647059 0.1647059 1 0 0 0 1 0.1647059 0.1647059 0.1647059 1 0 0 0 1 0 0 0 1 0.1647059 0.1647059 0.1647059 1</float_array>
          <technique_common>
            <accessor source="#ID92-mesh-colors-ID98-array" count="6" stride="4">
              <param name="R" type="float"/>
              <param name="G" type="float"/>
              <param name="B" type="float"/>
              <param name="A" type="float"/>
            </accessor>
          </technique_common>
        </source>
        <vertices id="ID92-mesh-vertices">
          <input semantic="POSITION" source="#ID92-mesh-positions"/>
        </vertices>
        <triangles material="FloorFrontMat-material" count="2">
          <input semantic="VERTEX" source="#ID92-mesh-vertices" offset="0"/>
          <input semantic="NORMAL" source="#ID92-mesh-normals" offset="1"/>
          <input semantic="TEXCOORD" source="#ID92-mesh-map-0" offset="2" set="0"/>
          <input semantic="COLOR" source="#ID92-mesh-colors-ID98" offset="3" set="0"/>
          <p>0 0 0 0 1 1 1 1 2 2 2 2 1 1 3 3 3 3 4 4 2 2 5 5</p>
        </triangles>
      </mesh>
    </geometry>
    <geometry id="ID84-mesh" name="ID84">
      <mesh>
        <source id="ID84-mesh-positions">
          <float_array id="ID84-mesh-positions-array" count="24">-7715.362 -50 -5701.28 7715.362 -50 -5701.28 -7715.362 -50 -5901.28 7715.362 -50 -5901.28 -7715.362 -50 -4801.28 -5716.115 -50 -122.078 7715.362 -50 -4801.28 5716.115 -50 -122.078</float_array>
          <technique_common>
            <accessor source="#ID84-mesh-positions-array" count="8" stride="3">
              <param name="X" type="float"/>
              <param name="Y" type="float"/>
              <param name="Z" type="float"/>
            </accessor>
          </technique_common>
        </source>
        <source id="ID84-mesh-normals">
          <float_array id="ID84-mesh-normals-array" count="12">0 1 0 0 1 0 0 1 0 0 1 0</float_array>
          <technique_common>
            <accessor source="#ID84-mesh-normals-array" count="4" stride="3">
              <param name="X" type="float"/>
              <param name="Y" type="float"/>
              <param name="Z" type="float"/>
            </accessor>
          </technique_common>
        </source>
        <source id="ID84-mesh-map-0">
          <float_array id="ID84-mesh-map-0-array" count="36">-32.4681 15.4273 33.4681 15.4273 -32.4681 16.3749 33.4681 11.1632 33.4681 15.4273 -32.4681 15.4273 -32.4681 11.1632 33.4681 11.1632 -32.4681 15.4273 -32.4681 11.1632 -23.9252 -11.0062 33.4681 11.1632 -23.9252 -11.0062 24.9252 -11.0062 33.4681 11.1632 33.4681 15.4273 33.4681 16.3749 -32.4681 16.3749</float_array>
          <technique_common>
            <accessor source="#ID84-mesh-map-0-array" count="18" stride="2">
              <param name="S" type="float"/>
              <param name="T" type="float"/>
            </accessor>
          </technique_common>
        </source>
        <source id="ID84-mesh-colors-ID90" name="ID90">
          <float_array id="ID84-mesh-colors-ID90-array" count="72">1 1 1 1 1 1 1 1 1 1 1 1 1 1 1 1 1 1 1 1 1 1 1 1 1 1 1 1 1 1 1 1 1 1 1 1 1 1 1 1 0.1647059 0.1647059 0.1647059 1 1 1 1 1 0.1647059 0.1647059 0.1647059 1 0.1647059 0.1647059 0.1647059 1 1 1 1 1 1 1 1 1 1 1 1 1 1 1 1 1</float_array>
          <technique_common>
            <accessor source="#ID84-mesh-colors-ID90-array" count="18" stride="4">
              <param name="R" type="float"/>
              <param name="G" type="float"/>
              <param name="B" type="float"/>
              <param name="A" type="float"/>
            </accessor>
          </technique_common>
        </source>
        <vertices id="ID84-mesh-vertices">
          <input semantic="POSITION" source="#ID84-mesh-positions"/>
        </vertices>
        <triangles material="FloorMat-material" count="6">
          <input semantic="VERTEX" source="#ID84-mesh-vertices" offset="0"/>
          <input semantic="NORMAL" source="#ID84-mesh-normals" offset="1"/>
          <input semantic="TEXCOORD" source="#ID84-mesh-map-0" offset="2" set="0"/>
          <input semantic="COLOR" source="#ID84-mesh-colors-ID90" offset="3" set="0"/>
          <p>0 0 0 0 1 0 1 1 2 0 2 2 6 1 3 3 1 0 4 4 0 0 5 5 4 0 6 6 6 1 7 7 0 0 8 8 4 0 9 9 5 2 10 10 6 1 11 11 5 2 12 12 7 3 13 13 6 1 14 14 1 0 15 15 3 0 16 16 2 0 17 17</p>
        </triangles>
      </mesh>
    </geometry>
    <geometry id="ID76-mesh" name="ID76">
      <mesh>
        <source id="ID76-mesh-positions">
          <float_array id="ID76-mesh-positions-array" count="45">-2456.124 -100.1475 -4750.582 -12.56072 -100.1475 -4750.582 -1234.342 1121.634 -4750.582 -4623.237 -100.1475 -4806.918 -3103.639 -100.1475 -4806.918 -3863.438 659.6516 -4806.918 -6578.339 -100.1475 -4720.441 -4134.776 -100.1475 -4720.441 -5356.558 1121.634 -4720.441 1159.784 -100.1475 -4806.918 2919.287 -100.1475 -4806.918 2039.536 779.6042 -4806.918 6326.491 -100.1475 -4755.871 5104.71 1121.634 -4755.871 3882.928 -100.1475 -4755.871</float_array>
          <technique_common>
            <accessor source="#ID76-mesh-positions-array" count="15" stride="3">
              <param name="X" type="float"/>
              <param name="Y" type="float"/>
              <param name="Z" type="float"/>
            </accessor>
          </technique_common>
        </source>
        <source id="ID76-mesh-normals">
          <float_array id="ID76-mesh-normals-array" count="3">0 0 1</float_array>
          <technique_common>
            <accessor source="#ID76-mesh-normals-array" count="1" stride="3">
              <param name="X" type="float"/>
              <param name="Y" type="float"/>
              <param name="Z" type="float"/>
            </accessor>
          </technique_common>
        </source>
        <source id="ID76-mesh-map-0">
          <float_array id="ID76-mesh-map-0-array" count="30">0 0 2 0 1 1 0 0 2 0 1 1 0 0 2 0 1 1 0 0 2 0 1 1 2 0 1 1 0 0</float_array>
          <technique_common>
            <accessor source="#ID76-mesh-map-0-array" count="15" stride="2">
              <param name="S" type="float"/>
              <param name="T" type="float"/>
            </accessor>
          </technique_common>
        </source>
        <source id="ID76-mesh-colors-ID82" name="ID82">
          <float_array id="ID76-mesh-colors-ID82-array" count="60">1 1 1 1 1 1 1 1 0.04313725 0.04313725 0.04313725 1 1 1 1 1 1 1 1 1 0.1843137 0.1843137 0.1843137 1 1 1 1 1 1 1 1 1 0.04313725 0.04313725 0.04313725 1 1 1 1 1 1 1 1 1 0.2392157 0.2392157 0.2392157 1 1 1 1 1 0.04313725 0.04313725 0.04313725 1 1 1 1 1</float_array>
          <technique_common>
            <accessor source="#ID76-mesh-colors-ID82-array" count="15" stride="4">
              <param name="R" type="float"/>
              <param name="G" type="float"/>
              <param name="B" type="float"/>
              <param name="A" type="float"/>
            </accessor>
          </technique_common>
        </source>
        <vertices id="ID76-mesh-vertices">
          <input semantic="POSITION" source="#ID76-mesh-positions"/>
        </vertices>
        <triangles material="MountainMat-material" count="5">
          <input semantic="VERTEX" source="#ID76-mesh-vertices" offset="0"/>
          <input semantic="NORMAL" source="#ID76-mesh-normals" offset="1"/>
          <input semantic="TEXCOORD" source="#ID76-mesh-map-0" offset="2" set="0"/>
          <input semantic="COLOR" source="#ID76-mesh-colors-ID82" offset="3" set="0"/>
          <p>0 0 0 0 1 0 1 1 2 0 2 2 3 0 3 3 4 0 4 4 5 0 5 5 6 0 6 6 7 0 7 7 8 0 8 8 9 0 9 9 10 0 10 10 11 0 11 11 12 0 12 12 13 0 13 13 14 0 14 14</p>
        </triangles>
      </mesh>
    </geometry>
    <geometry id="ID68-mesh" name="ID68">
      <mesh>
        <source id="ID68-mesh-positions">
          <float_array id="ID68-mesh-positions-array" count="72">-1201.694 308.2128 -2316.798 -237.7683 308.2128 -2316.798 -1201.694 388.8539 -2316.798 -237.7683 388.8539 -2316.798 -1983.659 550 -1097.716 332.781 550 -1097.716 -1983.659 683.791 -1097.716 332.781 683.791 -1097.716 -3726.32 393.411 -1027.138 -2229.876 393.411 -1027.138 -3726.32 507.202 -1027.138 -2229.876 507.202 -1027.138 2123.68 500.007 -3154.64 4440.12 500.007 -3154.64 2123.68 693.7979 -3154.64 4440.12 693.7979 -3154.64 343.6801 724.781 -930.364 2660.12 724.781 -930.364 343.6801 858.572 -930.364 2660.12 858.572 -930.364 -486.3199 438.738 -1407.484 1010.124 438.738 -1407.484 -486.3199 552.529 -1407.484 1010.124 552.529 -1407.484</float_array>
          <technique_common>
            <accessor source="#ID68-mesh-positions-array" count="24" stride="3">
              <param name="X" type="float"/>
              <param name="Y" type="float"/>
              <param name="Z" type="float"/>
            </accessor>
          </technique_common>
        </source>
        <source id="ID68-mesh-normals">
          <float_array id="ID68-mesh-normals-array" count="3">0 0 1</float_array>
          <technique_common>
            <accessor source="#ID68-mesh-normals-array" count="1" stride="3">
              <param name="X" type="float"/>
              <param name="Y" type="float"/>
              <param name="Z" type="float"/>
            </accessor>
          </technique_common>
        </source>
        <source id="ID68-mesh-map-0">
          <float_array id="ID68-mesh-map-0-array" count="72">0.109059 -0.004101216 0.973247 -0.004101216 0.109059 0.224862 0.973247 -0.004101216 0.973247 0.224862 0.109059 0.224862 -0.003630816 0.323999 1.00167 0.323999 -0.003630816 0.598077 1.00167 0.323999 1.00167 0.598077 -0.003630816 0.598077 0.006527841 0.697214 0.997812 0.697214 0.006527841 0.971291 0.997812 0.697214 0.997812 0.971291 0.006527841 0.971291 0.109059 -0.004101216 0.973247 -0.004101216 0.109059 0.224862 0.973247 -0.004101216 0.973247 0.224862 0.109059 0.224862 -0.003630816 0.323999 1.00167 0.323999 -0.003630816 0.598077 1.00167 0.323999 1.00167 0.598077 -0.003630816 0.598077 0.006527841 0.697214 0.997812 0.697214 0.006527841 0.971291 0.997812 0.697214 0.997812 0.971291 0.006527841 0.971291</float_array>
          <technique_common>
            <accessor source="#ID68-mesh-map-0-array" count="36" stride="2">
              <param name="S" type="float"/>
              <param name="T" type="float"/>
            </accessor>
          </technique_common>
        </source>
        <source id="ID68-mesh-colors-ID74" name="ID74">
          <float_array id="ID68-mesh-colors-ID74-array" count="144">1 1 1 1 1 1 1 1 0 0 0 1 1 1 1 1 0 0 0 1 0 0 0 1 1 1 1 1 1 1 1 1 0 0 0 1 1 1 1 1 0 0 0 1 0 0 0 1 1 1 1 1 1 1 1 1 0 0 0 1 1 1 1 1 0 0 0 1 0 0 0 1 1 1 1 1 1 1 1 1 0 0 0 1 1 1 1 1 0 0 0 1 0 0 0 1 1 1 1 1 1 1 1 1 0 0 0 1 1 1 1 1 0 0 0 1 0 0 0 1 1 1 1 1 1 1 1 1 0 0 0 1 1 1 1 1 0 0 0 1 0 0 0 1</float_array>
          <technique_common>
            <accessor source="#ID68-mesh-colors-ID74-array" count="36" stride="4">
              <param name="R" type="float"/>
              <param name="G" type="float"/>
              <param name="B" type="float"/>
              <param name="A" type="float"/>
            </accessor>
          </technique_common>
        </source>
        <vertices id="ID68-mesh-vertices">
          <input semantic="POSITION" source="#ID68-mesh-positions"/>
        </vertices>
        <triangles material="LineCloudMat-material" count="12">
          <input semantic="VERTEX" source="#ID68-mesh-vertices" offset="0"/>
          <input semantic="NORMAL" source="#ID68-mesh-normals" offset="1"/>
          <input semantic="TEXCOORD" source="#ID68-mesh-map-0" offset="2" set="0"/>
          <input semantic="COLOR" source="#ID68-mesh-colors-ID74" offset="3" set="0"/>
          <p>0 0 0 0 1 0 1 1 2 0 2 2 1 0 3 3 3 0 4 4 2 0 5 5 4 0 6 6 5 0 7 7 6 0 8 8 5 0 9 9 7 0 10 10 6 0 11 11 8 0 12 12 9 0 13 13 10 0 14 14 9 0 15 15 11 0 16 16 10 0 17 17 12 0 18 18 13 0 19 19 14 0 20 20 13 0 21 21 15 0 22 22 14 0 23 23 16 0 24 24 17 0 25 25 18 0 26 26 17 0 27 27 19 0 28 28 18 0 29 29 20 0 30 30 21 0 31 31 22 0 32 32 21 0 33 33 23 0 34 34 22 0 35 35</p>
        </triangles>
      </mesh>
    </geometry>
    <geometry id="ID60-mesh" name="ID60">
      <mesh>
        <source id="ID60-mesh-positions">
          <float_array id="ID60-mesh-positions-array" count="18">-8261.632 315.418 -5322.3 8261.632 315.418 -5322.3 -8261.632 1904.986 -5322.3 8261.632 1904.986 -5322.3 -8261.632 -50 -5322.3 8261.632 -50 -5322.3</float_array>
          <technique_common>
            <accessor source="#ID60-mesh-positions-array" count="6" stride="3">
              <param name="X" type="float"/>
              <param name="Y" type="float"/>
              <param name="Z" type="float"/>
            </accessor>
          </technique_common>
        </source>
        <source id="ID60-mesh-normals">
          <float_array id="ID60-mesh-normals-array" count="3">0 0 1</float_array>
          <technique_common>
            <accessor source="#ID60-mesh-normals-array" count="1" stride="3">
              <param name="X" type="float"/>
              <param name="Y" type="float"/>
              <param name="Z" type="float"/>
            </accessor>
          </technique_common>
        </source>
        <source id="ID60-mesh-map-0">
          <float_array id="ID60-mesh-map-0-array" count="24">-1.12866 0.1 1.12866 0.1 -1.12866 1 1.12866 0 1.12866 0.1 -1.12866 0.1 -1.12866 0 1.12866 0 -1.12866 0.1 1.12866 0.1 1.12866 1 -1.12866 1</float_array>
          <technique_common>
            <accessor source="#ID60-mesh-map-0-array" count="12" stride="2">
              <param name="S" type="float"/>
              <param name="T" type="float"/>
            </accessor>
          </technique_common>
        </source>
        <source id="ID60-mesh-colors-ID66" name="ID66">
          <float_array id="ID60-mesh-colors-ID66-array" count="48">0.2705882 0.2705882 0.2705882 1 0.2705882 0.2705882 0.2705882 1 0 0 0 1 1 1 1 1 0.2705882 0.2705882 0.2705882 1 0.2705882 0.2705882 0.2705882 1 1 1 1 1 1 1 1 1 0.2705882 0.2705882 0.2705882 1 0.2705882 0.2705882 0.2705882 1 0 0 0 1 0 0 0 1</float_array>
          <technique_common>
            <accessor source="#ID60-mesh-colors-ID66-array" count="12" stride="4">
              <param name="R" type="float"/>
              <param name="G" type="float"/>
              <param name="B" type="float"/>
              <param name="A" type="float"/>
            </accessor>
          </technique_common>
        </source>
        <vertices id="ID60-mesh-vertices">
          <input semantic="POSITION" source="#ID60-mesh-positions"/>
        </vertices>
        <triangles material="CloudMat-material" count="4">
          <input semantic="VERTEX" source="#ID60-mesh-vertices" offset="0"/>
          <input semantic="NORMAL" source="#ID60-mesh-normals" offset="1"/>
          <input semantic="TEXCOORD" source="#ID60-mesh-map-0" offset="2" set="0"/>
          <input semantic="COLOR" source="#ID60-mesh-colors-ID66" offset="3" set="0"/>
          <p>0 0 0 0 1 0 1 1 2 0 2 2 5 0 3 3 1 0 4 4 0 0 5 5 4 0 6 6 5 0 7 7 0 0 8 8 1 0 9 9 3 0 10 10 2 0 11 11</p>
        </triangles>
      </mesh>
    </geometry>
    <geometry id="ID52-mesh" name="ID52">
      <mesh>
        <source id="ID52-mesh-positions">
          <float_array id="ID52-mesh-positions-array" count="24">-7715.362 1021.4 -5901.28 7715.362 1021.4 -5901.28 -7715.362 2049.05 -5901.28 7715.362 2049.05 -5901.28 -7715.362 -50 -5901.28 7715.362 -50 -5901.28 -7715.362 150 -5901.28 7715.362 150 -5901.28</float_array>
          <technique_common>
            <accessor source="#ID52-mesh-positions-array" count="8" stride="3">
              <param name="X" type="float"/>
              <param name="Y" type="float"/>
              <param name="Z" type="float"/>
            </accessor>
          </technique_common>
        </source>
        <source id="ID52-mesh-normals">
          <float_array id="ID52-mesh-normals-array" count="3">0 0 1</float_array>
          <technique_common>
            <accessor source="#ID52-mesh-normals-array" count="1" stride="3">
              <param name="X" type="float"/>
              <param name="Y" type="float"/>
              <param name="Z" type="float"/>
            </accessor>
          </technique_common>
        </source>
        <source id="ID52-mesh-map-0">
          <float_array id="ID52-mesh-map-0-array" count="36">-5.52392 -5.19742 3.76138 -5.19742 -5.52392 -4.56491 3.76138 -5.73376 3.76138 -5.19742 -5.52392 -5.19742 -5.52392 -5.73376 3.76138 -5.73376 -5.52392 -5.19742 3.76138 -5.85249 3.76138 -5.73376 -5.52392 -5.73376 -5.52392 -5.85249 3.76138 -5.85249 -5.52392 -5.73376 3.76138 -5.19742 3.76138 -4.56492 -5.52392 -4.56491</float_array>
          <technique_common>
            <accessor source="#ID52-mesh-map-0-array" count="18" stride="2">
              <param name="S" type="float"/>
              <param name="T" type="float"/>
            </accessor>
          </technique_common>
        </source>
        <source id="ID52-mesh-colors-ID58" name="ID58">
          <float_array id="ID52-mesh-colors-ID58-array" count="72">0.345098 0.345098 0.345098 0.627451 0.345098 0.345098 0.345098 0.627451 0 0 0 0 1 1 1 1 0.345098 0.345098 0.345098 0.627451 0.345098 0.345098 0.345098 0.627451 1 1 1 1 1 1 1 1 0.345098 0.345098 0.345098 0.627451 1 1 1 1 1 1 1 1 1 1 1 1 1 1 1 1 1 1 1 1 1 1 1 1 0.345098 0.345098 0.345098 0.627451 0 0 0 0 0 0 0 0</float_array>
          <technique_common>
            <accessor source="#ID52-mesh-colors-ID58-array" count="18" stride="4">
              <param name="R" type="float"/>
              <param name="G" type="float"/>
              <param name="B" type="float"/>
              <param name="A" type="float"/>
            </accessor>
          </technique_common>
        </source>
        <vertices id="ID52-mesh-vertices">
          <input semantic="POSITION" source="#ID52-mesh-positions"/>
        </vertices>
        <triangles material="SkyMat-material" count="6">
          <input semantic="VERTEX" source="#ID52-mesh-vertices" offset="0"/>
          <input semantic="NORMAL" source="#ID52-mesh-normals" offset="1"/>
          <input semantic="TEXCOORD" source="#ID52-mesh-map-0" offset="2" set="0"/>
          <input semantic="COLOR" source="#ID52-mesh-colors-ID58" offset="3" set="0"/>
          <p>0 0 0 0 1 0 1 1 2 0 2 2 7 0 3 3 1 0 4 4 0 0 5 5 6 0 6 6 7 0 7 7 0 0 8 8 5 0 9 9 7 0 10 10 6 0 11 11 4 0 12 12 5 0 13 13 6 0 14 14 1 0 15 15 3 0 16 16 2 0 17 17</p>
        </triangles>
      </mesh>
    </geometry>
  </library_geometries>
  <library_visual_scenes>
    <visual_scene id="Scene" name="Scene">
      <node id="CourseBackGroundW4_009" name="CourseBackGroundW4.009" type="NODE">
        <matrix sid="transform">1 0 0 0 0 7.54979e-8 -1 0 0 1 7.54979e-8 0 0 0 0 1</matrix>
        <instance_geometry url="#ID124-mesh" name="CourseBackGroundW4.009">
          <bind_material>
            <technique_common>
              <instance_material symbol="LeafMat-material" target="#LeafMat-material">
                <bind_vertex_input semantic="ID128" input_semantic="TEXCOORD" input_set="0"/>
              </instance_material>
            </technique_common>
          </bind_material>
        </instance_geometry>
      </node>
      <node id="CourseBackGroundW4_008" name="CourseBackGroundW4.008" type="NODE">
        <matrix sid="transform">1 0 0 0 0 7.54979e-8 -1 0 0 1 7.54979e-8 0 0 0 0 1</matrix>
        <instance_geometry url="#ID116-mesh" name="CourseBackGroundW4.008">
          <bind_material>
            <technique_common>
              <instance_material symbol="KinookoMiniMat-material" target="#KinookoMiniMat-material">
                <bind_vertex_input semantic="ID120" input_semantic="TEXCOORD" input_set="0"/>
              </instance_material>
            </technique_common>
          </bind_material>
        </instance_geometry>
      </node>
      <node id="CourseBackGroundW4_007" name="CourseBackGroundW4.007" type="NODE">
        <matrix sid="transform">1 0 0 0 0 7.54979e-8 -1 0 0 1 7.54979e-8 0 0 0 0 1</matrix>
        <instance_geometry url="#ID108-mesh" name="CourseBackGroundW4.007">
          <bind_material>
            <technique_common>
              <instance_material symbol="KinokoMat-material" target="#KinokoMat-material">
                <bind_vertex_input semantic="ID112" input_semantic="TEXCOORD" input_set="0"/>
              </instance_material>
            </technique_common>
          </bind_material>
        </instance_geometry>
      </node>
      <node id="CourseBackGroundW4_006" name="CourseBackGroundW4.006" type="NODE">
        <matrix sid="transform">1 0 0 0 0 7.54979e-8 -1 0 0 1 7.54979e-8 0 0 0 0 1</matrix>
        <instance_geometry url="#ID100-mesh" name="CourseBackGroundW4.006">
          <bind_material>
            <technique_common>
              <instance_material symbol="GrassMat-material" target="#GrassMat-material">
                <bind_vertex_input semantic="ID104" input_semantic="TEXCOORD" input_set="0"/>
              </instance_material>
            </technique_common>
          </bind_material>
        </instance_geometry>
      </node>
      <node id="CourseBackGroundW4_005" name="CourseBackGroundW4.005" type="NODE">
        <matrix sid="transform">1 0 0 0 0 7.54979e-8 -1 0 0 1 7.54979e-8 0 0 0 0 1</matrix>
        <instance_geometry url="#ID92-mesh" name="CourseBackGroundW4.005">
          <bind_material>
            <technique_common>
              <instance_material symbol="FloorFrontMat-material" target="#FloorFrontMat-material">
                <bind_vertex_input semantic="ID96" input_semantic="TEXCOORD" input_set="0"/>
              </instance_material>
            </technique_common>
          </bind_material>
        </instance_geometry>
      </node>
      <node id="CourseBackGroundW4_004" name="CourseBackGroundW4.004" type="NODE">
        <matrix sid="transform">1 0 0 0 0 7.54979e-8 -1 0 0 1 7.54979e-8 0 0 0 0 1</matrix>
        <instance_geometry url="#ID84-mesh" name="CourseBackGroundW4.004">
          <bind_material>
            <technique_common>
              <instance_material symbol="FloorMat-material" target="#FloorMat-material">
                <bind_vertex_input semantic="ID88" input_semantic="TEXCOORD" input_set="0"/>
              </instance_material>
            </technique_common>
          </bind_material>
        </instance_geometry>
      </node>
      <node id="CourseBackGroundW4_003" name="CourseBackGroundW4.003" type="NODE">
        <matrix sid="transform">1 0 0 0 0 7.54979e-8 -1 0 0 1 7.54979e-8 0 0 0 0 1</matrix>
        <instance_geometry url="#ID76-mesh" name="CourseBackGroundW4.003">
          <bind_material>
            <technique_common>
              <instance_material symbol="MountainMat-material" target="#MountainMat-material">
                <bind_vertex_input semantic="ID80" input_semantic="TEXCOORD" input_set="0"/>
              </instance_material>
            </technique_common>
          </bind_material>
        </instance_geometry>
      </node>
      <node id="CourseBackGroundW4_002" name="CourseBackGroundW4.002" type="NODE">
        <matrix sid="transform">1 0 0 0 0 7.54979e-8 -1 0 0 1 7.54979e-8 0 0 0 0 1</matrix>
        <instance_geometry url="#ID68-mesh" name="CourseBackGroundW4.002">
          <bind_material>
            <technique_common>
              <instance_material symbol="LineCloudMat-material" target="#LineCloudMat-material">
                <bind_vertex_input semantic="ID72" input_semantic="TEXCOORD" input_set="0"/>
              </instance_material>
            </technique_common>
          </bind_material>
        </instance_geometry>
      </node>
      <node id="CourseBackGroundW4_001" name="CourseBackGroundW4.001" type="NODE">
        <matrix sid="transform">1 0 0 0 0 7.54979e-8 -1 0 0 1 7.54979e-8 0 0 0 0 1</matrix>
        <instance_geometry url="#ID60-mesh" name="CourseBackGroundW4.001">
          <bind_material>
            <technique_common>
              <instance_material symbol="CloudMat-material" target="#CloudMat-material">
                <bind_vertex_input semantic="ID64" input_semantic="TEXCOORD" input_set="0"/>
              </instance_material>
            </technique_common>
          </bind_material>
        </instance_geometry>
      </node>
      <node id="CourseBackGroundW4" name="CourseBackGroundW4" type="NODE">
        <matrix sid="transform">1 0 0 0 0 7.54979e-8 -1 0 0 1 7.54979e-8 0 0 0 0 1</matrix>
        <instance_geometry url="#ID52-mesh" name="CourseBackGroundW4">
          <bind_material>
            <technique_common>
              <instance_material symbol="SkyMat-material" target="#SkyMat-material">
                <bind_vertex_input semantic="ID56" input_semantic="TEXCOORD" input_set="0"/>
              </instance_material>
            </technique_common>
          </bind_material>
        </instance_geometry>
      </node>
    </visual_scene>
  </library_visual_scenes>
  <scene>
    <instance_visual_scene url="#Scene"/>
  </scene>
</COLLADA>